{"type": "FeatureCollection", "features": [{"type": "Feature", "geometry": {"type": "Polygon", "coordinates": [[[0.0, 5.0], [0.0, 7.5], [2.5, 7.5], [2.5, 5.0], [0.0, 5.0]]]}, "properties": {"cell_id": "0_38", "lon": 1.25, "lat": 6.25}}, {"type": "Feature", "geometry": {"type": "Polygon", "coordinates": [[[0.0, 7.5], [0.0, 10.0], [2.5, 10.0], [2.5, 7.5], [0.0, 7.5]]]}, "properties": {"cell_id": "0_39", "lon": 1.25, "lat": 8.75}}, {"type": "Feature", "geometry": {"type": "Polygon", "coordinates": [[[0.0, 10.0], [0.0, 12.5], [2.5, 12.5], [2.5, 10.0], [0.0, 10.0]]]}, "properties": {"cell_id": "0_40", "lon": 1.25, "lat": 11.25}}, {"type": "Feature", "geometry": {"type": "Polygon", "coordinates": [[[0.0, 12.5], [0.0, 15.0], [2.5, 15.0], [2.5, 12.5], [0.0, 12.5]]]}, "properties": {"cell_id": "0_41", "lon": 1.25, "lat": 13.75}}, {"type": "Feature", "geometry": {"type": "Polygon", "coordinates": [[[0.0, 15.0], [0.0, 17.5], [2.5, 17.5], [2.5, 15.0], [0.0, 15.0]]]}, "properties": {"cell_id": "0_42", "lon": 1.25, "lat": 16.25}}, {"type": "Feature", "geometry": {"type": "Polygon", "coordinates": [[[0.0, 17.5], [0.0, 20.0], [2.5, 20.0], [2.5, 17.5], [0.0, 17.5]]]}, "properties": {"cell_id": "0_43", "lon": 1.25, "lat": 18.75}}, {"type": "Feature", "geometry": {"type": "Polygon", "coordinates": [[[0.0, 20.0], [0.0, 22.5], [2.5, 22.5], [2.5, 20.0], [0.0, 20.0]]]}, "properties": {"cell_id": "0_44", "lon": 1.25, "lat": 21.25}}, {"type": "Feature", "geometry": {"type": "Polygon", "coordinates": [[[0.0, 22.5], [0.0, 25.0], [2.5, 25.0], [2.5, 22.5], [0.0, 22.5]]]}, "properties": {"cell_id": "0_45", "lon": 1.25, "lat": 23.75}}, {"type": "Feature", "geometry": {"type": "Polygon", "coordinates": [[[0.0, 25.0], [0.0, 27.5], [2.5, 27.5], [2.5, 25.0], [0.0, 25.0]]]}, "properties": {"cell_id": "0_46", "lon": 1.25, "lat": 26.25}}, {"type": "Feature", "geometry": {"type": "Polygon", "coordinates": [[[0.0, 27.5], [0.0, 30.0], [2.5, 30.0], [2.5, 27.5], [0.0, 27.5]]]}, "properties": {"cell_id": "0_47", "lon": 1.25, "lat": 28.75}}, {"type": "Feature", "geometry": {"type": "Polygon", "coordinates": [[[0.0, 30.0], [0.0, 32.5], [2.5, 32.5], [2.5, 30.0], [0.0, 30.0]]]}, "properties": {"cell_id": "0_48", "lon": 1.25, "lat": 31.25}}, {"type": "Feature", "geometry": {"type": "Polygon", "coordinates": [[[0.0, 32.5], [0.0, 35.0], [2.5, 35.0], [2.5, 32.5], [0.0, 32.5]]]}, "properties": {"cell_id": "0_49", "lon": 1.25, "lat": 33.75}}, {"type": "Feature", "geometry": {"type": "Polygon", "coordinates": [[[0.0, 35.0], [0.0, 37.5], [2.5, 37.5], [2.5, 35.0], [0.0, 35.0]]]}, "properties": {"cell_id": "0_50", "lon": 1.25, "lat": 36.25}}, {"type": "Feature", "geometry": {"type": "Polygon", "coordinates": [[[0.0, 40.0], [0.0, 42.5], [2.5, 42.5], [2.5, 40.0], [0.0, 40.0]]]}, "properties": {"cell_id": "0_52", "lon": 1.25, "lat": 41.25}}, {"type": "Feature", "geometry": {"type": "Polygon", "coordinates": [[[0.0, 42.5], [0.0, 45.0], [2.5, 45.0], [2.5, 42.5], [0.0, 42.5]]]}, "properties": {"cell_id": "0_53", "lon": 1.25, "lat": 43.75}}, {"type": "Feature", "geometry": {"type": "Polygon", "coordinates": [[[0.0, 45.0], [0.0, 47.5], [2.5, 47.5], [2.5, 45.0], [0.0, 45.0]]]}, "properties": {"cell_id": "0_54", "lon": 1.25, "lat": 46.25}}, {"type": "Feature", "geometry": {"type": "Polygon", "coordinates": [[[0.0, 47.5], [0.0, 50.0], [2.5, 50.0], [2.5, 47.5], [0.0, 47.5]]]}, "properties": {"cell_id": "0_55", "lon": 1.25, "lat": 48.75}}, {"type": "Feature", "geometry": {"type": "Polygon", "coordinates": [[[0.0, 50.0], [0.0, 52.5], [2.5, 52.5], [2.5, 50.0], [0.0, 50.0]]]}, "properties": {"cell_id": "0_56", "lon": 1.25, "lat": 51.25}}, {"type": "Feature", "geometry": {"type": "Polygon", "coordinates": [[[2.5, 7.5], [2.5, 10.0], [5.0, 10.0], [5.0, 7.5], [2.5, 7.5]]]}, "properties": {"cell_id": "1_39", "lon": 3.75, "lat": 8.75}}, {"type": "Feature", "geometry": {"type": "Polygon", "coordinates": [[[2.5, 10.0], [2.5, 12.5], [5.0, 12.5], [5.0, 10.0], [2.5, 10.0]]]}, "properties": {"cell_id": "1_40", "lon": 3.75, "lat": 11.25}}, {"type": "Feature", "geometry": {"type": "Polygon", "coordinates": [[[2.5, 12.5], [2.5, 15.0], [5.0, 15.0], [5.0, 12.5], [2.5, 12.5]]]}, "properties": {"cell_id": "1_41", "lon": 3.75, "lat": 13.75}}, {"type": "Feature", "geometry": {"type": "Polygon", "coordinates": [[[2.5, 15.0], [2.5, 17.5], [5.0, 17.5], [5.0, 15.0], [2.5, 15.0]]]}, "properties": {"cell_id": "1_42", "lon": 3.75, "lat": 16.25}}, {"type": "Feature", "geometry": {"type": "Polygon", "coordinates": [[[2.5, 17.5], [2.5, 20.0], [5.0, 20.0], [5.0, 17.5], [2.5, 17.5]]]}, "properties": {"cell_id": "1_43", "lon": 3.75, "lat": 18.75}}, {"type": "Feature", "geometry": {"type": "Polygon", "coordinates": [[[2.5, 20.0], [2.5, 22.5], [5.0, 22.5], [5.0, 20.0], [2.5, 20.0]]]}, "properties": {"cell_id": "1_44", "lon": 3.75, "lat": 21.25}}, {"type": "Feature", "geometry": {"type": "Polygon", "coordinates": [[[2.5, 22.5], [2.5, 25.0], [5.0, 25.0], [5.0, 22.5], [2.5, 22.5]]]}, "properties": {"cell_id": "1_45", "lon": 3.75, "lat": 23.75}}, {"type": "Feature", "geometry": {"type": "Polygon", "coordinates": [[[2.5, 25.0], [2.5, 27.5], [5.0, 27.5], [5.0, 25.0], [2.5, 25.0]]]}, "properties": {"cell_id": "1_46", "lon": 3.75, "lat": 26.25}}, {"type": "Feature", "geometry": {"type": "Polygon", "coordinates": [[[2.5, 27.5], [2.5, 30.0], [5.0, 30.0], [5.0, 27.5], [2.5, 27.5]]]}, "properties": {"cell_id": "1_47", "lon": 3.75, "lat": 28.75}}, {"type": "Feature", "geometry": {"type": "Polygon", "coordinates": [[[2.5, 30.0], [2.5, 32.5], [5.0, 32.5], [5.0, 30.0], [2.5, 30.0]]]}, "properties": {"cell_id": "1_48", "lon": 3.75, "lat": 31.25}}, {"type": "Feature", "geometry": {"type": "Polygon", "coordinates": [[[2.5, 32.5], [2.5, 35.0], [5.0, 35.0], [5.0, 32.5], [2.5, 32.5]]]}, "properties": {"cell_id": "1_49", "lon": 3.75, "lat": 33.75}}, {"type": "Feature", "geometry": {"type": "Polygon", "coordinates": [[[2.5, 35.0], [2.5, 37.5], [5.0, 37.5], [5.0, 35.0], [2.5, 35.0]]]}, "properties": {"cell_id": "1_50", "lon": 3.75, "lat": 36.25}}, {"type": "Feature", "geometry": {"type": "Polygon", "coordinates": [[[2.5, 42.5], [2.5, 45.0], [5.0, 45.0], [5.0, 42.5], [2.5, 42.5]]]}, "properties": {"cell_id": "1_53", "lon": 3.75, "lat": 43.75}}, {"type": "Feature", "geometry": {"type": "Polygon", "coordinates": [[[2.5, 45.0], [2.5, 47.5], [5.0, 47.5], [5.0, 45.0], [2.5, 45.0]]]}, "properties": {"cell_id": "1_54", "lon": 3.75, "lat": 46.25}}, {"type": "Feature", "geometry": {"type": "Polygon", "coordinates": [[[2.5, 47.5], [2.5, 50.0], [5.0, 50.0], [5.0, 47.5], [2.5, 47.5]]]}, "properties": {"cell_id": "1_55", "lon": 3.75, "lat": 48.75}}, {"type": "Feature", "geometry": {"type": "Polygon", "coordinates": [[[2.5, 50.0], [2.5, 52.5], [5.0, 52.5], [5.0, 50.0], [2.5, 50.0]]]}, "properties": {"cell_id": "1_56", "lon": 3.75, "lat": 51.25}}, {"type": "Feature", "geometry": {"type": "Polygon", "coordinates": [[[5.0, 5.0], [5.0, 7.5], [7.5, 7.5], [7.5, 5.0], [5.0, 5.0]]]}, "properties": {"cell_id": "2_38", "lon": 6.25, "lat": 6.25}}, {"type": "Feature", "geometry": {"type": "Polygon", "coordinates": [[[5.0, 7.5], [5.0, 10.0], [7.5, 10.0], [7.5, 7.5], [5.0, 7.5]]]}, "properties": {"cell_id": "2_39", "lon": 6.25, "lat": 8.75}}, {"type": "Feature", "geometry": {"type": "Polygon", "coordinates": [[[5.0, 10.0], [5.0, 12.5], [7.5, 12.5], [7.5, 10.0], [5.0, 10.0]]]}, "properties": {"cell_id": "2_40", "lon": 6.25, "lat": 11.25}}, {"type": "Feature", "geometry": {"type": "Polygon", "coordinates": [[[5.0, 12.5], [5.0, 15.0], [7.5, 15.0], [7.5, 12.5], [5.0, 12.5]]]}, "properties": {"cell_id": "2_41", "lon": 6.25, "lat": 13.75}}, {"type": "Feature", "geometry": {"type": "Polygon", "coordinates": [[[5.0, 15.0], [5.0, 17.5], [7.5, 17.5], [7.5, 15.0], [5.0, 15.0]]]}, "properties": {"cell_id": "2_42", "lon": 6.25, "lat": 16.25}}, {"type": "Feature", "geometry": {"type": "Polygon", "coordinates": [[[5.0, 17.5], [5.0, 20.0], [7.5, 20.0], [7.5, 17.5], [5.0, 17.5]]]}, "properties": {"cell_id": "2_43", "lon": 6.25, "lat": 18.75}}, {"type": "Feature", "geometry": {"type": "Polygon", "coordinates": [[[5.0, 20.0], [5.0, 22.5], [7.5, 22.5], [7.5, 20.0], [5.0, 20.0]]]}, "properties": {"cell_id": "2_44", "lon": 6.25, "lat": 21.25}}, {"type": "Feature", "geometry": {"type": "Polygon", "coordinates": [[[5.0, 22.5], [5.0, 25.0], [7.5, 25.0], [7.5, 22.5], [5.0, 22.5]]]}, "properties": {"cell_id": "2_45", "lon": 6.25, "lat": 23.75}}, {"type": "Feature", "geometry": {"type": "Polygon", "coordinates": [[[5.0, 25.0], [5.0, 27.5], [7.5, 27.5], [7.5, 25.0], [5.0, 25.0]]]}, "properties": {"cell_id": "2_46", "lon": 6.25, "lat": 26.25}}, {"type": "Feature", "geometry": {"type": "Polygon", "coordinates": [[[5.0, 27.5], [5.0, 30.0], [7.5, 30.0], [7.5, 27.5], [5.0, 27.5]]]}, "properties": {"cell_id": "2_47", "lon": 6.25, "lat": 28.75}}, {"type": "Feature", "geometry": {"type": "Polygon", "coordinates": [[[5.0, 30.0], [5.0, 32.5], [7.5, 32.5], [7.5, 30.0], [5.0, 30.0]]]}, "properties": {"cell_id": "2_48", "lon": 6.25, "lat": 31.25}}, {"type": "Feature", "geometry": {"type": "Polygon", "coordinates": [[[5.0, 32.5], [5.0, 35.0], [7.5, 35.0], [7.5, 32.5], [5.0, 32.5]]]}, "properties": {"cell_id": "2_49", "lon": 6.25, "lat": 33.75}}, {"type": "Feature", "geometry": {"type": "Polygon", "coordinates": [[[5.0, 35.0], [5.0, 37.5], [7.5, 37.5], [7.5, 35.0], [5.0, 35.0]]]}, "properties": {"cell_id": "2_50", "lon": 6.25, "lat": 36.25}}, {"type": "Feature", "geometry": {"type": "Polygon", "coordinates": [[[5.0, 42.5], [5.0, 45.0], [7.5, 45.0], [7.5, 42.5], [5.0, 42.5]]]}, "properties": {"cell_id": "2_53", "lon": 6.25, "lat": 43.75}}, {"type": "Feature", "geometry": {"type": "Polygon", "coordinates": [[[5.0, 45.0], [5.0, 47.5], [7.5, 47.5], [7.5, 45.0], [5.0, 45.0]]]}, "properties": {"cell_id": "2_54", "lon": 6.25, "lat": 46.25}}, {"type": "Feature", "geometry": {"type": "Polygon", "coordinates": [[[5.0, 47.5], [5.0, 50.0], [7.5, 50.0], [7.5, 47.5], [5.0, 47.5]]]}, "properties": {"cell_id": "2_55", "lon": 6.25, "lat": 48.75}}, {"type": "Feature", "geometry": {"type": "Polygon", "coordinates": [[[5.0, 50.0], [5.0, 52.5], [7.5, 52.5], [7.5, 50.0], [5.0, 50.0]]]}, "properties": {"cell_id": "2_56", "lon": 6.25, "lat": 51.25}}, {"type": "Feature", "geometry": {"type": "Polygon", "coordinates": [[[5.0, 57.5], [5.0, 60.0], [7.5, 60.0], [7.5, 57.5], [5.0, 57.5]]]}, "properties": {"cell_id": "2_59", "lon": 6.25, "lat": 58.75}}, {"type": "Feature", "geometry": {"type": "Polygon", "coordinates": [[[5.0, 60.0], [5.0, 62.5], [7.5, 62.5], [7.5, 60.0], [5.0, 60.0]]]}, "properties": {"cell_id": "2_60", "lon": 6.25, "lat": 61.25}}, {"type": "Feature", "geometry": {"type": "Polygon", "coordinates": [[[7.5, 5.0], [7.5, 7.5], [10.0, 7.5], [10.0, 5.0], [7.5, 5.0]]]}, "properties": {"cell_id": "3_38", "lon": 8.75, "lat": 6.25}}, {"type": "Feature", "geometry": {"type": "Polygon", "coordinates": [[[7.5, 7.5], [7.5, 10.0], [10.0, 10.0], [10.0, 7.5], [7.5, 7.5]]]}, "properties": {"cell_id": "3_39", "lon": 8.75, "lat": 8.75}}, {"type": "Feature", "geometry": {"type": "Polygon", "coordinates": [[[7.5, 10.0], [7.5, 12.5], [10.0, 12.5], [10.0, 10.0], [7.5, 10.0]]]}, "properties": {"cell_id": "3_40", "lon": 8.75, "lat": 11.25}}, {"type": "Feature", "geometry": {"type": "Polygon", "coordinates": [[[7.5, 12.5], [7.5, 15.0], [10.0, 15.0], [10.0, 12.5], [7.5, 12.5]]]}, "properties": {"cell_id": "3_41", "lon": 8.75, "lat": 13.75}}, {"type": "Feature", "geometry": {"type": "Polygon", "coordinates": [[[7.5, 15.0], [7.5, 17.5], [10.0, 17.5], [10.0, 15.0], [7.5, 15.0]]]}, "properties": {"cell_id": "3_42", "lon": 8.75, "lat": 16.25}}, {"type": "Feature", "geometry": {"type": "Polygon", "coordinates": [[[7.5, 17.5], [7.5, 20.0], [10.0, 20.0], [10.0, 17.5], [7.5, 17.5]]]}, "properties": {"cell_id": "3_43", "lon": 8.75, "lat": 18.75}}, {"type": "Feature", "geometry": {"type": "Polygon", "coordinates": [[[7.5, 20.0], [7.5, 22.5], [10.0, 22.5], [10.0, 20.0], [7.5, 20.0]]]}, "properties": {"cell_id": "3_44", "lon": 8.75, "lat": 21.25}}, {"type": "Feature", "geometry": {"type": "Polygon", "coordinates": [[[7.5, 22.5], [7.5, 25.0], [10.0, 25.0], [10.0, 22.5], [7.5, 22.5]]]}, "properties": {"cell_id": "3_45", "lon": 8.75, "lat": 23.75}}, {"type": "Feature", "geometry": {"type": "Polygon", "coordinates": [[[7.5, 25.0], [7.5, 27.5], [10.0, 27.5], [10.0, 25.0], [7.5, 25.0]]]}, "properties": {"cell_id": "3_46", "lon": 8.75, "lat": 26.25}}, {"type": "Feature", "geometry": {"type": "Polygon", "coordinates": [[[7.5, 27.5], [7.5, 30.0], [10.0, 30.0], [10.0, 27.5], [7.5, 27.5]]]}, "properties": {"cell_id": "3_47", "lon": 8.75, "lat": 28.75}}, {"type": "Feature", "geometry": {"type": "Polygon", "coordinates": [[[7.5, 30.0], [7.5, 32.5], [10.0, 32.5], [10.0, 30.0], [7.5, 30.0]]]}, "properties": {"cell_id": "3_48", "lon": 8.75, "lat": 31.25}}, {"type": "Feature", "geometry": {"type": "Polygon", "coordinates": [[[7.5, 32.5], [7.5, 35.0], [10.0, 35.0], [10.0, 32.5], [7.5, 32.5]]]}, "properties": {"cell_id": "3_49", "lon": 8.75, "lat": 33.75}}, {"type": "Feature", "geometry": {"type": "Polygon", "coordinates": [[[7.5, 35.0], [7.5, 37.5], [10.0, 37.5], [10.0, 35.0], [7.5, 35.0]]]}, "properties": {"cell_id": "3_50", "lon": 8.75, "lat": 36.25}}, {"type": "Feature", "geometry": {"type": "Polygon", "coordinates": [[[7.5, 45.0], [7.5, 47.5], [10.0, 47.5], [10.0, 45.0], [7.5, 45.0]]]}, "properties": {"cell_id": "3_54", "lon": 8.75, "lat": 46.25}}, {"type": "Feature", "geometry": {"type": "Polygon", "coordinates": [[[7.5, 47.5], [7.5, 50.0], [10.0, 50.0], [10.0, 47.5], [7.5, 47.5]]]}, "properties": {"cell_id": "3_55", "lon": 8.75, "lat": 48.75}}, {"type": "Feature", "geometry": {"type": "Polygon", "coordinates": [[[7.5, 50.0], [7.5, 52.5], [10.0, 52.5], [10.0, 50.0], [7.5, 50.0]]]}, "properties": {"cell_id": "3_56", "lon": 8.75, "lat": 51.25}}, {"type": "Feature", "geometry": {"type": "Polygon", "coordinates": [[[7.5, 52.5], [7.5, 55.0], [10.0, 55.0], [10.0, 52.5], [7.5, 52.5]]]}, "properties": {"cell_id": "3_57", "lon": 8.75, "lat": 53.75}}, {"type": "Feature", "geometry": {"type": "Polygon", "coordinates": [[[7.5, 55.0], [7.5, 57.5], [10.0, 57.5], [10.0, 55.0], [7.5, 55.0]]]}, "properties": {"cell_id": "3_58", "lon": 8.75, "lat": 56.25}}, {"type": "Feature", "geometry": {"type": "Polygon", "coordinates": [[[7.5, 57.5], [7.5, 60.0], [10.0, 60.0], [10.0, 57.5], [7.5, 57.5]]]}, "properties": {"cell_id": "3_59", "lon": 8.75, "lat": 58.75}}, {"type": "Feature", "geometry": {"type": "Polygon", "coordinates": [[[7.5, 60.0], [7.5, 62.5], [10.0, 62.5], [10.0, 60.0], [7.5, 60.0]]]}, "properties": {"cell_id": "3_60", "lon": 8.75, "lat": 61.25}}, {"type": "Feature", "geometry": {"type": "Polygon", "coordinates": [[[10.0, -5.0], [10.0, -2.5], [12.5, -2.5], [12.5, -5.0], [10.0, -5.0]]]}, "properties": {"cell_id": "4_34", "lon": 11.25, "lat": -3.75}}, {"type": "Feature", "geometry": {"type": "Polygon", "coordinates": [[[10.0, -2.5], [10.0, 0.0], [12.5, 0.0], [12.5, -2.5], [10.0, -2.5]]]}, "properties": {"cell_id": "4_35", "lon": 11.25, "lat": -1.25}}, {"type": "Feature", "geometry": {"type": "Polygon", "coordinates": [[[10.0, 0.0], [10.0, 2.5], [12.5, 2.5], [12.5, 0.0], [10.0, 0.0]]]}, "properties": {"cell_id": "4_36", "lon": 11.25, "lat": 1.25}}, {"type": "Feature", "geometry": {"type": "Polygon", "coordinates": [[[10.0, 2.5], [10.0, 5.0], [12.5, 5.0], [12.5, 2.5], [10.0, 2.5]]]}, "properties": {"cell_id": "4_37", "lon": 11.25, "lat": 3.75}}, {"type": "Feature", "geometry": {"type": "Polygon", "coordinates": [[[10.0, 5.0], [10.0, 7.5], [12.5, 7.5], [12.5, 5.0], [10.0, 5.0]]]}, "properties": {"cell_id": "4_38", "lon": 11.25, "lat": 6.25}}, {"type": "Feature", "geometry": {"type": "Polygon", "coordinates": [[[10.0, 7.5], [10.0, 10.0], [12.5, 10.0], [12.5, 7.5], [10.0, 7.5]]]}, "properties": {"cell_id": "4_39", "lon": 11.25, "lat": 8.75}}, {"type": "Feature", "geometry": {"type": "Polygon", "coordinates": [[[10.0, 10.0], [10.0, 12.5], [12.5, 12.5], [12.5, 10.0], [10.0, 10.0]]]}, "properties": {"cell_id": "4_40", "lon": 11.25, "lat": 11.25}}, {"type": "Feature", "geometry": {"type": "Polygon", "coordinates": [[[10.0, 12.5], [10.0, 15.0], [12.5, 15.0], [12.5, 12.5], [10.0, 12.5]]]}, "properties": {"cell_id": "4_41", "lon": 11.25, "lat": 13.75}}, {"type": "Feature", "geometry": {"type": "Polygon", "coordinates": [[[10.0, 15.0], [10.0, 17.5], [12.5, 17.5], [12.5, 15.0], [10.0, 15.0]]]}, "properties": {"cell_id": "4_42", "lon": 11.25, "lat": 16.25}}, {"type": "Feature", "geometry": {"type": "Polygon", "coordinates": [[[10.0, 17.5], [10.0, 20.0], [12.5, 20.0], [12.5, 17.5], [10.0, 17.5]]]}, "properties": {"cell_id": "4_43", "lon": 11.25, "lat": 18.75}}, {"type": "Feature", "geometry": {"type": "Polygon", "coordinates": [[[10.0, 20.0], [10.0, 22.5], [12.5, 22.5], [12.5, 20.0], [10.0, 20.0]]]}, "properties": {"cell_id": "4_44", "lon": 11.25, "lat": 21.25}}, {"type": "Feature", "geometry": {"type": "Polygon", "coordinates": [[[10.0, 22.5], [10.0, 25.0], [12.5, 25.0], [12.5, 22.5], [10.0, 22.5]]]}, "properties": {"cell_id": "4_45", "lon": 11.25, "lat": 23.75}}, {"type": "Feature", "geometry": {"type": "Polygon", "coordinates": [[[10.0, 25.0], [10.0, 27.5], [12.5, 27.5], [12.5, 25.0], [10.0, 25.0]]]}, "properties": {"cell_id": "4_46", "lon": 11.25, "lat": 26.25}}, {"type": "Feature", "geometry": {"type": "Polygon", "coordinates": [[[10.0, 27.5], [10.0, 30.0], [12.5, 30.0], [12.5, 27.5], [10.0, 27.5]]]}, "properties": {"cell_id": "4_47", "lon": 11.25, "lat": 28.75}}, {"type": "Feature", "geometry": {"type": "Polygon", "coordinates": [[[10.0, 30.0], [10.0, 32.5], [12.5, 32.5], [12.5, 30.0], [10.0, 30.0]]]}, "properties": {"cell_id": "4_48", "lon": 11.25, "lat": 31.25}}, {"type": "Feature", "geometry": {"type": "Polygon", "coordinates": [[[10.0, 42.5], [10.0, 45.0], [12.5, 45.0], [12.5, 42.5], [10.0, 42.5]]]}, "properties": {"cell_id": "4_53", "lon": 11.25, "lat": 43.75}}, {"type": "Feature", "geometry": {"type": "Polygon", "coordinates": [[[10.0, 45.0], [10.0, 47.5], [12.5, 47.5], [12.5, 45.0], [10.0, 45.0]]]}, "properties": {"cell_id": "4_54", "lon": 11.25, "lat": 46.25}}, {"type": "Feature", "geometry": {"type": "Polygon", "coordinates": [[[10.0, 47.5], [10.0, 50.0], [12.5, 50.0], [12.5, 47.5], [10.0, 47.5]]]}, "properties": {"cell_id": "4_55", "lon": 11.25, "lat": 48.75}}, {"type": "Feature", "geometry": {"type": "Polygon", "coordinates": [[[10.0, 50.0], [10.0, 52.5], [12.5, 52.5], [12.5, 50.0], [10.0, 50.0]]]}, "properties": {"cell_id": "4_56", "lon": 11.25, "lat": 51.25}}, {"type": "Feature", "geometry": {"type": "Polygon", "coordinates": [[[10.0, 52.5], [10.0, 55.0], [12.5, 55.0], [12.5, 52.5], [10.0, 52.5]]]}, "properties": {"cell_id": "4_57", "lon": 11.25, "lat": 53.75}}, {"type": "Feature", "geometry": {"type": "Polygon", "coordinates": [[[10.0, 57.5], [10.0, 60.0], [12.5, 60.0], [12.5, 57.5], [10.0, 57.5]]]}, "properties": {"cell_id": "4_59", "lon": 11.25, "lat": 58.75}}, {"type": "Feature", "geometry": {"type": "Polygon", "coordinates": [[[10.0, 60.0], [10.0, 62.5], [12.5, 62.5], [12.5, 60.0], [10.0, 60.0]]]}, "properties": {"cell_id": "4_60", "lon": 11.25, "lat": 61.25}}, {"type": "Feature", "geometry": {"type": "Polygon", "coordinates": [[[10.0, 62.5], [10.0, 65.0], [12.5, 65.0], [12.5, 62.5], [10.0, 62.5]]]}, "properties": {"cell_id": "4_61", "lon": 11.25, "lat": 63.75}}, {"type": "Feature", "geometry": {"type": "Polygon", "coordinates": [[[12.5, -22.5], [12.5, -20.0], [15.0, -20.0], [15.0, -22.5], [12.5, -22.5]]]}, "properties": {"cell_id": "5_27", "lon": 13.75, "lat": -21.25}}, {"type": "Feature", "geometry": {"type": "Polygon", "coordinates": [[[12.5, -20.0], [12.5, -17.5], [15.0, -17.5], [15.0, -20.0], [12.5, -20.0]]]}, "properties": {"cell_id": "5_28", "lon": 13.75, "lat": -18.75}}, {"type": "Feature", "geometry": {"type": "Polygon", "coordinates": [[[12.5, -17.5], [12.5, -15.0], [15.0, -15.0], [15.0, -17.5], [12.5, -17.5]]]}, "properties": {"cell_id": "5_29", "lon": 13.75, "lat": -16.25}}, {"type": "Feature", "geometry": {"type": "Polygon", "coordinates": [[[12.5, -15.0], [12.5, -12.5], [15.0, -12.5], [15.0, -15.0], [12.5, -15.0]]]}, "properties": {"cell_id": "5_30", "lon": 13.75, "lat": -13.75}}, {"type": "Feature", "geometry": {"type": "Polygon", "coordinates": [[[12.5, -12.5], [12.5, -10.0], [15.0, -10.0], [15.0, -12.5], [12.5, -12.5]]]}, "properties": {"cell_id": "5_31", "lon": 13.75, "lat": -11.25}}, {"type": "Feature", "geometry": {"type": "Polygon", "coordinates": [[[12.5, -10.0], [12.5, -7.5], [15.0, -7.5], [15.0, -10.0], [12.5, -10.0]]]}, "properties": {"cell_id": "5_32", "lon": 13.75, "lat": -8.75}}, {"type": "Feature", "geometry": {"type": "Polygon", "coordinates": [[[12.5, -7.5], [12.5, -5.0], [15.0, -5.0], [15.0, -7.5], [12.5, -7.5]]]}, "properties": {"cell_id": "5_33", "lon": 13.75, "lat": -6.25}}, {"type": "Feature", "geometry": {"type": "Polygon", "coordinates": [[[12.5, -5.0], [12.5, -2.5], [15.0, -2.5], [15.0, -5.0], [12.5, -5.0]]]}, "properties": {"cell_id": "5_34", "lon": 13.75, "lat": -3.75}}, {"type": "Feature", "geometry": {"type": "Polygon", "coordinates": [[[12.5, -2.5], [12.5, 0.0], [15.0, 0.0], [15.0, -2.5], [12.5, -2.5]]]}, "properties": {"cell_id": "5_35", "lon": 13.75, "lat": -1.25}}, {"type": "Feature", "geometry": {"type": "Polygon", "coordinates": [[[12.5, 0.0], [12.5, 2.5], [15.0, 2.5], [15.0, 0.0], [12.5, 0.0]]]}, "properties": {"cell_id": "5_36", "lon": 13.75, "lat": 1.25}}, {"type": "Feature", "geometry": {"type": "Polygon", "coordinates": [[[12.5, 2.5], [12.5, 5.0], [15.0, 5.0], [15.0, 2.5], [12.5, 2.5]]]}, "properties": {"cell_id": "5_37", "lon": 13.75, "lat": 3.75}}, {"type": "Feature", "geometry": {"type": "Polygon", "coordinates": [[[12.5, 5.0], [12.5, 7.5], [15.0, 7.5], [15.0, 5.0], [12.5, 5.0]]]}, "properties": {"cell_id": "5_38", "lon": 13.75, "lat": 6.25}}, {"type": "Feature", "geometry": {"type": "Polygon", "coordinates": [[[12.5, 7.5], [12.5, 10.0], [15.0, 10.0], [15.0, 7.5], [12.5, 7.5]]]}, "properties": {"cell_id": "5_39", "lon": 13.75, "lat": 8.75}}, {"type": "Feature", "geometry": {"type": "Polygon", "coordinates": [[[12.5, 10.0], [12.5, 12.5], [15.0, 12.5], [15.0, 10.0], [12.5, 10.0]]]}, "properties": {"cell_id": "5_40", "lon": 13.75, "lat": 11.25}}, {"type": "Feature", "geometry": {"type": "Polygon", "coordinates": [[[12.5, 12.5], [12.5, 15.0], [15.0, 15.0], [15.0, 12.5], [12.5, 12.5]]]}, "properties": {"cell_id": "5_41", "lon": 13.75, "lat": 13.75}}, {"type": "Feature", "geometry": {"type": "Polygon", "coordinates": [[[12.5, 15.0], [12.5, 17.5], [15.0, 17.5], [15.0, 15.0], [12.5, 15.0]]]}, "properties": {"cell_id": "5_42", "lon": 13.75, "lat": 16.25}}, {"type": "Feature", "geometry": {"type": "Polygon", "coordinates": [[[12.5, 17.5], [12.5, 20.0], [15.0, 20.0], [15.0, 17.5], [12.5, 17.5]]]}, "properties": {"cell_id": "5_43", "lon": 13.75, "lat": 18.75}}, {"type": "Feature", "geometry": {"type": "Polygon", "coordinates": [[[12.5, 20.0], [12.5, 22.5], [15.0, 22.5], [15.0, 20.0], [12.5, 20.0]]]}, "properties": {"cell_id": "5_44", "lon": 13.75, "lat": 21.25}}, {"type": "Feature", "geometry": {"type": "Polygon", "coordinates": [[[12.5, 22.5], [12.5, 25.0], [15.0, 25.0], [15.0, 22.5], [12.5, 22.5]]]}, "properties": {"cell_id": "5_45", "lon": 13.75, "lat": 23.75}}, {"type": "Feature", "geometry": {"type": "Polygon", "coordinates": [[[12.5, 25.0], [12.5, 27.5], [15.0, 27.5], [15.0, 25.0], [12.5, 25.0]]]}, "properties": {"cell_id": "5_46", "lon": 13.75, "lat": 26.25}}, {"type": "Feature", "geometry": {"type": "Polygon", "coordinates": [[[12.5, 27.5], [12.5, 30.0], [15.0, 30.0], [15.0, 27.5], [12.5, 27.5]]]}, "properties": {"cell_id": "5_47", "lon": 13.75, "lat": 28.75}}, {"type": "Feature", "geometry": {"type": "Polygon", "coordinates": [[[12.5, 30.0], [12.5, 32.5], [15.0, 32.5], [15.0, 30.0], [12.5, 30.0]]]}, "properties": {"cell_id": "5_48", "lon": 13.75, "lat": 31.25}}, {"type": "Feature", "geometry": {"type": "Polygon", "coordinates": [[[12.5, 40.0], [12.5, 42.5], [15.0, 42.5], [15.0, 40.0], [12.5, 40.0]]]}, "properties": {"cell_id": "5_52", "lon": 13.75, "lat": 41.25}}, {"type": "Feature", "geometry": {"type": "Polygon", "coordinates": [[[12.5, 45.0], [12.5, 47.5], [15.0, 47.5], [15.0, 45.0], [12.5, 45.0]]]}, "properties": {"cell_id": "5_54", "lon": 13.75, "lat": 46.25}}, {"type": "Feature", "geometry": {"type": "Polygon", "coordinates": [[[12.5, 47.5], [12.5, 50.0], [15.0, 50.0], [15.0, 47.5], [12.5, 47.5]]]}, "properties": {"cell_id": "5_55", "lon": 13.75, "lat": 48.75}}, {"type": "Feature", "geometry": {"type": "Polygon", "coordinates": [[[12.5, 50.0], [12.5, 52.5], [15.0, 52.5], [15.0, 50.0], [12.5, 50.0]]]}, "properties": {"cell_id": "5_56", "lon": 13.75, "lat": 51.25}}, {"type": "Feature", "geometry": {"type": "Polygon", "coordinates": [[[12.5, 52.5], [12.5, 55.0], [15.0, 55.0], [15.0, 52.5], [12.5, 52.5]]]}, "properties": {"cell_id": "5_57", "lon": 13.75, "lat": 53.75}}, {"type": "Feature", "geometry": {"type": "Polygon", "coordinates": [[[12.5, 55.0], [12.5, 57.5], [15.0, 57.5], [15.0, 55.0], [12.5, 55.0]]]}, "properties": {"cell_id": "5_58", "lon": 13.75, "lat": 56.25}}, {"type": "Feature", "geometry": {"type": "Polygon", "coordinates": [[[12.5, 57.5], [12.5, 60.0], [15.0, 60.0], [15.0, 57.5], [12.5, 57.5]]]}, "properties": {"cell_id": "5_59", "lon": 13.75, "lat": 58.75}}, {"type": "Feature", "geometry": {"type": "Polygon", "coordinates": [[[12.5, 60.0], [12.5, 62.5], [15.0, 62.5], [15.0, 60.0], [12.5, 60.0]]]}, "properties": {"cell_id": "5_60", "lon": 13.75, "lat": 61.25}}, {"type": "Feature", "geometry": {"type": "Polygon", "coordinates": [[[12.5, 62.5], [12.5, 65.0], [15.0, 65.0], [15.0, 62.5], [12.5, 62.5]]]}, "properties": {"cell_id": "5_61", "lon": 13.75, "lat": 63.75}}, {"type": "Feature", "geometry": {"type": "Polygon", "coordinates": [[[12.5, 65.0], [12.5, 67.5], [15.0, 67.5], [15.0, 65.0], [12.5, 65.0]]]}, "properties": {"cell_id": "5_62", "lon": 13.75, "lat": 66.25}}, {"type": "Feature", "geometry": {"type": "Polygon", "coordinates": [[[12.5, 77.5], [12.5, 80.0], [15.0, 80.0], [15.0, 77.5], [12.5, 77.5]]]}, "properties": {"cell_id": "5_67", "lon": 13.75, "lat": 78.75}}, {"type": "Feature", "geometry": {"type": "Polygon", "coordinates": [[[15.0, -27.5], [15.0, -25.0], [17.5, -25.0], [17.5, -27.5], [15.0, -27.5]]]}, "properties": {"cell_id": "6_25", "lon": 16.25, "lat": -26.25}}, {"type": "Feature", "geometry": {"type": "Polygon", "coordinates": [[[15.0, -25.0], [15.0, -22.5], [17.5, -22.5], [17.5, -25.0], [15.0, -25.0]]]}, "properties": {"cell_id": "6_26", "lon": 16.25, "lat": -23.75}}, {"type": "Feature", "geometry": {"type": "Polygon", "coordinates": [[[15.0, -22.5], [15.0, -20.0], [17.5, -20.0], [17.5, -22.5], [15.0, -22.5]]]}, "properties": {"cell_id": "6_27", "lon": 16.25, "lat": -21.25}}, {"type": "Feature", "geometry": {"type": "Polygon", "coordinates": [[[15.0, -20.0], [15.0, -17.5], [17.5, -17.5], [17.5, -20.0], [15.0, -20.0]]]}, "properties": {"cell_id": "6_28", "lon": 16.25, "lat": -18.75}}, {"type": "Feature", "geometry": {"type": "Polygon", "coordinates": [[[15.0, -17.5], [15.0, -15.0], [17.5, -15.0], [17.5, -17.5], [15.0, -17.5]]]}, "properties": {"cell_id": "6_29", "lon": 16.25, "lat": -16.25}}, {"type": "Feature", "geometry": {"type": "Polygon", "coordinates": [[[15.0, -15.0], [15.0, -12.5], [17.5, -12.5], [17.5, -15.0], [15.0, -15.0]]]}, "properties": {"cell_id": "6_30", "lon": 16.25, "lat": -13.75}}, {"type": "Feature", "geometry": {"type": "Polygon", "coordinates": [[[15.0, -12.5], [15.0, -10.0], [17.5, -10.0], [17.5, -12.5], [15.0, -12.5]]]}, "properties": {"cell_id": "6_31", "lon": 16.25, "lat": -11.25}}, {"type": "Feature", "geometry": {"type": "Polygon", "coordinates": [[[15.0, -10.0], [15.0, -7.5], [17.5, -7.5], [17.5, -10.0], [15.0, -10.0]]]}, "properties": {"cell_id": "6_32", "lon": 16.25, "lat": -8.75}}, {"type": "Feature", "geometry": {"type": "Polygon", "coordinates": [[[15.0, -7.5], [15.0, -5.0], [17.5, -5.0], [17.5, -7.5], [15.0, -7.5]]]}, "properties": {"cell_id": "6_33", "lon": 16.25, "lat": -6.25}}, {"type": "Feature", "geometry": {"type": "Polygon", "coordinates": [[[15.0, -5.0], [15.0, -2.5], [17.5, -2.5], [17.5, -5.0], [15.0, -5.0]]]}, "properties": {"cell_id": "6_34", "lon": 16.25, "lat": -3.75}}, {"type": "Feature", "geometry": {"type": "Polygon", "coordinates": [[[15.0, -2.5], [15.0, 0.0], [17.5, 0.0], [17.5, -2.5], [15.0, -2.5]]]}, "properties": {"cell_id": "6_35", "lon": 16.25, "lat": -1.25}}, {"type": "Feature", "geometry": {"type": "Polygon", "coordinates": [[[15.0, 0.0], [15.0, 2.5], [17.5, 2.5], [17.5, 0.0], [15.0, 0.0]]]}, "properties": {"cell_id": "6_36", "lon": 16.25, "lat": 1.25}}, {"type": "Feature", "geometry": {"type": "Polygon", "coordinates": [[[15.0, 2.5], [15.0, 5.0], [17.5, 5.0], [17.5, 2.5], [15.0, 2.5]]]}, "properties": {"cell_id": "6_37", "lon": 16.25, "lat": 3.75}}, {"type": "Feature", "geometry": {"type": "Polygon", "coordinates": [[[15.0, 5.0], [15.0, 7.5], [17.5, 7.5], [17.5, 5.0], [15.0, 5.0]]]}, "properties": {"cell_id": "6_38", "lon": 16.25, "lat": 6.25}}, {"type": "Feature", "geometry": {"type": "Polygon", "coordinates": [[[15.0, 7.5], [15.0, 10.0], [17.5, 10.0], [17.5, 7.5], [15.0, 7.5]]]}, "properties": {"cell_id": "6_39", "lon": 16.25, "lat": 8.75}}, {"type": "Feature", "geometry": {"type": "Polygon", "coordinates": [[[15.0, 10.0], [15.0, 12.5], [17.5, 12.5], [17.5, 10.0], [15.0, 10.0]]]}, "properties": {"cell_id": "6_40", "lon": 16.25, "lat": 11.25}}, {"type": "Feature", "geometry": {"type": "Polygon", "coordinates": [[[15.0, 12.5], [15.0, 15.0], [17.5, 15.0], [17.5, 12.5], [15.0, 12.5]]]}, "properties": {"cell_id": "6_41", "lon": 16.25, "lat": 13.75}}, {"type": "Feature", "geometry": {"type": "Polygon", "coordinates": [[[15.0, 15.0], [15.0, 17.5], [17.5, 17.5], [17.5, 15.0], [15.0, 15.0]]]}, "properties": {"cell_id": "6_42", "lon": 16.25, "lat": 16.25}}, {"type": "Feature", "geometry": {"type": "Polygon", "coordinates": [[[15.0, 17.5], [15.0, 20.0], [17.5, 20.0], [17.5, 17.5], [15.0, 17.5]]]}, "properties": {"cell_id": "6_43", "lon": 16.25, "lat": 18.75}}, {"type": "Feature", "geometry": {"type": "Polygon", "coordinates": [[[15.0, 20.0], [15.0, 22.5], [17.5, 22.5], [17.5, 20.0], [15.0, 20.0]]]}, "properties": {"cell_id": "6_44", "lon": 16.25, "lat": 21.25}}, {"type": "Feature", "geometry": {"type": "Polygon", "coordinates": [[[15.0, 22.5], [15.0, 25.0], [17.5, 25.0], [17.5, 22.5], [15.0, 22.5]]]}, "properties": {"cell_id": "6_45", "lon": 16.25, "lat": 23.75}}, {"type": "Feature", "geometry": {"type": "Polygon", "coordinates": [[[15.0, 25.0], [15.0, 27.5], [17.5, 27.5], [17.5, 25.0], [15.0, 25.0]]]}, "properties": {"cell_id": "6_46", "lon": 16.25, "lat": 26.25}}, {"type": "Feature", "geometry": {"type": "Polygon", "coordinates": [[[15.0, 27.5], [15.0, 30.0], [17.5, 30.0], [17.5, 27.5], [15.0, 27.5]]]}, "properties": {"cell_id": "6_47", "lon": 16.25, "lat": 28.75}}, {"type": "Feature", "geometry": {"type": "Polygon", "coordinates": [[[15.0, 30.0], [15.0, 32.5], [17.5, 32.5], [17.5, 30.0], [15.0, 30.0]]]}, "properties": {"cell_id": "6_48", "lon": 16.25, "lat": 31.25}}, {"type": "Feature", "geometry": {"type": "Polygon", "coordinates": [[[15.0, 37.5], [15.0, 40.0], [17.5, 40.0], [17.5, 37.5], [15.0, 37.5]]]}, "properties": {"cell_id": "6_51", "lon": 16.25, "lat": 38.75}}, {"type": "Feature", "geometry": {"type": "Polygon", "coordinates": [[[15.0, 40.0], [15.0, 42.5], [17.5, 42.5], [17.5, 40.0], [15.0, 40.0]]]}, "properties": {"cell_id": "6_52", "lon": 16.25, "lat": 41.25}}, {"type": "Feature", "geometry": {"type": "Polygon", "coordinates": [[[15.0, 42.5], [15.0, 45.0], [17.5, 45.0], [17.5, 42.5], [15.0, 42.5]]]}, "properties": {"cell_id": "6_53", "lon": 16.25, "lat": 43.75}}, {"type": "Feature", "geometry": {"type": "Polygon", "coordinates": [[[15.0, 45.0], [15.0, 47.5], [17.5, 47.5], [17.5, 45.0], [15.0, 45.0]]]}, "properties": {"cell_id": "6_54", "lon": 16.25, "lat": 46.25}}, {"type": "Feature", "geometry": {"type": "Polygon", "coordinates": [[[15.0, 47.5], [15.0, 50.0], [17.5, 50.0], [17.5, 47.5], [15.0, 47.5]]]}, "properties": {"cell_id": "6_55", "lon": 16.25, "lat": 48.75}}, {"type": "Feature", "geometry": {"type": "Polygon", "coordinates": [[[15.0, 50.0], [15.0, 52.5], [17.5, 52.5], [17.5, 50.0], [15.0, 50.0]]]}, "properties": {"cell_id": "6_56", "lon": 16.25, "lat": 51.25}}, {"type": "Feature", "geometry": {"type": "Polygon", "coordinates": [[[15.0, 52.5], [15.0, 55.0], [17.5, 55.0], [17.5, 52.5], [15.0, 52.5]]]}, "properties": {"cell_id": "6_57", "lon": 16.25, "lat": 53.75}}, {"type": "Feature", "geometry": {"type": "Polygon", "coordinates": [[[15.0, 57.5], [15.0, 60.0], [17.5, 60.0], [17.5, 57.5], [15.0, 57.5]]]}, "properties": {"cell_id": "6_59", "lon": 16.25, "lat": 58.75}}, {"type": "Feature", "geometry": {"type": "Polygon", "coordinates": [[[15.0, 60.0], [15.0, 62.5], [17.5, 62.5], [17.5, 60.0], [15.0, 60.0]]]}, "properties": {"cell_id": "6_60", "lon": 16.25, "lat": 61.25}}, {"type": "Feature", "geometry": {"type": "Polygon", "coordinates": [[[15.0, 62.5], [15.0, 65.0], [17.5, 65.0], [17.5, 62.5], [15.0, 62.5]]]}, "properties": {"cell_id": "6_61", "lon": 16.25, "lat": 63.75}}, {"type": "Feature", "geometry": {"type": "Polygon", "coordinates": [[[15.0, 65.0], [15.0, 67.5], [17.5, 67.5], [17.5, 65.0], [15.0, 65.0]]]}, "properties": {"cell_id": "6_62", "lon": 16.25, "lat": 66.25}}, {"type": "Feature", "geometry": {"type": "Polygon", "coordinates": [[[15.0, 77.5], [15.0, 80.0], [17.5, 80.0], [17.5, 77.5], [15.0, 77.5]]]}, "properties": {"cell_id": "6_67", "lon": 16.25, "lat": 78.75}}, {"type": "Feature", "geometry": {"type": "Polygon", "coordinates": [[[17.5, -35.0], [17.5, -32.5], [20.0, -32.5], [20.0, -35.0], [17.5, -35.0]]]}, "properties": {"cell_id": "7_22", "lon": 18.75, "lat": -33.75}}, {"type": "Feature", "geometry": {"type": "Polygon", "coordinates": [[[17.5, -32.5], [17.5, -30.0], [20.0, -30.0], [20.0, -32.5], [17.5, -32.5]]]}, "properties": {"cell_id": "7_23", "lon": 18.75, "lat": -31.25}}, {"type": "Feature", "geometry": {"type": "Polygon", "coordinates": [[[17.5, -30.0], [17.5, -27.5], [20.0, -27.5], [20.0, -30.0], [17.5, -30.0]]]}, "properties": {"cell_id": "7_24", "lon": 18.75, "lat": -28.75}}, {"type": "Feature", "geometry": {"type": "Polygon", "coordinates": [[[17.5, -27.5], [17.5, -25.0], [20.0, -25.0], [20.0, -27.5], [17.5, -27.5]]]}, "properties": {"cell_id": "7_25", "lon": 18.75, "lat": -26.25}}, {"type": "Feature", "geometry": {"type": "Polygon", "coordinates": [[[17.5, -25.0], [17.5, -22.5], [20.0, -22.5], [20.0, -25.0], [17.5, -25.0]]]}, "properties": {"cell_id": "7_26", "lon": 18.75, "lat": -23.75}}, {"type": "Feature", "geometry": {"type": "Polygon", "coordinates": [[[17.5, -22.5], [17.5, -20.0], [20.0, -20.0], [20.0, -22.5], [17.5, -22.5]]]}, "properties": {"cell_id": "7_27", "lon": 18.75, "lat": -21.25}}, {"type": "Feature", "geometry": {"type": "Polygon", "coordinates": [[[17.5, -20.0], [17.5, -17.5], [20.0, -17.5], [20.0, -20.0], [17.5, -20.0]]]}, "properties": {"cell_id": "7_28", "lon": 18.75, "lat": -18.75}}, {"type": "Feature", "geometry": {"type": "Polygon", "coordinates": [[[17.5, -17.5], [17.5, -15.0], [20.0, -15.0], [20.0, -17.5], [17.5, -17.5]]]}, "properties": {"cell_id": "7_29", "lon": 18.75, "lat": -16.25}}, {"type": "Feature", "geometry": {"type": "Polygon", "coordinates": [[[17.5, -15.0], [17.5, -12.5], [20.0, -12.5], [20.0, -15.0], [17.5, -15.0]]]}, "properties": {"cell_id": "7_30", "lon": 18.75, "lat": -13.75}}, {"type": "Feature", "geometry": {"type": "Polygon", "coordinates": [[[17.5, -12.5], [17.5, -10.0], [20.0, -10.0], [20.0, -12.5], [17.5, -12.5]]]}, "properties": {"cell_id": "7_31", "lon": 18.75, "lat": -11.25}}, {"type": "Feature", "geometry": {"type": "Polygon", "coordinates": [[[17.5, -10.0], [17.5, -7.5], [20.0, -7.5], [20.0, -10.0], [17.5, -10.0]]]}, "properties": {"cell_id": "7_32", "lon": 18.75, "lat": -8.75}}, {"type": "Feature", "geometry": {"type": "Polygon", "coordinates": [[[17.5, -7.5], [17.5, -5.0], [20.0, -5.0], [20.0, -7.5], [17.5, -7.5]]]}, "properties": {"cell_id": "7_33", "lon": 18.75, "lat": -6.25}}, {"type": "Feature", "geometry": {"type": "Polygon", "coordinates": [[[17.5, -5.0], [17.5, -2.5], [20.0, -2.5], [20.0, -5.0], [17.5, -5.0]]]}, "properties": {"cell_id": "7_34", "lon": 18.75, "lat": -3.75}}, {"type": "Feature", "geometry": {"type": "Polygon", "coordinates": [[[17.5, -2.5], [17.5, 0.0], [20.0, 0.0], [20.0, -2.5], [17.5, -2.5]]]}, "properties": {"cell_id": "7_35", "lon": 18.75, "lat": -1.25}}, {"type": "Feature", "geometry": {"type": "Polygon", "coordinates": [[[17.5, 0.0], [17.5, 2.5], [20.0, 2.5], [20.0, 0.0], [17.5, 0.0]]]}, "properties": {"cell_id": "7_36", "lon": 18.75, "lat": 1.25}}, {"type": "Feature", "geometry": {"type": "Polygon", "coordinates": [[[17.5, 2.5], [17.5, 5.0], [20.0, 5.0], [20.0, 2.5], [17.5, 2.5]]]}, "properties": {"cell_id": "7_37", "lon": 18.75, "lat": 3.75}}, {"type": "Feature", "geometry": {"type": "Polygon", "coordinates": [[[17.5, 5.0], [17.5, 7.5], [20.0, 7.5], [20.0, 5.0], [17.5, 5.0]]]}, "properties": {"cell_id": "7_38", "lon": 18.75, "lat": 6.25}}, {"type": "Feature", "geometry": {"type": "Polygon", "coordinates": [[[17.5, 7.5], [17.5, 10.0], [20.0, 10.0], [20.0, 7.5], [17.5, 7.5]]]}, "properties": {"cell_id": "7_39", "lon": 18.75, "lat": 8.75}}, {"type": "Feature", "geometry": {"type": "Polygon", "coordinates": [[[17.5, 10.0], [17.5, 12.5], [20.0, 12.5], [20.0, 10.0], [17.5, 10.0]]]}, "properties": {"cell_id": "7_40", "lon": 18.75, "lat": 11.25}}, {"type": "Feature", "geometry": {"type": "Polygon", "coordinates": [[[17.5, 12.5], [17.5, 15.0], [20.0, 15.0], [20.0, 12.5], [17.5, 12.5]]]}, "properties": {"cell_id": "7_41", "lon": 18.75, "lat": 13.75}}, {"type": "Feature", "geometry": {"type": "Polygon", "coordinates": [[[17.5, 15.0], [17.5, 17.5], [20.0, 17.5], [20.0, 15.0], [17.5, 15.0]]]}, "properties": {"cell_id": "7_42", "lon": 18.75, "lat": 16.25}}, {"type": "Feature", "geometry": {"type": "Polygon", "coordinates": [[[17.5, 17.5], [17.5, 20.0], [20.0, 20.0], [20.0, 17.5], [17.5, 17.5]]]}, "properties": {"cell_id": "7_43", "lon": 18.75, "lat": 18.75}}, {"type": "Feature", "geometry": {"type": "Polygon", "coordinates": [[[17.5, 20.0], [17.5, 22.5], [20.0, 22.5], [20.0, 20.0], [17.5, 20.0]]]}, "properties": {"cell_id": "7_44", "lon": 18.75, "lat": 21.25}}, {"type": "Feature", "geometry": {"type": "Polygon", "coordinates": [[[17.5, 22.5], [17.5, 25.0], [20.0, 25.0], [20.0, 22.5], [17.5, 22.5]]]}, "properties": {"cell_id": "7_45", "lon": 18.75, "lat": 23.75}}, {"type": "Feature", "geometry": {"type": "Polygon", "coordinates": [[[17.5, 25.0], [17.5, 27.5], [20.0, 27.5], [20.0, 25.0], [17.5, 25.0]]]}, "properties": {"cell_id": "7_46", "lon": 18.75, "lat": 26.25}}, {"type": "Feature", "geometry": {"type": "Polygon", "coordinates": [[[17.5, 27.5], [17.5, 30.0], [20.0, 30.0], [20.0, 27.5], [17.5, 27.5]]]}, "properties": {"cell_id": "7_47", "lon": 18.75, "lat": 28.75}}, {"type": "Feature", "geometry": {"type": "Polygon", "coordinates": [[[17.5, 42.5], [17.5, 45.0], [20.0, 45.0], [20.0, 42.5], [17.5, 42.5]]]}, "properties": {"cell_id": "7_53", "lon": 18.75, "lat": 43.75}}, {"type": "Feature", "geometry": {"type": "Polygon", "coordinates": [[[17.5, 45.0], [17.5, 47.5], [20.0, 47.5], [20.0, 45.0], [17.5, 45.0]]]}, "properties": {"cell_id": "7_54", "lon": 18.75, "lat": 46.25}}, {"type": "Feature", "geometry": {"type": "Polygon", "coordinates": [[[17.5, 47.5], [17.5, 50.0], [20.0, 50.0], [20.0, 47.5], [17.5, 47.5]]]}, "properties": {"cell_id": "7_55", "lon": 18.75, "lat": 48.75}}, {"type": "Feature", "geometry": {"type": "Polygon", "coordinates": [[[17.5, 50.0], [17.5, 52.5], [20.0, 52.5], [20.0, 50.0], [17.5, 50.0]]]}, "properties": {"cell_id": "7_56", "lon": 18.75, "lat": 51.25}}, {"type": "Feature", "geometry": {"type": "Polygon", "coordinates": [[[17.5, 52.5], [17.5, 55.0], [20.0, 55.0], [20.0, 52.5], [17.5, 52.5]]]}, "properties": {"cell_id": "7_57", "lon": 18.75, "lat": 53.75}}, {"type": "Feature", "geometry": {"type": "Polygon", "coordinates": [[[17.5, 62.5], [17.5, 65.0], [20.0, 65.0], [20.0, 62.5], [17.5, 62.5]]]}, "properties": {"cell_id": "7_61", "lon": 18.75, "lat": 63.75}}, {"type": "Feature", "geometry": {"type": "Polygon", "coordinates": [[[17.5, 65.0], [17.5, 67.5], [20.0, 67.5], [20.0, 65.0], [17.5, 65.0]]]}, "properties": {"cell_id": "7_62", "lon": 18.75, "lat": 66.25}}, {"type": "Feature", "geometry": {"type": "Polygon", "coordinates": [[[17.5, 67.5], [17.5, 70.0], [20.0, 70.0], [20.0, 67.5], [17.5, 67.5]]]}, "properties": {"cell_id": "7_63", "lon": 18.75, "lat": 68.75}}, {"type": "Feature", "geometry": {"type": "Polygon", "coordinates": [[[17.5, 77.5], [17.5, 80.0], [20.0, 80.0], [20.0, 77.5], [17.5, 77.5]]]}, "properties": {"cell_id": "7_67", "lon": 18.75, "lat": 78.75}}, {"type": "Feature", "geometry": {"type": "Polygon", "coordinates": [[[20.0, -35.0], [20.0, -32.5], [22.5, -32.5], [22.5, -35.0], [20.0, -35.0]]]}, "properties": {"cell_id": "8_22", "lon": 21.25, "lat": -33.75}}, {"type": "Feature", "geometry": {"type": "Polygon", "coordinates": [[[20.0, -32.5], [20.0, -30.0], [22.5, -30.0], [22.5, -32.5], [20.0, -32.5]]]}, "properties": {"cell_id": "8_23", "lon": 21.25, "lat": -31.25}}, {"type": "Feature", "geometry": {"type": "Polygon", "coordinates": [[[20.0, -30.0], [20.0, -27.5], [22.5, -27.5], [22.5, -30.0], [20.0, -30.0]]]}, "properties": {"cell_id": "8_24", "lon": 21.25, "lat": -28.75}}, {"type": "Feature", "geometry": {"type": "Polygon", "coordinates": [[[20.0, -27.5], [20.0, -25.0], [22.5, -25.0], [22.5, -27.5], [20.0, -27.5]]]}, "properties": {"cell_id": "8_25", "lon": 21.25, "lat": -26.25}}, {"type": "Feature", "geometry": {"type": "Polygon", "coordinates": [[[20.0, -25.0], [20.0, -22.5], [22.5, -22.5], [22.5, -25.0], [20.0, -25.0]]]}, "properties": {"cell_id": "8_26", "lon": 21.25, "lat": -23.75}}, {"type": "Feature", "geometry": {"type": "Polygon", "coordinates": [[[20.0, -22.5], [20.0, -20.0], [22.5, -20.0], [22.5, -22.5], [20.0, -22.5]]]}, "properties": {"cell_id": "8_27", "lon": 21.25, "lat": -21.25}}, {"type": "Feature", "geometry": {"type": "Polygon", "coordinates": [[[20.0, -20.0], [20.0, -17.5], [22.5, -17.5], [22.5, -20.0], [20.0, -20.0]]]}, "properties": {"cell_id": "8_28", "lon": 21.25, "lat": -18.75}}, {"type": "Feature", "geometry": {"type": "Polygon", "coordinates": [[[20.0, -17.5], [20.0, -15.0], [22.5, -15.0], [22.5, -17.5], [20.0, -17.5]]]}, "properties": {"cell_id": "8_29", "lon": 21.25, "lat": -16.25}}, {"type": "Feature", "geometry": {"type": "Polygon", "coordinates": [[[20.0, -15.0], [20.0, -12.5], [22.5, -12.5], [22.5, -15.0], [20.0, -15.0]]]}, "properties": {"cell_id": "8_30", "lon": 21.25, "lat": -13.75}}, {"type": "Feature", "geometry": {"type": "Polygon", "coordinates": [[[20.0, -12.5], [20.0, -10.0], [22.5, -10.0], [22.5, -12.5], [20.0, -12.5]]]}, "properties": {"cell_id": "8_31", "lon": 21.25, "lat": -11.25}}, {"type": "Feature", "geometry": {"type": "Polygon", "coordinates": [[[20.0, -10.0], [20.0, -7.5], [22.5, -7.5], [22.5, -10.0], [20.0, -10.0]]]}, "properties": {"cell_id": "8_32", "lon": 21.25, "lat": -8.75}}, {"type": "Feature", "geometry": {"type": "Polygon", "coordinates": [[[20.0, -7.5], [20.0, -5.0], [22.5, -5.0], [22.5, -7.5], [20.0, -7.5]]]}, "properties": {"cell_id": "8_33", "lon": 21.25, "lat": -6.25}}, {"type": "Feature", "geometry": {"type": "Polygon", "coordinates": [[[20.0, -5.0], [20.0, -2.5], [22.5, -2.5], [22.5, -5.0], [20.0, -5.0]]]}, "properties": {"cell_id": "8_34", "lon": 21.25, "lat": -3.75}}, {"type": "Feature", "geometry": {"type": "Polygon", "coordinates": [[[20.0, -2.5], [20.0, 0.0], [22.5, 0.0], [22.5, -2.5], [20.0, -2.5]]]}, "properties": {"cell_id": "8_35", "lon": 21.25, "lat": -1.25}}, {"type": "Feature", "geometry": {"type": "Polygon", "coordinates": [[[20.0, 0.0], [20.0, 2.5], [22.5, 2.5], [22.5, 0.0], [20.0, 0.0]]]}, "properties": {"cell_id": "8_36", "lon": 21.25, "lat": 1.25}}, {"type": "Feature", "geometry": {"type": "Polygon", "coordinates": [[[20.0, 2.5], [20.0, 5.0], [22.5, 5.0], [22.5, 2.5], [20.0, 2.5]]]}, "properties": {"cell_id": "8_37", "lon": 21.25, "lat": 3.75}}, {"type": "Feature", "geometry": {"type": "Polygon", "coordinates": [[[20.0, 5.0], [20.0, 7.5], [22.5, 7.5], [22.5, 5.0], [20.0, 5.0]]]}, "properties": {"cell_id": "8_38", "lon": 21.25, "lat": 6.25}}, {"type": "Feature", "geometry": {"type": "Polygon", "coordinates": [[[20.0, 7.5], [20.0, 10.0], [22.5, 10.0], [22.5, 7.5], [20.0, 7.5]]]}, "properties": {"cell_id": "8_39", "lon": 21.25, "lat": 8.75}}, {"type": "Feature", "geometry": {"type": "Polygon", "coordinates": [[[20.0, 10.0], [20.0, 12.5], [22.5, 12.5], [22.5, 10.0], [20.0, 10.0]]]}, "properties": {"cell_id": "8_40", "lon": 21.25, "lat": 11.25}}, {"type": "Feature", "geometry": {"type": "Polygon", "coordinates": [[[20.0, 12.5], [20.0, 15.0], [22.5, 15.0], [22.5, 12.5], [20.0, 12.5]]]}, "properties": {"cell_id": "8_41", "lon": 21.25, "lat": 13.75}}, {"type": "Feature", "geometry": {"type": "Polygon", "coordinates": [[[20.0, 15.0], [20.0, 17.5], [22.5, 17.5], [22.5, 15.0], [20.0, 15.0]]]}, "properties": {"cell_id": "8_42", "lon": 21.25, "lat": 16.25}}, {"type": "Feature", "geometry": {"type": "Polygon", "coordinates": [[[20.0, 17.5], [20.0, 20.0], [22.5, 20.0], [22.5, 17.5], [20.0, 17.5]]]}, "properties": {"cell_id": "8_43", "lon": 21.25, "lat": 18.75}}, {"type": "Feature", "geometry": {"type": "Polygon", "coordinates": [[[20.0, 20.0], [20.0, 22.5], [22.5, 22.5], [22.5, 20.0], [20.0, 20.0]]]}, "properties": {"cell_id": "8_44", "lon": 21.25, "lat": 21.25}}, {"type": "Feature", "geometry": {"type": "Polygon", "coordinates": [[[20.0, 22.5], [20.0, 25.0], [22.5, 25.0], [22.5, 22.5], [20.0, 22.5]]]}, "properties": {"cell_id": "8_45", "lon": 21.25, "lat": 23.75}}, {"type": "Feature", "geometry": {"type": "Polygon", "coordinates": [[[20.0, 25.0], [20.0, 27.5], [22.5, 27.5], [22.5, 25.0], [20.0, 25.0]]]}, "properties": {"cell_id": "8_46", "lon": 21.25, "lat": 26.25}}, {"type": "Feature", "geometry": {"type": "Polygon", "coordinates": [[[20.0, 27.5], [20.0, 30.0], [22.5, 30.0], [22.5, 27.5], [20.0, 27.5]]]}, "properties": {"cell_id": "8_47", "lon": 21.25, "lat": 28.75}}, {"type": "Feature", "geometry": {"type": "Polygon", "coordinates": [[[20.0, 30.0], [20.0, 32.5], [22.5, 32.5], [22.5, 30.0], [20.0, 30.0]]]}, "properties": {"cell_id": "8_48", "lon": 21.25, "lat": 31.25}}, {"type": "Feature", "geometry": {"type": "Polygon", "coordinates": [[[20.0, 37.5], [20.0, 40.0], [22.5, 40.0], [22.5, 37.5], [20.0, 37.5]]]}, "properties": {"cell_id": "8_51", "lon": 21.25, "lat": 38.75}}, {"type": "Feature", "geometry": {"type": "Polygon", "coordinates": [[[20.0, 40.0], [20.0, 42.5], [22.5, 42.5], [22.5, 40.0], [20.0, 40.0]]]}, "properties": {"cell_id": "8_52", "lon": 21.25, "lat": 41.25}}, {"type": "Feature", "geometry": {"type": "Polygon", "coordinates": [[[20.0, 42.5], [20.0, 45.0], [22.5, 45.0], [22.5, 42.5], [20.0, 42.5]]]}, "properties": {"cell_id": "8_53", "lon": 21.25, "lat": 43.75}}, {"type": "Feature", "geometry": {"type": "Polygon", "coordinates": [[[20.0, 45.0], [20.0, 47.5], [22.5, 47.5], [22.5, 45.0], [20.0, 45.0]]]}, "properties": {"cell_id": "8_54", "lon": 21.25, "lat": 46.25}}, {"type": "Feature", "geometry": {"type": "Polygon", "coordinates": [[[20.0, 47.5], [20.0, 50.0], [22.5, 50.0], [22.5, 47.5], [20.0, 47.5]]]}, "properties": {"cell_id": "8_55", "lon": 21.25, "lat": 48.75}}, {"type": "Feature", "geometry": {"type": "Polygon", "coordinates": [[[20.0, 50.0], [20.0, 52.5], [22.5, 52.5], [22.5, 50.0], [20.0, 50.0]]]}, "properties": {"cell_id": "8_56", "lon": 21.25, "lat": 51.25}}, {"type": "Feature", "geometry": {"type": "Polygon", "coordinates": [[[20.0, 52.5], [20.0, 55.0], [22.5, 55.0], [22.5, 52.5], [20.0, 52.5]]]}, "properties": {"cell_id": "8_57", "lon": 21.25, "lat": 53.75}}, {"type": "Feature", "geometry": {"type": "Polygon", "coordinates": [[[20.0, 55.0], [20.0, 57.5], [22.5, 57.5], [22.5, 55.0], [20.0, 55.0]]]}, "properties": {"cell_id": "8_58", "lon": 21.25, "lat": 56.25}}, {"type": "Feature", "geometry": {"type": "Polygon", "coordinates": [[[20.0, 65.0], [20.0, 67.5], [22.5, 67.5], [22.5, 65.0], [20.0, 65.0]]]}, "properties": {"cell_id": "8_62", "lon": 21.25, "lat": 66.25}}, {"type": "Feature", "geometry": {"type": "Polygon", "coordinates": [[[20.0, 67.5], [20.0, 70.0], [22.5, 70.0], [22.5, 67.5], [20.0, 67.5]]]}, "properties": {"cell_id": "8_63", "lon": 21.25, "lat": 68.75}}, {"type": "Feature", "geometry": {"type": "Polygon", "coordinates": [[[22.5, -35.0], [22.5, -32.5], [25.0, -32.5], [25.0, -35.0], [22.5, -35.0]]]}, "properties": {"cell_id": "9_22", "lon": 23.75, "lat": -33.75}}, {"type": "Feature", "geometry": {"type": "Polygon", "coordinates": [[[22.5, -32.5], [22.5, -30.0], [25.0, -30.0], [25.0, -32.5], [22.5, -32.5]]]}, "properties": {"cell_id": "9_23", "lon": 23.75, "lat": -31.25}}, {"type": "Feature", "geometry": {"type": "Polygon", "coordinates": [[[22.5, -30.0], [22.5, -27.5], [25.0, -27.5], [25.0, -30.0], [22.5, -30.0]]]}, "properties": {"cell_id": "9_24", "lon": 23.75, "lat": -28.75}}, {"type": "Feature", "geometry": {"type": "Polygon", "coordinates": [[[22.5, -27.5], [22.5, -25.0], [25.0, -25.0], [25.0, -27.5], [22.5, -27.5]]]}, "properties": {"cell_id": "9_25", "lon": 23.75, "lat": -26.25}}, {"type": "Feature", "geometry": {"type": "Polygon", "coordinates": [[[22.5, -25.0], [22.5, -22.5], [25.0, -22.5], [25.0, -25.0], [22.5, -25.0]]]}, "properties": {"cell_id": "9_26", "lon": 23.75, "lat": -23.75}}, {"type": "Feature", "geometry": {"type": "Polygon", "coordinates": [[[22.5, -22.5], [22.5, -20.0], [25.0, -20.0], [25.0, -22.5], [22.5, -22.5]]]}, "properties": {"cell_id": "9_27", "lon": 23.75, "lat": -21.25}}, {"type": "Feature", "geometry": {"type": "Polygon", "coordinates": [[[22.5, -20.0], [22.5, -17.5], [25.0, -17.5], [25.0, -20.0], [22.5, -20.0]]]}, "properties": {"cell_id": "9_28", "lon": 23.75, "lat": -18.75}}, {"type": "Feature", "geometry": {"type": "Polygon", "coordinates": [[[22.5, -17.5], [22.5, -15.0], [25.0, -15.0], [25.0, -17.5], [22.5, -17.5]]]}, "properties": {"cell_id": "9_29", "lon": 23.75, "lat": -16.25}}, {"type": "Feature", "geometry": {"type": "Polygon", "coordinates": [[[22.5, -15.0], [22.5, -12.5], [25.0, -12.5], [25.0, -15.0], [22.5, -15.0]]]}, "properties": {"cell_id": "9_30", "lon": 23.75, "lat": -13.75}}, {"type": "Feature", "geometry": {"type": "Polygon", "coordinates": [[[22.5, -12.5], [22.5, -10.0], [25.0, -10.0], [25.0, -12.5], [22.5, -12.5]]]}, "properties": {"cell_id": "9_31", "lon": 23.75, "lat": -11.25}}, {"type": "Feature", "geometry": {"type": "Polygon", "coordinates": [[[22.5, -10.0], [22.5, -7.5], [25.0, -7.5], [25.0, -10.0], [22.5, -10.0]]]}, "properties": {"cell_id": "9_32", "lon": 23.75, "lat": -8.75}}, {"type": "Feature", "geometry": {"type": "Polygon", "coordinates": [[[22.5, -7.5], [22.5, -5.0], [25.0, -5.0], [25.0, -7.5], [22.5, -7.5]]]}, "properties": {"cell_id": "9_33", "lon": 23.75, "lat": -6.25}}, {"type": "Feature", "geometry": {"type": "Polygon", "coordinates": [[[22.5, -5.0], [22.5, -2.5], [25.0, -2.5], [25.0, -5.0], [22.5, -5.0]]]}, "properties": {"cell_id": "9_34", "lon": 23.75, "lat": -3.75}}, {"type": "Feature", "geometry": {"type": "Polygon", "coordinates": [[[22.5, -2.5], [22.5, 0.0], [25.0, 0.0], [25.0, -2.5], [22.5, -2.5]]]}, "properties": {"cell_id": "9_35", "lon": 23.75, "lat": -1.25}}, {"type": "Feature", "geometry": {"type": "Polygon", "coordinates": [[[22.5, 0.0], [22.5, 2.5], [25.0, 2.5], [25.0, 0.0], [22.5, 0.0]]]}, "properties": {"cell_id": "9_36", "lon": 23.75, "lat": 1.25}}, {"type": "Feature", "geometry": {"type": "Polygon", "coordinates": [[[22.5, 2.5], [22.5, 5.0], [25.0, 5.0], [25.0, 2.5], [22.5, 2.5]]]}, "properties": {"cell_id": "9_37", "lon": 23.75, "lat": 3.75}}, {"type": "Feature", "geometry": {"type": "Polygon", "coordinates": [[[22.5, 5.0], [22.5, 7.5], [25.0, 7.5], [25.0, 5.0], [22.5, 5.0]]]}, "properties": {"cell_id": "9_38", "lon": 23.75, "lat": 6.25}}, {"type": "Feature", "geometry": {"type": "Polygon", "coordinates": [[[22.5, 7.5], [22.5, 10.0], [25.0, 10.0], [25.0, 7.5], [22.5, 7.5]]]}, "properties": {"cell_id": "9_39", "lon": 23.75, "lat": 8.75}}, {"type": "Feature", "geometry": {"type": "Polygon", "coordinates": [[[22.5, 10.0], [22.5, 12.5], [25.0, 12.5], [25.0, 10.0], [22.5, 10.0]]]}, "properties": {"cell_id": "9_40", "lon": 23.75, "lat": 11.25}}, {"type": "Feature", "geometry": {"type": "Polygon", "coordinates": [[[22.5, 12.5], [22.5, 15.0], [25.0, 15.0], [25.0, 12.5], [22.5, 12.5]]]}, "properties": {"cell_id": "9_41", "lon": 23.75, "lat": 13.75}}, {"type": "Feature", "geometry": {"type": "Polygon", "coordinates": [[[22.5, 15.0], [22.5, 17.5], [25.0, 17.5], [25.0, 15.0], [22.5, 15.0]]]}, "properties": {"cell_id": "9_42", "lon": 23.75, "lat": 16.25}}, {"type": "Feature", "geometry": {"type": "Polygon", "coordinates": [[[22.5, 17.5], [22.5, 20.0], [25.0, 20.0], [25.0, 17.5], [22.5, 17.5]]]}, "properties": {"cell_id": "9_43", "lon": 23.75, "lat": 18.75}}, {"type": "Feature", "geometry": {"type": "Polygon", "coordinates": [[[22.5, 20.0], [22.5, 22.5], [25.0, 22.5], [25.0, 20.0], [22.5, 20.0]]]}, "properties": {"cell_id": "9_44", "lon": 23.75, "lat": 21.25}}, {"type": "Feature", "geometry": {"type": "Polygon", "coordinates": [[[22.5, 22.5], [22.5, 25.0], [25.0, 25.0], [25.0, 22.5], [22.5, 22.5]]]}, "properties": {"cell_id": "9_45", "lon": 23.75, "lat": 23.75}}, {"type": "Feature", "geometry": {"type": "Polygon", "coordinates": [[[22.5, 25.0], [22.5, 27.5], [25.0, 27.5], [25.0, 25.0], [22.5, 25.0]]]}, "properties": {"cell_id": "9_46", "lon": 23.75, "lat": 26.25}}, {"type": "Feature", "geometry": {"type": "Polygon", "coordinates": [[[22.5, 27.5], [22.5, 30.0], [25.0, 30.0], [25.0, 27.5], [22.5, 27.5]]]}, "properties": {"cell_id": "9_47", "lon": 23.75, "lat": 28.75}}, {"type": "Feature", "geometry": {"type": "Polygon", "coordinates": [[[22.5, 30.0], [22.5, 32.5], [25.0, 32.5], [25.0, 30.0], [22.5, 30.0]]]}, "properties": {"cell_id": "9_48", "lon": 23.75, "lat": 31.25}}, {"type": "Feature", "geometry": {"type": "Polygon", "coordinates": [[[22.5, 40.0], [22.5, 42.5], [25.0, 42.5], [25.0, 40.0], [22.5, 40.0]]]}, "properties": {"cell_id": "9_52", "lon": 23.75, "lat": 41.25}}, {"type": "Feature", "geometry": {"type": "Polygon", "coordinates": [[[22.5, 42.5], [22.5, 45.0], [25.0, 45.0], [25.0, 42.5], [22.5, 42.5]]]}, "properties": {"cell_id": "9_53", "lon": 23.75, "lat": 43.75}}, {"type": "Feature", "geometry": {"type": "Polygon", "coordinates": [[[22.5, 45.0], [22.5, 47.5], [25.0, 47.5], [25.0, 45.0], [22.5, 45.0]]]}, "properties": {"cell_id": "9_54", "lon": 23.75, "lat": 46.25}}, {"type": "Feature", "geometry": {"type": "Polygon", "coordinates": [[[22.5, 47.5], [22.5, 50.0], [25.0, 50.0], [25.0, 47.5], [22.5, 47.5]]]}, "properties": {"cell_id": "9_55", "lon": 23.75, "lat": 48.75}}, {"type": "Feature", "geometry": {"type": "Polygon", "coordinates": [[[22.5, 50.0], [22.5, 52.5], [25.0, 52.5], [25.0, 50.0], [22.5, 50.0]]]}, "properties": {"cell_id": "9_56", "lon": 23.75, "lat": 51.25}}, {"type": "Feature", "geometry": {"type": "Polygon", "coordinates": [[[22.5, 52.5], [22.5, 55.0], [25.0, 55.0], [25.0, 52.5], [22.5, 52.5]]]}, "properties": {"cell_id": "9_57", "lon": 23.75, "lat": 53.75}}, {"type": "Feature", "geometry": {"type": "Polygon", "coordinates": [[[22.5, 55.0], [22.5, 57.5], [25.0, 57.5], [25.0, 55.0], [22.5, 55.0]]]}, "properties": {"cell_id": "9_58", "lon": 23.75, "lat": 56.25}}, {"type": "Feature", "geometry": {"type": "Polygon", "coordinates": [[[22.5, 57.5], [22.5, 60.0], [25.0, 60.0], [25.0, 57.5], [22.5, 57.5]]]}, "properties": {"cell_id": "9_59", "lon": 23.75, "lat": 58.75}}, {"type": "Feature", "geometry": {"type": "Polygon", "coordinates": [[[22.5, 60.0], [22.5, 62.5], [25.0, 62.5], [25.0, 60.0], [22.5, 60.0]]]}, "properties": {"cell_id": "9_60", "lon": 23.75, "lat": 61.25}}, {"type": "Feature", "geometry": {"type": "Polygon", "coordinates": [[[22.5, 62.5], [22.5, 65.0], [25.0, 65.0], [25.0, 62.5], [22.5, 62.5]]]}, "properties": {"cell_id": "9_61", "lon": 23.75, "lat": 63.75}}, {"type": "Feature", "geometry": {"type": "Polygon", "coordinates": [[[22.5, 65.0], [22.5, 67.5], [25.0, 67.5], [25.0, 65.0], [22.5, 65.0]]]}, "properties": {"cell_id": "9_62", "lon": 23.75, "lat": 66.25}}, {"type": "Feature", "geometry": {"type": "Polygon", "coordinates": [[[22.5, 67.5], [22.5, 70.0], [25.0, 70.0], [25.0, 67.5], [22.5, 67.5]]]}, "properties": {"cell_id": "9_63", "lon": 23.75, "lat": 68.75}}, {"type": "Feature", "geometry": {"type": "Polygon", "coordinates": [[[25.0, -32.5], [25.0, -30.0], [27.5, -30.0], [27.5, -32.5], [25.0, -32.5]]]}, "properties": {"cell_id": "10_23", "lon": 26.25, "lat": -31.25}}, {"type": "Feature", "geometry": {"type": "Polygon", "coordinates": [[[25.0, -30.0], [25.0, -27.5], [27.5, -27.5], [27.5, -30.0], [25.0, -30.0]]]}, "properties": {"cell_id": "10_24", "lon": 26.25, "lat": -28.75}}, {"type": "Feature", "geometry": {"type": "Polygon", "coordinates": [[[25.0, -27.5], [25.0, -25.0], [27.5, -25.0], [27.5, -27.5], [25.0, -27.5]]]}, "properties": {"cell_id": "10_25", "lon": 26.25, "lat": -26.25}}, {"type": "Feature", "geometry": {"type": "Polygon", "coordinates": [[[25.0, -25.0], [25.0, -22.5], [27.5, -22.5], [27.5, -25.0], [25.0, -25.0]]]}, "properties": {"cell_id": "10_26", "lon": 26.25, "lat": -23.75}}, {"type": "Feature", "geometry": {"type": "Polygon", "coordinates": [[[25.0, -22.5], [25.0, -20.0], [27.5, -20.0], [27.5, -22.5], [25.0, -22.5]]]}, "properties": {"cell_id": "10_27", "lon": 26.25, "lat": -21.25}}, {"type": "Feature", "geometry": {"type": "Polygon", "coordinates": [[[25.0, -20.0], [25.0, -17.5], [27.5, -17.5], [27.5, -20.0], [25.0, -20.0]]]}, "properties": {"cell_id": "10_28", "lon": 26.25, "lat": -18.75}}, {"type": "Feature", "geometry": {"type": "Polygon", "coordinates": [[[25.0, -17.5], [25.0, -15.0], [27.5, -15.0], [27.5, -17.5], [25.0, -17.5]]]}, "properties": {"cell_id": "10_29", "lon": 26.25, "lat": -16.25}}, {"type": "Feature", "geometry": {"type": "Polygon", "coordinates": [[[25.0, -15.0], [25.0, -12.5], [27.5, -12.5], [27.5, -15.0], [25.0, -15.0]]]}, "properties": {"cell_id": "10_30", "lon": 26.25, "lat": -13.75}}, {"type": "Feature", "geometry": {"type": "Polygon", "coordinates": [[[25.0, -12.5], [25.0, -10.0], [27.5, -10.0], [27.5, -12.5], [25.0, -12.5]]]}, "properties": {"cell_id": "10_31", "lon": 26.25, "lat": -11.25}}, {"type": "Feature", "geometry": {"type": "Polygon", "coordinates": [[[25.0, -10.0], [25.0, -7.5], [27.5, -7.5], [27.5, -10.0], [25.0, -10.0]]]}, "properties": {"cell_id": "10_32", "lon": 26.25, "lat": -8.75}}, {"type": "Feature", "geometry": {"type": "Polygon", "coordinates": [[[25.0, -7.5], [25.0, -5.0], [27.5, -5.0], [27.5, -7.5], [25.0, -7.5]]]}, "properties": {"cell_id": "10_33", "lon": 26.25, "lat": -6.25}}, {"type": "Feature", "geometry": {"type": "Polygon", "coordinates": [[[25.0, -5.0], [25.0, -2.5], [27.5, -2.5], [27.5, -5.0], [25.0, -5.0]]]}, "properties": {"cell_id": "10_34", "lon": 26.25, "lat": -3.75}}, {"type": "Feature", "geometry": {"type": "Polygon", "coordinates": [[[25.0, -2.5], [25.0, 0.0], [27.5, 0.0], [27.5, -2.5], [25.0, -2.5]]]}, "properties": {"cell_id": "10_35", "lon": 26.25, "lat": -1.25}}, {"type": "Feature", "geometry": {"type": "Polygon", "coordinates": [[[25.0, 0.0], [25.0, 2.5], [27.5, 2.5], [27.5, 0.0], [25.0, 0.0]]]}, "properties": {"cell_id": "10_36", "lon": 26.25, "lat": 1.25}}, {"type": "Feature", "geometry": {"type": "Polygon", "coordinates": [[[25.0, 2.5], [25.0, 5.0], [27.5, 5.0], [27.5, 2.5], [25.0, 2.5]]]}, "properties": {"cell_id": "10_37", "lon": 26.25, "lat": 3.75}}, {"type": "Feature", "geometry": {"type": "Polygon", "coordinates": [[[25.0, 5.0], [25.0, 7.5], [27.5, 7.5], [27.5, 5.0], [25.0, 5.0]]]}, "properties": {"cell_id": "10_38", "lon": 26.25, "lat": 6.25}}, {"type": "Feature", "geometry": {"type": "Polygon", "coordinates": [[[25.0, 7.5], [25.0, 10.0], [27.5, 10.0], [27.5, 7.5], [25.0, 7.5]]]}, "properties": {"cell_id": "10_39", "lon": 26.25, "lat": 8.75}}, {"type": "Feature", "geometry": {"type": "Polygon", "coordinates": [[[25.0, 10.0], [25.0, 12.5], [27.5, 12.5], [27.5, 10.0], [25.0, 10.0]]]}, "properties": {"cell_id": "10_40", "lon": 26.25, "lat": 11.25}}, {"type": "Feature", "geometry": {"type": "Polygon", "coordinates": [[[25.0, 12.5], [25.0, 15.0], [27.5, 15.0], [27.5, 12.5], [25.0, 12.5]]]}, "properties": {"cell_id": "10_41", "lon": 26.25, "lat": 13.75}}, {"type": "Feature", "geometry": {"type": "Polygon", "coordinates": [[[25.0, 15.0], [25.0, 17.5], [27.5, 17.5], [27.5, 15.0], [25.0, 15.0]]]}, "properties": {"cell_id": "10_42", "lon": 26.25, "lat": 16.25}}, {"type": "Feature", "geometry": {"type": "Polygon", "coordinates": [[[25.0, 17.5], [25.0, 20.0], [27.5, 20.0], [27.5, 17.5], [25.0, 17.5]]]}, "properties": {"cell_id": "10_43", "lon": 26.25, "lat": 18.75}}, {"type": "Feature", "geometry": {"type": "Polygon", "coordinates": [[[25.0, 20.0], [25.0, 22.5], [27.5, 22.5], [27.5, 20.0], [25.0, 20.0]]]}, "properties": {"cell_id": "10_44", "lon": 26.25, "lat": 21.25}}, {"type": "Feature", "geometry": {"type": "Polygon", "coordinates": [[[25.0, 22.5], [25.0, 25.0], [27.5, 25.0], [27.5, 22.5], [25.0, 22.5]]]}, "properties": {"cell_id": "10_45", "lon": 26.25, "lat": 23.75}}, {"type": "Feature", "geometry": {"type": "Polygon", "coordinates": [[[25.0, 25.0], [25.0, 27.5], [27.5, 27.5], [27.5, 25.0], [25.0, 25.0]]]}, "properties": {"cell_id": "10_46", "lon": 26.25, "lat": 26.25}}, {"type": "Feature", "geometry": {"type": "Polygon", "coordinates": [[[25.0, 27.5], [25.0, 30.0], [27.5, 30.0], [27.5, 27.5], [25.0, 27.5]]]}, "properties": {"cell_id": "10_47", "lon": 26.25, "lat": 28.75}}, {"type": "Feature", "geometry": {"type": "Polygon", "coordinates": [[[25.0, 30.0], [25.0, 32.5], [27.5, 32.5], [27.5, 30.0], [25.0, 30.0]]]}, "properties": {"cell_id": "10_48", "lon": 26.25, "lat": 31.25}}, {"type": "Feature", "geometry": {"type": "Polygon", "coordinates": [[[25.0, 40.0], [25.0, 42.5], [27.5, 42.5], [27.5, 40.0], [25.0, 40.0]]]}, "properties": {"cell_id": "10_52", "lon": 26.25, "lat": 41.25}}, {"type": "Feature", "geometry": {"type": "Polygon", "coordinates": [[[25.0, 42.5], [25.0, 45.0], [27.5, 45.0], [27.5, 42.5], [25.0, 42.5]]]}, "properties": {"cell_id": "10_53", "lon": 26.25, "lat": 43.75}}, {"type": "Feature", "geometry": {"type": "Polygon", "coordinates": [[[25.0, 45.0], [25.0, 47.5], [27.5, 47.5], [27.5, 45.0], [25.0, 45.0]]]}, "properties": {"cell_id": "10_54", "lon": 26.25, "lat": 46.25}}, {"type": "Feature", "geometry": {"type": "Polygon", "coordinates": [[[25.0, 47.5], [25.0, 50.0], [27.5, 50.0], [27.5, 47.5], [25.0, 47.5]]]}, "properties": {"cell_id": "10_55", "lon": 26.25, "lat": 48.75}}, {"type": "Feature", "geometry": {"type": "Polygon", "coordinates": [[[25.0, 50.0], [25.0, 52.5], [27.5, 52.5], [27.5, 50.0], [25.0, 50.0]]]}, "properties": {"cell_id": "10_56", "lon": 26.25, "lat": 51.25}}, {"type": "Feature", "geometry": {"type": "Polygon", "coordinates": [[[25.0, 52.5], [25.0, 55.0], [27.5, 55.0], [27.5, 52.5], [25.0, 52.5]]]}, "properties": {"cell_id": "10_57", "lon": 26.25, "lat": 53.75}}, {"type": "Feature", "geometry": {"type": "Polygon", "coordinates": [[[25.0, 55.0], [25.0, 57.5], [27.5, 57.5], [27.5, 55.0], [25.0, 55.0]]]}, "properties": {"cell_id": "10_58", "lon": 26.25, "lat": 56.25}}, {"type": "Feature", "geometry": {"type": "Polygon", "coordinates": [[[25.0, 57.5], [25.0, 60.0], [27.5, 60.0], [27.5, 57.5], [25.0, 57.5]]]}, "properties": {"cell_id": "10_59", "lon": 26.25, "lat": 58.75}}, {"type": "Feature", "geometry": {"type": "Polygon", "coordinates": [[[25.0, 60.0], [25.0, 62.5], [27.5, 62.5], [27.5, 60.0], [25.0, 60.0]]]}, "properties": {"cell_id": "10_60", "lon": 26.25, "lat": 61.25}}, {"type": "Feature", "geometry": {"type": "Polygon", "coordinates": [[[25.0, 62.5], [25.0, 65.0], [27.5, 65.0], [27.5, 62.5], [25.0, 62.5]]]}, "properties": {"cell_id": "10_61", "lon": 26.25, "lat": 63.75}}, {"type": "Feature", "geometry": {"type": "Polygon", "coordinates": [[[25.0, 65.0], [25.0, 67.5], [27.5, 67.5], [27.5, 65.0], [25.0, 65.0]]]}, "properties": {"cell_id": "10_62", "lon": 26.25, "lat": 66.25}}, {"type": "Feature", "geometry": {"type": "Polygon", "coordinates": [[[25.0, 67.5], [25.0, 70.0], [27.5, 70.0], [27.5, 67.5], [25.0, 67.5]]]}, "properties": {"cell_id": "10_63", "lon": 26.25, "lat": 68.75}}, {"type": "Feature", "geometry": {"type": "Polygon", "coordinates": [[[27.5, -32.5], [27.5, -30.0], [30.0, -30.0], [30.0, -32.5], [27.5, -32.5]]]}, "properties": {"cell_id": "11_23", "lon": 28.75, "lat": -31.25}}, {"type": "Feature", "geometry": {"type": "Polygon", "coordinates": [[[27.5, -30.0], [27.5, -27.5], [30.0, -27.5], [30.0, -30.0], [27.5, -30.0]]]}, "properties": {"cell_id": "11_24", "lon": 28.75, "lat": -28.75}}, {"type": "Feature", "geometry": {"type": "Polygon", "coordinates": [[[27.5, -27.5], [27.5, -25.0], [30.0, -25.0], [30.0, -27.5], [27.5, -27.5]]]}, "properties": {"cell_id": "11_25", "lon": 28.75, "lat": -26.25}}, {"type": "Feature", "geometry": {"type": "Polygon", "coordinates": [[[27.5, -25.0], [27.5, -22.5], [30.0, -22.5], [30.0, -25.0], [27.5, -25.0]]]}, "properties": {"cell_id": "11_26", "lon": 28.75, "lat": -23.75}}, {"type": "Feature", "geometry": {"type": "Polygon", "coordinates": [[[27.5, -22.5], [27.5, -20.0], [30.0, -20.0], [30.0, -22.5], [27.5, -22.5]]]}, "properties": {"cell_id": "11_27", "lon": 28.75, "lat": -21.25}}, {"type": "Feature", "geometry": {"type": "Polygon", "coordinates": [[[27.5, -20.0], [27.5, -17.5], [30.0, -17.5], [30.0, -20.0], [27.5, -20.0]]]}, "properties": {"cell_id": "11_28", "lon": 28.75, "lat": -18.75}}, {"type": "Feature", "geometry": {"type": "Polygon", "coordinates": [[[27.5, -17.5], [27.5, -15.0], [30.0, -15.0], [30.0, -17.5], [27.5, -17.5]]]}, "properties": {"cell_id": "11_29", "lon": 28.75, "lat": -16.25}}, {"type": "Feature", "geometry": {"type": "Polygon", "coordinates": [[[27.5, -15.0], [27.5, -12.5], [30.0, -12.5], [30.0, -15.0], [27.5, -15.0]]]}, "properties": {"cell_id": "11_30", "lon": 28.75, "lat": -13.75}}, {"type": "Feature", "geometry": {"type": "Polygon", "coordinates": [[[27.5, -12.5], [27.5, -10.0], [30.0, -10.0], [30.0, -12.5], [27.5, -12.5]]]}, "properties": {"cell_id": "11_31", "lon": 28.75, "lat": -11.25}}, {"type": "Feature", "geometry": {"type": "Polygon", "coordinates": [[[27.5, -10.0], [27.5, -7.5], [30.0, -7.5], [30.0, -10.0], [27.5, -10.0]]]}, "properties": {"cell_id": "11_32", "lon": 28.75, "lat": -8.75}}, {"type": "Feature", "geometry": {"type": "Polygon", "coordinates": [[[27.5, -7.5], [27.5, -5.0], [30.0, -5.0], [30.0, -7.5], [27.5, -7.5]]]}, "properties": {"cell_id": "11_33", "lon": 28.75, "lat": -6.25}}, {"type": "Feature", "geometry": {"type": "Polygon", "coordinates": [[[27.5, -5.0], [27.5, -2.5], [30.0, -2.5], [30.0, -5.0], [27.5, -5.0]]]}, "properties": {"cell_id": "11_34", "lon": 28.75, "lat": -3.75}}, {"type": "Feature", "geometry": {"type": "Polygon", "coordinates": [[[27.5, -2.5], [27.5, 0.0], [30.0, 0.0], [30.0, -2.5], [27.5, -2.5]]]}, "properties": {"cell_id": "11_35", "lon": 28.75, "lat": -1.25}}, {"type": "Feature", "geometry": {"type": "Polygon", "coordinates": [[[27.5, 0.0], [27.5, 2.5], [30.0, 2.5], [30.0, 0.0], [27.5, 0.0]]]}, "properties": {"cell_id": "11_36", "lon": 28.75, "lat": 1.25}}, {"type": "Feature", "geometry": {"type": "Polygon", "coordinates": [[[27.5, 2.5], [27.5, 5.0], [30.0, 5.0], [30.0, 2.5], [27.5, 2.5]]]}, "properties": {"cell_id": "11_37", "lon": 28.75, "lat": 3.75}}, {"type": "Feature", "geometry": {"type": "Polygon", "coordinates": [[[27.5, 5.0], [27.5, 7.5], [30.0, 7.5], [30.0, 5.0], [27.5, 5.0]]]}, "properties": {"cell_id": "11_38", "lon": 28.75, "lat": 6.25}}, {"type": "Feature", "geometry": {"type": "Polygon", "coordinates": [[[27.5, 7.5], [27.5, 10.0], [30.0, 10.0], [30.0, 7.5], [27.5, 7.5]]]}, "properties": {"cell_id": "11_39", "lon": 28.75, "lat": 8.75}}, {"type": "Feature", "geometry": {"type": "Polygon", "coordinates": [[[27.5, 10.0], [27.5, 12.5], [30.0, 12.5], [30.0, 10.0], [27.5, 10.0]]]}, "properties": {"cell_id": "11_40", "lon": 28.75, "lat": 11.25}}, {"type": "Feature", "geometry": {"type": "Polygon", "coordinates": [[[27.5, 12.5], [27.5, 15.0], [30.0, 15.0], [30.0, 12.5], [27.5, 12.5]]]}, "properties": {"cell_id": "11_41", "lon": 28.75, "lat": 13.75}}, {"type": "Feature", "geometry": {"type": "Polygon", "coordinates": [[[27.5, 15.0], [27.5, 17.5], [30.0, 17.5], [30.0, 15.0], [27.5, 15.0]]]}, "properties": {"cell_id": "11_42", "lon": 28.75, "lat": 16.25}}, {"type": "Feature", "geometry": {"type": "Polygon", "coordinates": [[[27.5, 17.5], [27.5, 20.0], [30.0, 20.0], [30.0, 17.5], [27.5, 17.5]]]}, "properties": {"cell_id": "11_43", "lon": 28.75, "lat": 18.75}}, {"type": "Feature", "geometry": {"type": "Polygon", "coordinates": [[[27.5, 20.0], [27.5, 22.5], [30.0, 22.5], [30.0, 20.0], [27.5, 20.0]]]}, "properties": {"cell_id": "11_44", "lon": 28.75, "lat": 21.25}}, {"type": "Feature", "geometry": {"type": "Polygon", "coordinates": [[[27.5, 22.5], [27.5, 25.0], [30.0, 25.0], [30.0, 22.5], [27.5, 22.5]]]}, "properties": {"cell_id": "11_45", "lon": 28.75, "lat": 23.75}}, {"type": "Feature", "geometry": {"type": "Polygon", "coordinates": [[[27.5, 25.0], [27.5, 27.5], [30.0, 27.5], [30.0, 25.0], [27.5, 25.0]]]}, "properties": {"cell_id": "11_46", "lon": 28.75, "lat": 26.25}}, {"type": "Feature", "geometry": {"type": "Polygon", "coordinates": [[[27.5, 27.5], [27.5, 30.0], [30.0, 30.0], [30.0, 27.5], [27.5, 27.5]]]}, "properties": {"cell_id": "11_47", "lon": 28.75, "lat": 28.75}}, {"type": "Feature", "geometry": {"type": "Polygon", "coordinates": [[[27.5, 37.5], [27.5, 40.0], [30.0, 40.0], [30.0, 37.5], [27.5, 37.5]]]}, "properties": {"cell_id": "11_51", "lon": 28.75, "lat": 38.75}}, {"type": "Feature", "geometry": {"type": "Polygon", "coordinates": [[[27.5, 40.0], [27.5, 42.5], [30.0, 42.5], [30.0, 40.0], [27.5, 40.0]]]}, "properties": {"cell_id": "11_52", "lon": 28.75, "lat": 41.25}}, {"type": "Feature", "geometry": {"type": "Polygon", "coordinates": [[[27.5, 45.0], [27.5, 47.5], [30.0, 47.5], [30.0, 45.0], [27.5, 45.0]]]}, "properties": {"cell_id": "11_54", "lon": 28.75, "lat": 46.25}}, {"type": "Feature", "geometry": {"type": "Polygon", "coordinates": [[[27.5, 47.5], [27.5, 50.0], [30.0, 50.0], [30.0, 47.5], [27.5, 47.5]]]}, "properties": {"cell_id": "11_55", "lon": 28.75, "lat": 48.75}}, {"type": "Feature", "geometry": {"type": "Polygon", "coordinates": [[[27.5, 50.0], [27.5, 52.5], [30.0, 52.5], [30.0, 50.0], [27.5, 50.0]]]}, "properties": {"cell_id": "11_56", "lon": 28.75, "lat": 51.25}}, {"type": "Feature", "geometry": {"type": "Polygon", "coordinates": [[[27.5, 52.5], [27.5, 55.0], [30.0, 55.0], [30.0, 52.5], [27.5, 52.5]]]}, "properties": {"cell_id": "11_57", "lon": 28.75, "lat": 53.75}}, {"type": "Feature", "geometry": {"type": "Polygon", "coordinates": [[[27.5, 55.0], [27.5, 57.5], [30.0, 57.5], [30.0, 55.0], [27.5, 55.0]]]}, "properties": {"cell_id": "11_58", "lon": 28.75, "lat": 56.25}}, {"type": "Feature", "geometry": {"type": "Polygon", "coordinates": [[[27.5, 57.5], [27.5, 60.0], [30.0, 60.0], [30.0, 57.5], [27.5, 57.5]]]}, "properties": {"cell_id": "11_59", "lon": 28.75, "lat": 58.75}}, {"type": "Feature", "geometry": {"type": "Polygon", "coordinates": [[[27.5, 60.0], [27.5, 62.5], [30.0, 62.5], [30.0, 60.0], [27.5, 60.0]]]}, "properties": {"cell_id": "11_60", "lon": 28.75, "lat": 61.25}}, {"type": "Feature", "geometry": {"type": "Polygon", "coordinates": [[[27.5, 62.5], [27.5, 65.0], [30.0, 65.0], [30.0, 62.5], [27.5, 62.5]]]}, "properties": {"cell_id": "11_61", "lon": 28.75, "lat": 63.75}}, {"type": "Feature", "geometry": {"type": "Polygon", "coordinates": [[[27.5, 65.0], [27.5, 67.5], [30.0, 67.5], [30.0, 65.0], [27.5, 65.0]]]}, "properties": {"cell_id": "11_62", "lon": 28.75, "lat": 66.25}}, {"type": "Feature", "geometry": {"type": "Polygon", "coordinates": [[[27.5, 67.5], [27.5, 70.0], [30.0, 70.0], [30.0, 67.5], [27.5, 67.5]]]}, "properties": {"cell_id": "11_63", "lon": 28.75, "lat": 68.75}}, {"type": "Feature", "geometry": {"type": "Polygon", "coordinates": [[[30.0, -30.0], [30.0, -27.5], [32.5, -27.5], [32.5, -30.0], [30.0, -30.0]]]}, "properties": {"cell_id": "12_24", "lon": 31.25, "lat": -28.75}}, {"type": "Feature", "geometry": {"type": "Polygon", "coordinates": [[[30.0, -27.5], [30.0, -25.0], [32.5, -25.0], [32.5, -27.5], [30.0, -27.5]]]}, "properties": {"cell_id": "12_25", "lon": 31.25, "lat": -26.25}}, {"type": "Feature", "geometry": {"type": "Polygon", "coordinates": [[[30.0, -25.0], [30.0, -22.5], [32.5, -22.5], [32.5, -25.0], [30.0, -25.0]]]}, "properties": {"cell_id": "12_26", "lon": 31.25, "lat": -23.75}}, {"type": "Feature", "geometry": {"type": "Polygon", "coordinates": [[[30.0, -22.5], [30.0, -20.0], [32.5, -20.0], [32.5, -22.5], [30.0, -22.5]]]}, "properties": {"cell_id": "12_27", "lon": 31.25, "lat": -21.25}}, {"type": "Feature", "geometry": {"type": "Polygon", "coordinates": [[[30.0, -20.0], [30.0, -17.5], [32.5, -17.5], [32.5, -20.0], [30.0, -20.0]]]}, "properties": {"cell_id": "12_28", "lon": 31.25, "lat": -18.75}}, {"type": "Feature", "geometry": {"type": "Polygon", "coordinates": [[[30.0, -17.5], [30.0, -15.0], [32.5, -15.0], [32.5, -17.5], [30.0, -17.5]]]}, "properties": {"cell_id": "12_29", "lon": 31.25, "lat": -16.25}}, {"type": "Feature", "geometry": {"type": "Polygon", "coordinates": [[[30.0, -15.0], [30.0, -12.5], [32.5, -12.5], [32.5, -15.0], [30.0, -15.0]]]}, "properties": {"cell_id": "12_30", "lon": 31.25, "lat": -13.75}}, {"type": "Feature", "geometry": {"type": "Polygon", "coordinates": [[[30.0, -12.5], [30.0, -10.0], [32.5, -10.0], [32.5, -12.5], [30.0, -12.5]]]}, "properties": {"cell_id": "12_31", "lon": 31.25, "lat": -11.25}}, {"type": "Feature", "geometry": {"type": "Polygon", "coordinates": [[[30.0, -10.0], [30.0, -7.5], [32.5, -7.5], [32.5, -10.0], [30.0, -10.0]]]}, "properties": {"cell_id": "12_32", "lon": 31.25, "lat": -8.75}}, {"type": "Feature", "geometry": {"type": "Polygon", "coordinates": [[[30.0, -7.5], [30.0, -5.0], [32.5, -5.0], [32.5, -7.5], [30.0, -7.5]]]}, "properties": {"cell_id": "12_33", "lon": 31.25, "lat": -6.25}}, {"type": "Feature", "geometry": {"type": "Polygon", "coordinates": [[[30.0, -5.0], [30.0, -2.5], [32.5, -2.5], [32.5, -5.0], [30.0, -5.0]]]}, "properties": {"cell_id": "12_34", "lon": 31.25, "lat": -3.75}}, {"type": "Feature", "geometry": {"type": "Polygon", "coordinates": [[[30.0, -2.5], [30.0, 0.0], [32.5, 0.0], [32.5, -2.5], [30.0, -2.5]]]}, "properties": {"cell_id": "12_35", "lon": 31.25, "lat": -1.25}}, {"type": "Feature", "geometry": {"type": "Polygon", "coordinates": [[[30.0, 0.0], [30.0, 2.5], [32.5, 2.5], [32.5, 0.0], [30.0, 0.0]]]}, "properties": {"cell_id": "12_36", "lon": 31.25, "lat": 1.25}}, {"type": "Feature", "geometry": {"type": "Polygon", "coordinates": [[[30.0, 2.5], [30.0, 5.0], [32.5, 5.0], [32.5, 2.5], [30.0, 2.5]]]}, "properties": {"cell_id": "12_37", "lon": 31.25, "lat": 3.75}}, {"type": "Feature", "geometry": {"type": "Polygon", "coordinates": [[[30.0, 5.0], [30.0, 7.5], [32.5, 7.5], [32.5, 5.0], [30.0, 5.0]]]}, "properties": {"cell_id": "12_38", "lon": 31.25, "lat": 6.25}}, {"type": "Feature", "geometry": {"type": "Polygon", "coordinates": [[[30.0, 7.5], [30.0, 10.0], [32.5, 10.0], [32.5, 7.5], [30.0, 7.5]]]}, "properties": {"cell_id": "12_39", "lon": 31.25, "lat": 8.75}}, {"type": "Feature", "geometry": {"type": "Polygon", "coordinates": [[[30.0, 10.0], [30.0, 12.5], [32.5, 12.5], [32.5, 10.0], [30.0, 10.0]]]}, "properties": {"cell_id": "12_40", "lon": 31.25, "lat": 11.25}}, {"type": "Feature", "geometry": {"type": "Polygon", "coordinates": [[[30.0, 12.5], [30.0, 15.0], [32.5, 15.0], [32.5, 12.5], [30.0, 12.5]]]}, "properties": {"cell_id": "12_41", "lon": 31.25, "lat": 13.75}}, {"type": "Feature", "geometry": {"type": "Polygon", "coordinates": [[[30.0, 15.0], [30.0, 17.5], [32.5, 17.5], [32.5, 15.0], [30.0, 15.0]]]}, "properties": {"cell_id": "12_42", "lon": 31.25, "lat": 16.25}}, {"type": "Feature", "geometry": {"type": "Polygon", "coordinates": [[[30.0, 17.5], [30.0, 20.0], [32.5, 20.0], [32.5, 17.5], [30.0, 17.5]]]}, "properties": {"cell_id": "12_43", "lon": 31.25, "lat": 18.75}}, {"type": "Feature", "geometry": {"type": "Polygon", "coordinates": [[[30.0, 20.0], [30.0, 22.5], [32.5, 22.5], [32.5, 20.0], [30.0, 20.0]]]}, "properties": {"cell_id": "12_44", "lon": 31.25, "lat": 21.25}}, {"type": "Feature", "geometry": {"type": "Polygon", "coordinates": [[[30.0, 22.5], [30.0, 25.0], [32.5, 25.0], [32.5, 22.5], [30.0, 22.5]]]}, "properties": {"cell_id": "12_45", "lon": 31.25, "lat": 23.75}}, {"type": "Feature", "geometry": {"type": "Polygon", "coordinates": [[[30.0, 25.0], [30.0, 27.5], [32.5, 27.5], [32.5, 25.0], [30.0, 25.0]]]}, "properties": {"cell_id": "12_46", "lon": 31.25, "lat": 26.25}}, {"type": "Feature", "geometry": {"type": "Polygon", "coordinates": [[[30.0, 27.5], [30.0, 30.0], [32.5, 30.0], [32.5, 27.5], [30.0, 27.5]]]}, "properties": {"cell_id": "12_47", "lon": 31.25, "lat": 28.75}}, {"type": "Feature", "geometry": {"type": "Polygon", "coordinates": [[[30.0, 30.0], [30.0, 32.5], [32.5, 32.5], [32.5, 30.0], [30.0, 30.0]]]}, "properties": {"cell_id": "12_48", "lon": 31.25, "lat": 31.25}}, {"type": "Feature", "geometry": {"type": "Polygon", "coordinates": [[[30.0, 37.5], [30.0, 40.0], [32.5, 40.0], [32.5, 37.5], [30.0, 37.5]]]}, "properties": {"cell_id": "12_51", "lon": 31.25, "lat": 38.75}}, {"type": "Feature", "geometry": {"type": "Polygon", "coordinates": [[[30.0, 47.5], [30.0, 50.0], [32.5, 50.0], [32.5, 47.5], [30.0, 47.5]]]}, "properties": {"cell_id": "12_55", "lon": 31.25, "lat": 48.75}}, {"type": "Feature", "geometry": {"type": "Polygon", "coordinates": [[[30.0, 50.0], [30.0, 52.5], [32.5, 52.5], [32.5, 50.0], [30.0, 50.0]]]}, "properties": {"cell_id": "12_56", "lon": 31.25, "lat": 51.25}}, {"type": "Feature", "geometry": {"type": "Polygon", "coordinates": [[[30.0, 52.5], [30.0, 55.0], [32.5, 55.0], [32.5, 52.5], [30.0, 52.5]]]}, "properties": {"cell_id": "12_57", "lon": 31.25, "lat": 53.75}}, {"type": "Feature", "geometry": {"type": "Polygon", "coordinates": [[[30.0, 55.0], [30.0, 57.5], [32.5, 57.5], [32.5, 55.0], [30.0, 55.0]]]}, "properties": {"cell_id": "12_58", "lon": 31.25, "lat": 56.25}}, {"type": "Feature", "geometry": {"type": "Polygon", "coordinates": [[[30.0, 57.5], [30.0, 60.0], [32.5, 60.0], [32.5, 57.5], [30.0, 57.5]]]}, "properties": {"cell_id": "12_59", "lon": 31.25, "lat": 58.75}}, {"type": "Feature", "geometry": {"type": "Polygon", "coordinates": [[[30.0, 60.0], [30.0, 62.5], [32.5, 62.5], [32.5, 60.0], [30.0, 60.0]]]}, "properties": {"cell_id": "12_60", "lon": 31.25, "lat": 61.25}}, {"type": "Feature", "geometry": {"type": "Polygon", "coordinates": [[[30.0, 62.5], [30.0, 65.0], [32.5, 65.0], [32.5, 62.5], [30.0, 62.5]]]}, "properties": {"cell_id": "12_61", "lon": 31.25, "lat": 63.75}}, {"type": "Feature", "geometry": {"type": "Polygon", "coordinates": [[[30.0, 65.0], [30.0, 67.5], [32.5, 67.5], [32.5, 65.0], [30.0, 65.0]]]}, "properties": {"cell_id": "12_62", "lon": 31.25, "lat": 66.25}}, {"type": "Feature", "geometry": {"type": "Polygon", "coordinates": [[[30.0, 67.5], [30.0, 70.0], [32.5, 70.0], [32.5, 67.5], [30.0, 67.5]]]}, "properties": {"cell_id": "12_63", "lon": 31.25, "lat": 68.75}}, {"type": "Feature", "geometry": {"type": "Polygon", "coordinates": [[[32.5, -25.0], [32.5, -22.5], [35.0, -22.5], [35.0, -25.0], [32.5, -25.0]]]}, "properties": {"cell_id": "13_26", "lon": 33.75, "lat": -23.75}}, {"type": "Feature", "geometry": {"type": "Polygon", "coordinates": [[[32.5, -22.5], [32.5, -20.0], [35.0, -20.0], [35.0, -22.5], [32.5, -22.5]]]}, "properties": {"cell_id": "13_27", "lon": 33.75, "lat": -21.25}}, {"type": "Feature", "geometry": {"type": "Polygon", "coordinates": [[[32.5, -20.0], [32.5, -17.5], [35.0, -17.5], [35.0, -20.0], [32.5, -20.0]]]}, "properties": {"cell_id": "13_28", "lon": 33.75, "lat": -18.75}}, {"type": "Feature", "geometry": {"type": "Polygon", "coordinates": [[[32.5, -17.5], [32.5, -15.0], [35.0, -15.0], [35.0, -17.5], [32.5, -17.5]]]}, "properties": {"cell_id": "13_29", "lon": 33.75, "lat": -16.25}}, {"type": "Feature", "geometry": {"type": "Polygon", "coordinates": [[[32.5, -15.0], [32.5, -12.5], [35.0, -12.5], [35.0, -15.0], [32.5, -15.0]]]}, "properties": {"cell_id": "13_30", "lon": 33.75, "lat": -13.75}}, {"type": "Feature", "geometry": {"type": "Polygon", "coordinates": [[[32.5, -12.5], [32.5, -10.0], [35.0, -10.0], [35.0, -12.5], [32.5, -12.5]]]}, "properties": {"cell_id": "13_31", "lon": 33.75, "lat": -11.25}}, {"type": "Feature", "geometry": {"type": "Polygon", "coordinates": [[[32.5, -10.0], [32.5, -7.5], [35.0, -7.5], [35.0, -10.0], [32.5, -10.0]]]}, "properties": {"cell_id": "13_32", "lon": 33.75, "lat": -8.75}}, {"type": "Feature", "geometry": {"type": "Polygon", "coordinates": [[[32.5, -7.5], [32.5, -5.0], [35.0, -5.0], [35.0, -7.5], [32.5, -7.5]]]}, "properties": {"cell_id": "13_33", "lon": 33.75, "lat": -6.25}}, {"type": "Feature", "geometry": {"type": "Polygon", "coordinates": [[[32.5, -5.0], [32.5, -2.5], [35.0, -2.5], [35.0, -5.0], [32.5, -5.0]]]}, "properties": {"cell_id": "13_34", "lon": 33.75, "lat": -3.75}}, {"type": "Feature", "geometry": {"type": "Polygon", "coordinates": [[[32.5, -2.5], [32.5, 0.0], [35.0, 0.0], [35.0, -2.5], [32.5, -2.5]]]}, "properties": {"cell_id": "13_35", "lon": 33.75, "lat": -1.25}}, {"type": "Feature", "geometry": {"type": "Polygon", "coordinates": [[[32.5, 0.0], [32.5, 2.5], [35.0, 2.5], [35.0, 0.0], [32.5, 0.0]]]}, "properties": {"cell_id": "13_36", "lon": 33.75, "lat": 1.25}}, {"type": "Feature", "geometry": {"type": "Polygon", "coordinates": [[[32.5, 2.5], [32.5, 5.0], [35.0, 5.0], [35.0, 2.5], [32.5, 2.5]]]}, "properties": {"cell_id": "13_37", "lon": 33.75, "lat": 3.75}}, {"type": "Feature", "geometry": {"type": "Polygon", "coordinates": [[[32.5, 5.0], [32.5, 7.5], [35.0, 7.5], [35.0, 5.0], [32.5, 5.0]]]}, "properties": {"cell_id": "13_38", "lon": 33.75, "lat": 6.25}}, {"type": "Feature", "geometry": {"type": "Polygon", "coordinates": [[[32.5, 7.5], [32.5, 10.0], [35.0, 10.0], [35.0, 7.5], [32.5, 7.5]]]}, "properties": {"cell_id": "13_39", "lon": 33.75, "lat": 8.75}}, {"type": "Feature", "geometry": {"type": "Polygon", "coordinates": [[[32.5, 10.0], [32.5, 12.5], [35.0, 12.5], [35.0, 10.0], [32.5, 10.0]]]}, "properties": {"cell_id": "13_40", "lon": 33.75, "lat": 11.25}}, {"type": "Feature", "geometry": {"type": "Polygon", "coordinates": [[[32.5, 12.5], [32.5, 15.0], [35.0, 15.0], [35.0, 12.5], [32.5, 12.5]]]}, "properties": {"cell_id": "13_41", "lon": 33.75, "lat": 13.75}}, {"type": "Feature", "geometry": {"type": "Polygon", "coordinates": [[[32.5, 15.0], [32.5, 17.5], [35.0, 17.5], [35.0, 15.0], [32.5, 15.0]]]}, "properties": {"cell_id": "13_42", "lon": 33.75, "lat": 16.25}}, {"type": "Feature", "geometry": {"type": "Polygon", "coordinates": [[[32.5, 17.5], [32.5, 20.0], [35.0, 20.0], [35.0, 17.5], [32.5, 17.5]]]}, "properties": {"cell_id": "13_43", "lon": 33.75, "lat": 18.75}}, {"type": "Feature", "geometry": {"type": "Polygon", "coordinates": [[[32.5, 20.0], [32.5, 22.5], [35.0, 22.5], [35.0, 20.0], [32.5, 20.0]]]}, "properties": {"cell_id": "13_44", "lon": 33.75, "lat": 21.25}}, {"type": "Feature", "geometry": {"type": "Polygon", "coordinates": [[[32.5, 22.5], [32.5, 25.0], [35.0, 25.0], [35.0, 22.5], [32.5, 22.5]]]}, "properties": {"cell_id": "13_45", "lon": 33.75, "lat": 23.75}}, {"type": "Feature", "geometry": {"type": "Polygon", "coordinates": [[[32.5, 25.0], [32.5, 27.5], [35.0, 27.5], [35.0, 25.0], [32.5, 25.0]]]}, "properties": {"cell_id": "13_46", "lon": 33.75, "lat": 26.25}}, {"type": "Feature", "geometry": {"type": "Polygon", "coordinates": [[[32.5, 27.5], [32.5, 30.0], [35.0, 30.0], [35.0, 27.5], [32.5, 27.5]]]}, "properties": {"cell_id": "13_47", "lon": 33.75, "lat": 28.75}}, {"type": "Feature", "geometry": {"type": "Polygon", "coordinates": [[[32.5, 35.0], [32.5, 37.5], [35.0, 37.5], [35.0, 35.0], [32.5, 35.0]]]}, "properties": {"cell_id": "13_50", "lon": 33.75, "lat": 36.25}}, {"type": "Feature", "geometry": {"type": "Polygon", "coordinates": [[[32.5, 37.5], [32.5, 40.0], [35.0, 40.0], [35.0, 37.5], [32.5, 37.5]]]}, "properties": {"cell_id": "13_51", "lon": 33.75, "lat": 38.75}}, {"type": "Feature", "geometry": {"type": "Polygon", "coordinates": [[[32.5, 40.0], [32.5, 42.5], [35.0, 42.5], [35.0, 40.0], [32.5, 40.0]]]}, "properties": {"cell_id": "13_52", "lon": 33.75, "lat": 41.25}}, {"type": "Feature", "geometry": {"type": "Polygon", "coordinates": [[[32.5, 45.0], [32.5, 47.5], [35.0, 47.5], [35.0, 45.0], [32.5, 45.0]]]}, "properties": {"cell_id": "13_54", "lon": 33.75, "lat": 46.25}}, {"type": "Feature", "geometry": {"type": "Polygon", "coordinates": [[[32.5, 47.5], [32.5, 50.0], [35.0, 50.0], [35.0, 47.5], [32.5, 47.5]]]}, "properties": {"cell_id": "13_55", "lon": 33.75, "lat": 48.75}}, {"type": "Feature", "geometry": {"type": "Polygon", "coordinates": [[[32.5, 50.0], [32.5, 52.5], [35.0, 52.5], [35.0, 50.0], [32.5, 50.0]]]}, "properties": {"cell_id": "13_56", "lon": 33.75, "lat": 51.25}}, {"type": "Feature", "geometry": {"type": "Polygon", "coordinates": [[[32.5, 52.5], [32.5, 55.0], [35.0, 55.0], [35.0, 52.5], [32.5, 52.5]]]}, "properties": {"cell_id": "13_57", "lon": 33.75, "lat": 53.75}}, {"type": "Feature", "geometry": {"type": "Polygon", "coordinates": [[[32.5, 55.0], [32.5, 57.5], [35.0, 57.5], [35.0, 55.0], [32.5, 55.0]]]}, "properties": {"cell_id": "13_58", "lon": 33.75, "lat": 56.25}}, {"type": "Feature", "geometry": {"type": "Polygon", "coordinates": [[[32.5, 57.5], [32.5, 60.0], [35.0, 60.0], [35.0, 57.5], [32.5, 57.5]]]}, "properties": {"cell_id": "13_59", "lon": 33.75, "lat": 58.75}}, {"type": "Feature", "geometry": {"type": "Polygon", "coordinates": [[[32.5, 60.0], [32.5, 62.5], [35.0, 62.5], [35.0, 60.0], [32.5, 60.0]]]}, "properties": {"cell_id": "13_60", "lon": 33.75, "lat": 61.25}}, {"type": "Feature", "geometry": {"type": "Polygon", "coordinates": [[[32.5, 62.5], [32.5, 65.0], [35.0, 65.0], [35.0, 62.5], [32.5, 62.5]]]}, "properties": {"cell_id": "13_61", "lon": 33.75, "lat": 63.75}}, {"type": "Feature", "geometry": {"type": "Polygon", "coordinates": [[[32.5, 65.0], [32.5, 67.5], [35.0, 67.5], [35.0, 65.0], [32.5, 65.0]]]}, "properties": {"cell_id": "13_62", "lon": 33.75, "lat": 66.25}}, {"type": "Feature", "geometry": {"type": "Polygon", "coordinates": [[[32.5, 67.5], [32.5, 70.0], [35.0, 70.0], [35.0, 67.5], [32.5, 67.5]]]}, "properties": {"cell_id": "13_63", "lon": 33.75, "lat": 68.75}}, {"type": "Feature", "geometry": {"type": "Polygon", "coordinates": [[[35.0, -17.5], [35.0, -15.0], [37.5, -15.0], [37.5, -17.5], [35.0, -17.5]]]}, "properties": {"cell_id": "14_29", "lon": 36.25, "lat": -16.25}}, {"type": "Feature", "geometry": {"type": "Polygon", "coordinates": [[[35.0, -15.0], [35.0, -12.5], [37.5, -12.5], [37.5, -15.0], [35.0, -15.0]]]}, "properties": {"cell_id": "14_30", "lon": 36.25, "lat": -13.75}}, {"type": "Feature", "geometry": {"type": "Polygon", "coordinates": [[[35.0, -12.5], [35.0, -10.0], [37.5, -10.0], [37.5, -12.5], [35.0, -12.5]]]}, "properties": {"cell_id": "14_31", "lon": 36.25, "lat": -11.25}}, {"type": "Feature", "geometry": {"type": "Polygon", "coordinates": [[[35.0, -10.0], [35.0, -7.5], [37.5, -7.5], [37.5, -10.0], [35.0, -10.0]]]}, "properties": {"cell_id": "14_32", "lon": 36.25, "lat": -8.75}}, {"type": "Feature", "geometry": {"type": "Polygon", "coordinates": [[[35.0, -7.5], [35.0, -5.0], [37.5, -5.0], [37.5, -7.5], [35.0, -7.5]]]}, "properties": {"cell_id": "14_33", "lon": 36.25, "lat": -6.25}}, {"type": "Feature", "geometry": {"type": "Polygon", "coordinates": [[[35.0, -5.0], [35.0, -2.5], [37.5, -2.5], [37.5, -5.0], [35.0, -5.0]]]}, "properties": {"cell_id": "14_34", "lon": 36.25, "lat": -3.75}}, {"type": "Feature", "geometry": {"type": "Polygon", "coordinates": [[[35.0, -2.5], [35.0, 0.0], [37.5, 0.0], [37.5, -2.5], [35.0, -2.5]]]}, "properties": {"cell_id": "14_35", "lon": 36.25, "lat": -1.25}}, {"type": "Feature", "geometry": {"type": "Polygon", "coordinates": [[[35.0, 0.0], [35.0, 2.5], [37.5, 2.5], [37.5, 0.0], [35.0, 0.0]]]}, "properties": {"cell_id": "14_36", "lon": 36.25, "lat": 1.25}}, {"type": "Feature", "geometry": {"type": "Polygon", "coordinates": [[[35.0, 2.5], [35.0, 5.0], [37.5, 5.0], [37.5, 2.5], [35.0, 2.5]]]}, "properties": {"cell_id": "14_37", "lon": 36.25, "lat": 3.75}}, {"type": "Feature", "geometry": {"type": "Polygon", "coordinates": [[[35.0, 5.0], [35.0, 7.5], [37.5, 7.5], [37.5, 5.0], [35.0, 5.0]]]}, "properties": {"cell_id": "14_38", "lon": 36.25, "lat": 6.25}}, {"type": "Feature", "geometry": {"type": "Polygon", "coordinates": [[[35.0, 7.5], [35.0, 10.0], [37.5, 10.0], [37.5, 7.5], [35.0, 7.5]]]}, "properties": {"cell_id": "14_39", "lon": 36.25, "lat": 8.75}}, {"type": "Feature", "geometry": {"type": "Polygon", "coordinates": [[[35.0, 10.0], [35.0, 12.5], [37.5, 12.5], [37.5, 10.0], [35.0, 10.0]]]}, "properties": {"cell_id": "14_40", "lon": 36.25, "lat": 11.25}}, {"type": "Feature", "geometry": {"type": "Polygon", "coordinates": [[[35.0, 12.5], [35.0, 15.0], [37.5, 15.0], [37.5, 12.5], [35.0, 12.5]]]}, "properties": {"cell_id": "14_41", "lon": 36.25, "lat": 13.75}}, {"type": "Feature", "geometry": {"type": "Polygon", "coordinates": [[[35.0, 15.0], [35.0, 17.5], [37.5, 17.5], [37.5, 15.0], [35.0, 15.0]]]}, "properties": {"cell_id": "14_42", "lon": 36.25, "lat": 16.25}}, {"type": "Feature", "geometry": {"type": "Polygon", "coordinates": [[[35.0, 17.5], [35.0, 20.0], [37.5, 20.0], [37.5, 17.5], [35.0, 17.5]]]}, "properties": {"cell_id": "14_43", "lon": 36.25, "lat": 18.75}}, {"type": "Feature", "geometry": {"type": "Polygon", "coordinates": [[[35.0, 20.0], [35.0, 22.5], [37.5, 22.5], [37.5, 20.0], [35.0, 20.0]]]}, "properties": {"cell_id": "14_44", "lon": 36.25, "lat": 21.25}}, {"type": "Feature", "geometry": {"type": "Polygon", "coordinates": [[[35.0, 27.5], [35.0, 30.0], [37.5, 30.0], [37.5, 27.5], [35.0, 27.5]]]}, "properties": {"cell_id": "14_47", "lon": 36.25, "lat": 28.75}}, {"type": "Feature", "geometry": {"type": "Polygon", "coordinates": [[[35.0, 30.0], [35.0, 32.5], [37.5, 32.5], [37.5, 30.0], [35.0, 30.0]]]}, "properties": {"cell_id": "14_48", "lon": 36.25, "lat": 31.25}}, {"type": "Feature", "geometry": {"type": "Polygon", "coordinates": [[[35.0, 32.5], [35.0, 35.0], [37.5, 35.0], [37.5, 32.5], [35.0, 32.5]]]}, "properties": {"cell_id": "14_49", "lon": 36.25, "lat": 33.75}}, {"type": "Feature", "geometry": {"type": "Polygon", "coordinates": [[[35.0, 35.0], [35.0, 37.5], [37.5, 37.5], [37.5, 35.0], [35.0, 35.0]]]}, "properties": {"cell_id": "14_50", "lon": 36.25, "lat": 36.25}}, {"type": "Feature", "geometry": {"type": "Polygon", "coordinates": [[[35.0, 37.5], [35.0, 40.0], [37.5, 40.0], [37.5, 37.5], [35.0, 37.5]]]}, "properties": {"cell_id": "14_51", "lon": 36.25, "lat": 38.75}}, {"type": "Feature", "geometry": {"type": "Polygon", "coordinates": [[[35.0, 40.0], [35.0, 42.5], [37.5, 42.5], [37.5, 40.0], [35.0, 40.0]]]}, "properties": {"cell_id": "14_52", "lon": 36.25, "lat": 41.25}}, {"type": "Feature", "geometry": {"type": "Polygon", "coordinates": [[[35.0, 47.5], [35.0, 50.0], [37.5, 50.0], [37.5, 47.5], [35.0, 47.5]]]}, "properties": {"cell_id": "14_55", "lon": 36.25, "lat": 48.75}}, {"type": "Feature", "geometry": {"type": "Polygon", "coordinates": [[[35.0, 50.0], [35.0, 52.5], [37.5, 52.5], [37.5, 50.0], [35.0, 50.0]]]}, "properties": {"cell_id": "14_56", "lon": 36.25, "lat": 51.25}}, {"type": "Feature", "geometry": {"type": "Polygon", "coordinates": [[[35.0, 52.5], [35.0, 55.0], [37.5, 55.0], [37.5, 52.5], [35.0, 52.5]]]}, "properties": {"cell_id": "14_57", "lon": 36.25, "lat": 53.75}}, {"type": "Feature", "geometry": {"type": "Polygon", "coordinates": [[[35.0, 55.0], [35.0, 57.5], [37.5, 57.5], [37.5, 55.0], [35.0, 55.0]]]}, "properties": {"cell_id": "14_58", "lon": 36.25, "lat": 56.25}}, {"type": "Feature", "geometry": {"type": "Polygon", "coordinates": [[[35.0, 57.5], [35.0, 60.0], [37.5, 60.0], [37.5, 57.5], [35.0, 57.5]]]}, "properties": {"cell_id": "14_59", "lon": 36.25, "lat": 58.75}}, {"type": "Feature", "geometry": {"type": "Polygon", "coordinates": [[[35.0, 60.0], [35.0, 62.5], [37.5, 62.5], [37.5, 60.0], [35.0, 60.0]]]}, "properties": {"cell_id": "14_60", "lon": 36.25, "lat": 61.25}}, {"type": "Feature", "geometry": {"type": "Polygon", "coordinates": [[[35.0, 62.5], [35.0, 65.0], [37.5, 65.0], [37.5, 62.5], [35.0, 62.5]]]}, "properties": {"cell_id": "14_61", "lon": 36.25, "lat": 63.75}}, {"type": "Feature", "geometry": {"type": "Polygon", "coordinates": [[[35.0, 67.5], [35.0, 70.0], [37.5, 70.0], [37.5, 67.5], [35.0, 67.5]]]}, "properties": {"cell_id": "14_63", "lon": 36.25, "lat": 68.75}}, {"type": "Feature", "geometry": {"type": "Polygon", "coordinates": [[[37.5, -17.5], [37.5, -15.0], [40.0, -15.0], [40.0, -17.5], [37.5, -17.5]]]}, "properties": {"cell_id": "15_29", "lon": 38.75, "lat": -16.25}}, {"type": "Feature", "geometry": {"type": "Polygon", "coordinates": [[[37.5, -15.0], [37.5, -12.5], [40.0, -12.5], [40.0, -15.0], [37.5, -15.0]]]}, "properties": {"cell_id": "15_30", "lon": 38.75, "lat": -13.75}}, {"type": "Feature", "geometry": {"type": "Polygon", "coordinates": [[[37.5, -12.5], [37.5, -10.0], [40.0, -10.0], [40.0, -12.5], [37.5, -12.5]]]}, "properties": {"cell_id": "15_31", "lon": 38.75, "lat": -11.25}}, {"type": "Feature", "geometry": {"type": "Polygon", "coordinates": [[[37.5, -10.0], [37.5, -7.5], [40.0, -7.5], [40.0, -10.0], [37.5, -10.0]]]}, "properties": {"cell_id": "15_32", "lon": 38.75, "lat": -8.75}}, {"type": "Feature", "geometry": {"type": "Polygon", "coordinates": [[[37.5, -7.5], [37.5, -5.0], [40.0, -5.0], [40.0, -7.5], [37.5, -7.5]]]}, "properties": {"cell_id": "15_33", "lon": 38.75, "lat": -6.25}}, {"type": "Feature", "geometry": {"type": "Polygon", "coordinates": [[[37.5, -5.0], [37.5, -2.5], [40.0, -2.5], [40.0, -5.0], [37.5, -5.0]]]}, "properties": {"cell_id": "15_34", "lon": 38.75, "lat": -3.75}}, {"type": "Feature", "geometry": {"type": "Polygon", "coordinates": [[[37.5, -2.5], [37.5, 0.0], [40.0, 0.0], [40.0, -2.5], [37.5, -2.5]]]}, "properties": {"cell_id": "15_35", "lon": 38.75, "lat": -1.25}}, {"type": "Feature", "geometry": {"type": "Polygon", "coordinates": [[[37.5, 0.0], [37.5, 2.5], [40.0, 2.5], [40.0, 0.0], [37.5, 0.0]]]}, "properties": {"cell_id": "15_36", "lon": 38.75, "lat": 1.25}}, {"type": "Feature", "geometry": {"type": "Polygon", "coordinates": [[[37.5, 2.5], [37.5, 5.0], [40.0, 5.0], [40.0, 2.5], [37.5, 2.5]]]}, "properties": {"cell_id": "15_37", "lon": 38.75, "lat": 3.75}}, {"type": "Feature", "geometry": {"type": "Polygon", "coordinates": [[[37.5, 5.0], [37.5, 7.5], [40.0, 7.5], [40.0, 5.0], [37.5, 5.0]]]}, "properties": {"cell_id": "15_38", "lon": 38.75, "lat": 6.25}}, {"type": "Feature", "geometry": {"type": "Polygon", "coordinates": [[[37.5, 7.5], [37.5, 10.0], [40.0, 10.0], [40.0, 7.5], [37.5, 7.5]]]}, "properties": {"cell_id": "15_39", "lon": 38.75, "lat": 8.75}}, {"type": "Feature", "geometry": {"type": "Polygon", "coordinates": [[[37.5, 10.0], [37.5, 12.5], [40.0, 12.5], [40.0, 10.0], [37.5, 10.0]]]}, "properties": {"cell_id": "15_40", "lon": 38.75, "lat": 11.25}}, {"type": "Feature", "geometry": {"type": "Polygon", "coordinates": [[[37.5, 12.5], [37.5, 15.0], [40.0, 15.0], [40.0, 12.5], [37.5, 12.5]]]}, "properties": {"cell_id": "15_41", "lon": 38.75, "lat": 13.75}}, {"type": "Feature", "geometry": {"type": "Polygon", "coordinates": [[[37.5, 15.0], [37.5, 17.5], [40.0, 17.5], [40.0, 15.0], [37.5, 15.0]]]}, "properties": {"cell_id": "15_42", "lon": 38.75, "lat": 16.25}}, {"type": "Feature", "geometry": {"type": "Polygon", "coordinates": [[[37.5, 22.5], [37.5, 25.0], [40.0, 25.0], [40.0, 22.5], [37.5, 22.5]]]}, "properties": {"cell_id": "15_45", "lon": 38.75, "lat": 23.75}}, {"type": "Feature", "geometry": {"type": "Polygon", "coordinates": [[[37.5, 25.0], [37.5, 27.5], [40.0, 27.5], [40.0, 25.0], [37.5, 25.0]]]}, "properties": {"cell_id": "15_46", "lon": 38.75, "lat": 26.25}}, {"type": "Feature", "geometry": {"type": "Polygon", "coordinates": [[[37.5, 27.5], [37.5, 30.0], [40.0, 30.0], [40.0, 27.5], [37.5, 27.5]]]}, "properties": {"cell_id": "15_47", "lon": 38.75, "lat": 28.75}}, {"type": "Feature", "geometry": {"type": "Polygon", "coordinates": [[[37.5, 30.0], [37.5, 32.5], [40.0, 32.5], [40.0, 30.0], [37.5, 30.0]]]}, "properties": {"cell_id": "15_48", "lon": 38.75, "lat": 31.25}}, {"type": "Feature", "geometry": {"type": "Polygon", "coordinates": [[[37.5, 32.5], [37.5, 35.0], [40.0, 35.0], [40.0, 32.5], [37.5, 32.5]]]}, "properties": {"cell_id": "15_49", "lon": 38.75, "lat": 33.75}}, {"type": "Feature", "geometry": {"type": "Polygon", "coordinates": [[[37.5, 35.0], [37.5, 37.5], [40.0, 37.5], [40.0, 35.0], [37.5, 35.0]]]}, "properties": {"cell_id": "15_50", "lon": 38.75, "lat": 36.25}}, {"type": "Feature", "geometry": {"type": "Polygon", "coordinates": [[[37.5, 37.5], [37.5, 40.0], [40.0, 40.0], [40.0, 37.5], [37.5, 37.5]]]}, "properties": {"cell_id": "15_51", "lon": 38.75, "lat": 38.75}}, {"type": "Feature", "geometry": {"type": "Polygon", "coordinates": [[[37.5, 45.0], [37.5, 47.5], [40.0, 47.5], [40.0, 45.0], [37.5, 45.0]]]}, "properties": {"cell_id": "15_54", "lon": 38.75, "lat": 46.25}}, {"type": "Feature", "geometry": {"type": "Polygon", "coordinates": [[[37.5, 47.5], [37.5, 50.0], [40.0, 50.0], [40.0, 47.5], [37.5, 47.5]]]}, "properties": {"cell_id": "15_55", "lon": 38.75, "lat": 48.75}}, {"type": "Feature", "geometry": {"type": "Polygon", "coordinates": [[[37.5, 50.0], [37.5, 52.5], [40.0, 52.5], [40.0, 50.0], [37.5, 50.0]]]}, "properties": {"cell_id": "15_56", "lon": 38.75, "lat": 51.25}}, {"type": "Feature", "geometry": {"type": "Polygon", "coordinates": [[[37.5, 52.5], [37.5, 55.0], [40.0, 55.0], [40.0, 52.5], [37.5, 52.5]]]}, "properties": {"cell_id": "15_57", "lon": 38.75, "lat": 53.75}}, {"type": "Feature", "geometry": {"type": "Polygon", "coordinates": [[[37.5, 55.0], [37.5, 57.5], [40.0, 57.5], [40.0, 55.0], [37.5, 55.0]]]}, "properties": {"cell_id": "15_58", "lon": 38.75, "lat": 56.25}}, {"type": "Feature", "geometry": {"type": "Polygon", "coordinates": [[[37.5, 57.5], [37.5, 60.0], [40.0, 60.0], [40.0, 57.5], [37.5, 57.5]]]}, "properties": {"cell_id": "15_59", "lon": 38.75, "lat": 58.75}}, {"type": "Feature", "geometry": {"type": "Polygon", "coordinates": [[[37.5, 60.0], [37.5, 62.5], [40.0, 62.5], [40.0, 60.0], [37.5, 60.0]]]}, "properties": {"cell_id": "15_60", "lon": 38.75, "lat": 61.25}}, {"type": "Feature", "geometry": {"type": "Polygon", "coordinates": [[[37.5, 62.5], [37.5, 65.0], [40.0, 65.0], [40.0, 62.5], [37.5, 62.5]]]}, "properties": {"cell_id": "15_61", "lon": 38.75, "lat": 63.75}}, {"type": "Feature", "geometry": {"type": "Polygon", "coordinates": [[[37.5, 65.0], [37.5, 67.5], [40.0, 67.5], [40.0, 65.0], [37.5, 65.0]]]}, "properties": {"cell_id": "15_62", "lon": 38.75, "lat": 66.25}}, {"type": "Feature", "geometry": {"type": "Polygon", "coordinates": [[[40.0, -2.5], [40.0, 0.0], [42.5, 0.0], [42.5, -2.5], [40.0, -2.5]]]}, "properties": {"cell_id": "16_35", "lon": 41.25, "lat": -1.25}}, {"type": "Feature", "geometry": {"type": "Polygon", "coordinates": [[[40.0, 0.0], [40.0, 2.5], [42.5, 2.5], [42.5, 0.0], [40.0, 0.0]]]}, "properties": {"cell_id": "16_36", "lon": 41.25, "lat": 1.25}}, {"type": "Feature", "geometry": {"type": "Polygon", "coordinates": [[[40.0, 2.5], [40.0, 5.0], [42.5, 5.0], [42.5, 2.5], [40.0, 2.5]]]}, "properties": {"cell_id": "16_37", "lon": 41.25, "lat": 3.75}}, {"type": "Feature", "geometry": {"type": "Polygon", "coordinates": [[[40.0, 5.0], [40.0, 7.5], [42.5, 7.5], [42.5, 5.0], [40.0, 5.0]]]}, "properties": {"cell_id": "16_38", "lon": 41.25, "lat": 6.25}}, {"type": "Feature", "geometry": {"type": "Polygon", "coordinates": [[[40.0, 7.5], [40.0, 10.0], [42.5, 10.0], [42.5, 7.5], [40.0, 7.5]]]}, "properties": {"cell_id": "16_39", "lon": 41.25, "lat": 8.75}}, {"type": "Feature", "geometry": {"type": "Polygon", "coordinates": [[[40.0, 10.0], [40.0, 12.5], [42.5, 12.5], [42.5, 10.0], [40.0, 10.0]]]}, "properties": {"cell_id": "16_40", "lon": 41.25, "lat": 11.25}}, {"type": "Feature", "geometry": {"type": "Polygon", "coordinates": [[[40.0, 12.5], [40.0, 15.0], [42.5, 15.0], [42.5, 12.5], [40.0, 12.5]]]}, "properties": {"cell_id": "16_41", "lon": 41.25, "lat": 13.75}}, {"type": "Feature", "geometry": {"type": "Polygon", "coordinates": [[[40.0, 17.5], [40.0, 20.0], [42.5, 20.0], [42.5, 17.5], [40.0, 17.5]]]}, "properties": {"cell_id": "16_43", "lon": 41.25, "lat": 18.75}}, {"type": "Feature", "geometry": {"type": "Polygon", "coordinates": [[[40.0, 20.0], [40.0, 22.5], [42.5, 22.5], [42.5, 20.0], [40.0, 20.0]]]}, "properties": {"cell_id": "16_44", "lon": 41.25, "lat": 21.25}}, {"type": "Feature", "geometry": {"type": "Polygon", "coordinates": [[[40.0, 22.5], [40.0, 25.0], [42.5, 25.0], [42.5, 22.5], [40.0, 22.5]]]}, "properties": {"cell_id": "16_45", "lon": 41.25, "lat": 23.75}}, {"type": "Feature", "geometry": {"type": "Polygon", "coordinates": [[[40.0, 25.0], [40.0, 27.5], [42.5, 27.5], [42.5, 25.0], [40.0, 25.0]]]}, "properties": {"cell_id": "16_46", "lon": 41.25, "lat": 26.25}}, {"type": "Feature", "geometry": {"type": "Polygon", "coordinates": [[[40.0, 27.5], [40.0, 30.0], [42.5, 30.0], [42.5, 27.5], [40.0, 27.5]]]}, "properties": {"cell_id": "16_47", "lon": 41.25, "lat": 28.75}}, {"type": "Feature", "geometry": {"type": "Polygon", "coordinates": [[[40.0, 30.0], [40.0, 32.5], [42.5, 32.5], [42.5, 30.0], [40.0, 30.0]]]}, "properties": {"cell_id": "16_48", "lon": 41.25, "lat": 31.25}}, {"type": "Feature", "geometry": {"type": "Polygon", "coordinates": [[[40.0, 32.5], [40.0, 35.0], [42.5, 35.0], [42.5, 32.5], [40.0, 32.5]]]}, "properties": {"cell_id": "16_49", "lon": 41.25, "lat": 33.75}}, {"type": "Feature", "geometry": {"type": "Polygon", "coordinates": [[[40.0, 35.0], [40.0, 37.5], [42.5, 37.5], [42.5, 35.0], [40.0, 35.0]]]}, "properties": {"cell_id": "16_50", "lon": 41.25, "lat": 36.25}}, {"type": "Feature", "geometry": {"type": "Polygon", "coordinates": [[[40.0, 37.5], [40.0, 40.0], [42.5, 40.0], [42.5, 37.5], [40.0, 37.5]]]}, "properties": {"cell_id": "16_51", "lon": 41.25, "lat": 38.75}}, {"type": "Feature", "geometry": {"type": "Polygon", "coordinates": [[[40.0, 40.0], [40.0, 42.5], [42.5, 42.5], [42.5, 40.0], [40.0, 40.0]]]}, "properties": {"cell_id": "16_52", "lon": 41.25, "lat": 41.25}}, {"type": "Feature", "geometry": {"type": "Polygon", "coordinates": [[[40.0, 42.5], [40.0, 45.0], [42.5, 45.0], [42.5, 42.5], [40.0, 42.5]]]}, "properties": {"cell_id": "16_53", "lon": 41.25, "lat": 43.75}}, {"type": "Feature", "geometry": {"type": "Polygon", "coordinates": [[[40.0, 45.0], [40.0, 47.5], [42.5, 47.5], [42.5, 45.0], [40.0, 45.0]]]}, "properties": {"cell_id": "16_54", "lon": 41.25, "lat": 46.25}}, {"type": "Feature", "geometry": {"type": "Polygon", "coordinates": [[[40.0, 47.5], [40.0, 50.0], [42.5, 50.0], [42.5, 47.5], [40.0, 47.5]]]}, "properties": {"cell_id": "16_55", "lon": 41.25, "lat": 48.75}}, {"type": "Feature", "geometry": {"type": "Polygon", "coordinates": [[[40.0, 50.0], [40.0, 52.5], [42.5, 52.5], [42.5, 50.0], [40.0, 50.0]]]}, "properties": {"cell_id": "16_56", "lon": 41.25, "lat": 51.25}}, {"type": "Feature", "geometry": {"type": "Polygon", "coordinates": [[[40.0, 52.5], [40.0, 55.0], [42.5, 55.0], [42.5, 52.5], [40.0, 52.5]]]}, "properties": {"cell_id": "16_57", "lon": 41.25, "lat": 53.75}}, {"type": "Feature", "geometry": {"type": "Polygon", "coordinates": [[[40.0, 55.0], [40.0, 57.5], [42.5, 57.5], [42.5, 55.0], [40.0, 55.0]]]}, "properties": {"cell_id": "16_58", "lon": 41.25, "lat": 56.25}}, {"type": "Feature", "geometry": {"type": "Polygon", "coordinates": [[[40.0, 57.5], [40.0, 60.0], [42.5, 60.0], [42.5, 57.5], [40.0, 57.5]]]}, "properties": {"cell_id": "16_59", "lon": 41.25, "lat": 58.75}}, {"type": "Feature", "geometry": {"type": "Polygon", "coordinates": [[[40.0, 60.0], [40.0, 62.5], [42.5, 62.5], [42.5, 60.0], [40.0, 60.0]]]}, "properties": {"cell_id": "16_60", "lon": 41.25, "lat": 61.25}}, {"type": "Feature", "geometry": {"type": "Polygon", "coordinates": [[[40.0, 62.5], [40.0, 65.0], [42.5, 65.0], [42.5, 62.5], [40.0, 62.5]]]}, "properties": {"cell_id": "16_61", "lon": 41.25, "lat": 63.75}}, {"type": "Feature", "geometry": {"type": "Polygon", "coordinates": [[[42.5, -25.0], [42.5, -22.5], [45.0, -22.5], [45.0, -25.0], [42.5, -25.0]]]}, "properties": {"cell_id": "17_26", "lon": 43.75, "lat": -23.75}}, {"type": "Feature", "geometry": {"type": "Polygon", "coordinates": [[[42.5, -22.5], [42.5, -20.0], [45.0, -20.0], [45.0, -22.5], [42.5, -22.5]]]}, "properties": {"cell_id": "17_27", "lon": 43.75, "lat": -21.25}}, {"type": "Feature", "geometry": {"type": "Polygon", "coordinates": [[[42.5, 0.0], [42.5, 2.5], [45.0, 2.5], [45.0, 0.0], [42.5, 0.0]]]}, "properties": {"cell_id": "17_36", "lon": 43.75, "lat": 1.25}}, {"type": "Feature", "geometry": {"type": "Polygon", "coordinates": [[[42.5, 2.5], [42.5, 5.0], [45.0, 5.0], [45.0, 2.5], [42.5, 2.5]]]}, "properties": {"cell_id": "17_37", "lon": 43.75, "lat": 3.75}}, {"type": "Feature", "geometry": {"type": "Polygon", "coordinates": [[[42.5, 5.0], [42.5, 7.5], [45.0, 7.5], [45.0, 5.0], [42.5, 5.0]]]}, "properties": {"cell_id": "17_38", "lon": 43.75, "lat": 6.25}}, {"type": "Feature", "geometry": {"type": "Polygon", "coordinates": [[[42.5, 7.5], [42.5, 10.0], [45.0, 10.0], [45.0, 7.5], [42.5, 7.5]]]}, "properties": {"cell_id": "17_39", "lon": 43.75, "lat": 8.75}}, {"type": "Feature", "geometry": {"type": "Polygon", "coordinates": [[[42.5, 12.5], [42.5, 15.0], [45.0, 15.0], [45.0, 12.5], [42.5, 12.5]]]}, "properties": {"cell_id": "17_41", "lon": 43.75, "lat": 13.75}}, {"type": "Feature", "geometry": {"type": "Polygon", "coordinates": [[[42.5, 15.0], [42.5, 17.5], [45.0, 17.5], [45.0, 15.0], [42.5, 15.0]]]}, "properties": {"cell_id": "17_42", "lon": 43.75, "lat": 16.25}}, {"type": "Feature", "geometry": {"type": "Polygon", "coordinates": [[[42.5, 17.5], [42.5, 20.0], [45.0, 20.0], [45.0, 17.5], [42.5, 17.5]]]}, "properties": {"cell_id": "17_43", "lon": 43.75, "lat": 18.75}}, {"type": "Feature", "geometry": {"type": "Polygon", "coordinates": [[[42.5, 20.0], [42.5, 22.5], [45.0, 22.5], [45.0, 20.0], [42.5, 20.0]]]}, "properties": {"cell_id": "17_44", "lon": 43.75, "lat": 21.25}}, {"type": "Feature", "geometry": {"type": "Polygon", "coordinates": [[[42.5, 22.5], [42.5, 25.0], [45.0, 25.0], [45.0, 22.5], [42.5, 22.5]]]}, "properties": {"cell_id": "17_45", "lon": 43.75, "lat": 23.75}}, {"type": "Feature", "geometry": {"type": "Polygon", "coordinates": [[[42.5, 25.0], [42.5, 27.5], [45.0, 27.5], [45.0, 25.0], [42.5, 25.0]]]}, "properties": {"cell_id": "17_46", "lon": 43.75, "lat": 26.25}}, {"type": "Feature", "geometry": {"type": "Polygon", "coordinates": [[[42.5, 27.5], [42.5, 30.0], [45.0, 30.0], [45.0, 27.5], [42.5, 27.5]]]}, "properties": {"cell_id": "17_47", "lon": 43.75, "lat": 28.75}}, {"type": "Feature", "geometry": {"type": "Polygon", "coordinates": [[[42.5, 30.0], [42.5, 32.5], [45.0, 32.5], [45.0, 30.0], [42.5, 30.0]]]}, "properties": {"cell_id": "17_48", "lon": 43.75, "lat": 31.25}}, {"type": "Feature", "geometry": {"type": "Polygon", "coordinates": [[[42.5, 32.5], [42.5, 35.0], [45.0, 35.0], [45.0, 32.5], [42.5, 32.5]]]}, "properties": {"cell_id": "17_49", "lon": 43.75, "lat": 33.75}}, {"type": "Feature", "geometry": {"type": "Polygon", "coordinates": [[[42.5, 35.0], [42.5, 37.5], [45.0, 37.5], [45.0, 35.0], [42.5, 35.0]]]}, "properties": {"cell_id": "17_50", "lon": 43.75, "lat": 36.25}}, {"type": "Feature", "geometry": {"type": "Polygon", "coordinates": [[[42.5, 37.5], [42.5, 40.0], [45.0, 40.0], [45.0, 37.5], [42.5, 37.5]]]}, "properties": {"cell_id": "17_51", "lon": 43.75, "lat": 38.75}}, {"type": "Feature", "geometry": {"type": "Polygon", "coordinates": [[[42.5, 40.0], [42.5, 42.5], [45.0, 42.5], [45.0, 40.0], [42.5, 40.0]]]}, "properties": {"cell_id": "17_52", "lon": 43.75, "lat": 41.25}}, {"type": "Feature", "geometry": {"type": "Polygon", "coordinates": [[[42.5, 42.5], [42.5, 45.0], [45.0, 45.0], [45.0, 42.5], [42.5, 42.5]]]}, "properties": {"cell_id": "17_53", "lon": 43.75, "lat": 43.75}}, {"type": "Feature", "geometry": {"type": "Polygon", "coordinates": [[[42.5, 45.0], [42.5, 47.5], [45.0, 47.5], [45.0, 45.0], [42.5, 45.0]]]}, "properties": {"cell_id": "17_54", "lon": 43.75, "lat": 46.25}}, {"type": "Feature", "geometry": {"type": "Polygon", "coordinates": [[[42.5, 47.5], [42.5, 50.0], [45.0, 50.0], [45.0, 47.5], [42.5, 47.5]]]}, "properties": {"cell_id": "17_55", "lon": 43.75, "lat": 48.75}}, {"type": "Feature", "geometry": {"type": "Polygon", "coordinates": [[[42.5, 50.0], [42.5, 52.5], [45.0, 52.5], [45.0, 50.0], [42.5, 50.0]]]}, "properties": {"cell_id": "17_56", "lon": 43.75, "lat": 51.25}}, {"type": "Feature", "geometry": {"type": "Polygon", "coordinates": [[[42.5, 52.5], [42.5, 55.0], [45.0, 55.0], [45.0, 52.5], [42.5, 52.5]]]}, "properties": {"cell_id": "17_57", "lon": 43.75, "lat": 53.75}}, {"type": "Feature", "geometry": {"type": "Polygon", "coordinates": [[[42.5, 55.0], [42.5, 57.5], [45.0, 57.5], [45.0, 55.0], [42.5, 55.0]]]}, "properties": {"cell_id": "17_58", "lon": 43.75, "lat": 56.25}}, {"type": "Feature", "geometry": {"type": "Polygon", "coordinates": [[[42.5, 57.5], [42.5, 60.0], [45.0, 60.0], [45.0, 57.5], [42.5, 57.5]]]}, "properties": {"cell_id": "17_59", "lon": 43.75, "lat": 58.75}}, {"type": "Feature", "geometry": {"type": "Polygon", "coordinates": [[[42.5, 60.0], [42.5, 62.5], [45.0, 62.5], [45.0, 60.0], [42.5, 60.0]]]}, "properties": {"cell_id": "17_60", "lon": 43.75, "lat": 61.25}}, {"type": "Feature", "geometry": {"type": "Polygon", "coordinates": [[[42.5, 62.5], [42.5, 65.0], [45.0, 65.0], [45.0, 62.5], [42.5, 62.5]]]}, "properties": {"cell_id": "17_61", "lon": 43.75, "lat": 63.75}}, {"type": "Feature", "geometry": {"type": "Polygon", "coordinates": [[[45.0, -25.0], [45.0, -22.5], [47.5, -22.5], [47.5, -25.0], [45.0, -25.0]]]}, "properties": {"cell_id": "18_26", "lon": 46.25, "lat": -23.75}}, {"type": "Feature", "geometry": {"type": "Polygon", "coordinates": [[[45.0, -22.5], [45.0, -20.0], [47.5, -20.0], [47.5, -22.5], [45.0, -22.5]]]}, "properties": {"cell_id": "18_27", "lon": 46.25, "lat": -21.25}}, {"type": "Feature", "geometry": {"type": "Polygon", "coordinates": [[[45.0, -20.0], [45.0, -17.5], [47.5, -17.5], [47.5, -20.0], [45.0, -20.0]]]}, "properties": {"cell_id": "18_28", "lon": 46.25, "lat": -18.75}}, {"type": "Feature", "geometry": {"type": "Polygon", "coordinates": [[[45.0, -17.5], [45.0, -15.0], [47.5, -15.0], [47.5, -17.5], [45.0, -17.5]]]}, "properties": {"cell_id": "18_29", "lon": 46.25, "lat": -16.25}}, {"type": "Feature", "geometry": {"type": "Polygon", "coordinates": [[[45.0, 2.5], [45.0, 5.0], [47.5, 5.0], [47.5, 2.5], [45.0, 2.5]]]}, "properties": {"cell_id": "18_37", "lon": 46.25, "lat": 3.75}}, {"type": "Feature", "geometry": {"type": "Polygon", "coordinates": [[[45.0, 5.0], [45.0, 7.5], [47.5, 7.5], [47.5, 5.0], [45.0, 5.0]]]}, "properties": {"cell_id": "18_38", "lon": 46.25, "lat": 6.25}}, {"type": "Feature", "geometry": {"type": "Polygon", "coordinates": [[[45.0, 7.5], [45.0, 10.0], [47.5, 10.0], [47.5, 7.5], [45.0, 7.5]]]}, "properties": {"cell_id": "18_39", "lon": 46.25, "lat": 8.75}}, {"type": "Feature", "geometry": {"type": "Polygon", "coordinates": [[[45.0, 12.5], [45.0, 15.0], [47.5, 15.0], [47.5, 12.5], [45.0, 12.5]]]}, "properties": {"cell_id": "18_41", "lon": 46.25, "lat": 13.75}}, {"type": "Feature", "geometry": {"type": "Polygon", "coordinates": [[[45.0, 15.0], [45.0, 17.5], [47.5, 17.5], [47.5, 15.0], [45.0, 15.0]]]}, "properties": {"cell_id": "18_42", "lon": 46.25, "lat": 16.25}}, {"type": "Feature", "geometry": {"type": "Polygon", "coordinates": [[[45.0, 17.5], [45.0, 20.0], [47.5, 20.0], [47.5, 17.5], [45.0, 17.5]]]}, "properties": {"cell_id": "18_43", "lon": 46.25, "lat": 18.75}}, {"type": "Feature", "geometry": {"type": "Polygon", "coordinates": [[[45.0, 20.0], [45.0, 22.5], [47.5, 22.5], [47.5, 20.0], [45.0, 20.0]]]}, "properties": {"cell_id": "18_44", "lon": 46.25, "lat": 21.25}}, {"type": "Feature", "geometry": {"type": "Polygon", "coordinates": [[[45.0, 22.5], [45.0, 25.0], [47.5, 25.0], [47.5, 22.5], [45.0, 22.5]]]}, "properties": {"cell_id": "18_45", "lon": 46.25, "lat": 23.75}}, {"type": "Feature", "geometry": {"type": "Polygon", "coordinates": [[[45.0, 25.0], [45.0, 27.5], [47.5, 27.5], [47.5, 25.0], [45.0, 25.0]]]}, "properties": {"cell_id": "18_46", "lon": 46.25, "lat": 26.25}}, {"type": "Feature", "geometry": {"type": "Polygon", "coordinates": [[[45.0, 27.5], [45.0, 30.0], [47.5, 30.0], [47.5, 27.5], [45.0, 27.5]]]}, "properties": {"cell_id": "18_47", "lon": 46.25, "lat": 28.75}}, {"type": "Feature", "geometry": {"type": "Polygon", "coordinates": [[[45.0, 30.0], [45.0, 32.5], [47.5, 32.5], [47.5, 30.0], [45.0, 30.0]]]}, "properties": {"cell_id": "18_48", "lon": 46.25, "lat": 31.25}}, {"type": "Feature", "geometry": {"type": "Polygon", "coordinates": [[[45.0, 32.5], [45.0, 35.0], [47.5, 35.0], [47.5, 32.5], [45.0, 32.5]]]}, "properties": {"cell_id": "18_49", "lon": 46.25, "lat": 33.75}}, {"type": "Feature", "geometry": {"type": "Polygon", "coordinates": [[[45.0, 35.0], [45.0, 37.5], [47.5, 37.5], [47.5, 35.0], [45.0, 35.0]]]}, "properties": {"cell_id": "18_50", "lon": 46.25, "lat": 36.25}}, {"type": "Feature", "geometry": {"type": "Polygon", "coordinates": [[[45.0, 37.5], [45.0, 40.0], [47.5, 40.0], [47.5, 37.5], [45.0, 37.5]]]}, "properties": {"cell_id": "18_51", "lon": 46.25, "lat": 38.75}}, {"type": "Feature", "geometry": {"type": "Polygon", "coordinates": [[[45.0, 40.0], [45.0, 42.5], [47.5, 42.5], [47.5, 40.0], [45.0, 40.0]]]}, "properties": {"cell_id": "18_52", "lon": 46.25, "lat": 41.25}}, {"type": "Feature", "geometry": {"type": "Polygon", "coordinates": [[[45.0, 42.5], [45.0, 45.0], [47.5, 45.0], [47.5, 42.5], [45.0, 42.5]]]}, "properties": {"cell_id": "18_53", "lon": 46.25, "lat": 43.75}}, {"type": "Feature", "geometry": {"type": "Polygon", "coordinates": [[[45.0, 45.0], [45.0, 47.5], [47.5, 47.5], [47.5, 45.0], [45.0, 45.0]]]}, "properties": {"cell_id": "18_54", "lon": 46.25, "lat": 46.25}}, {"type": "Feature", "geometry": {"type": "Polygon", "coordinates": [[[45.0, 47.5], [45.0, 50.0], [47.5, 50.0], [47.5, 47.5], [45.0, 47.5]]]}, "properties": {"cell_id": "18_55", "lon": 46.25, "lat": 48.75}}, {"type": "Feature", "geometry": {"type": "Polygon", "coordinates": [[[45.0, 50.0], [45.0, 52.5], [47.5, 52.5], [47.5, 50.0], [45.0, 50.0]]]}, "properties": {"cell_id": "18_56", "lon": 46.25, "lat": 51.25}}, {"type": "Feature", "geometry": {"type": "Polygon", "coordinates": [[[45.0, 52.5], [45.0, 55.0], [47.5, 55.0], [47.5, 52.5], [45.0, 52.5]]]}, "properties": {"cell_id": "18_57", "lon": 46.25, "lat": 53.75}}, {"type": "Feature", "geometry": {"type": "Polygon", "coordinates": [[[45.0, 55.0], [45.0, 57.5], [47.5, 57.5], [47.5, 55.0], [45.0, 55.0]]]}, "properties": {"cell_id": "18_58", "lon": 46.25, "lat": 56.25}}, {"type": "Feature", "geometry": {"type": "Polygon", "coordinates": [[[45.0, 57.5], [45.0, 60.0], [47.5, 60.0], [47.5, 57.5], [45.0, 57.5]]]}, "properties": {"cell_id": "18_59", "lon": 46.25, "lat": 58.75}}, {"type": "Feature", "geometry": {"type": "Polygon", "coordinates": [[[45.0, 60.0], [45.0, 62.5], [47.5, 62.5], [47.5, 60.0], [45.0, 60.0]]]}, "properties": {"cell_id": "18_60", "lon": 46.25, "lat": 61.25}}, {"type": "Feature", "geometry": {"type": "Polygon", "coordinates": [[[45.0, 62.5], [45.0, 65.0], [47.5, 65.0], [47.5, 62.5], [45.0, 62.5]]]}, "properties": {"cell_id": "18_61", "lon": 46.25, "lat": 63.75}}, {"type": "Feature", "geometry": {"type": "Polygon", "coordinates": [[[45.0, 65.0], [45.0, 67.5], [47.5, 67.5], [47.5, 65.0], [45.0, 65.0]]]}, "properties": {"cell_id": "18_62", "lon": 46.25, "lat": 66.25}}, {"type": "Feature", "geometry": {"type": "Polygon", "coordinates": [[[47.5, -20.0], [47.5, -17.5], [50.0, -17.5], [50.0, -20.0], [47.5, -20.0]]]}, "properties": {"cell_id": "19_28", "lon": 48.75, "lat": -18.75}}, {"type": "Feature", "geometry": {"type": "Polygon", "coordinates": [[[47.5, -17.5], [47.5, -15.0], [50.0, -15.0], [50.0, -17.5], [47.5, -17.5]]]}, "properties": {"cell_id": "19_29", "lon": 48.75, "lat": -16.25}}, {"type": "Feature", "geometry": {"type": "Polygon", "coordinates": [[[47.5, -15.0], [47.5, -12.5], [50.0, -12.5], [50.0, -15.0], [47.5, -15.0]]]}, "properties": {"cell_id": "19_30", "lon": 48.75, "lat": -13.75}}, {"type": "Feature", "geometry": {"type": "Polygon", "coordinates": [[[47.5, 5.0], [47.5, 7.5], [50.0, 7.5], [50.0, 5.0], [47.5, 5.0]]]}, "properties": {"cell_id": "19_38", "lon": 48.75, "lat": 6.25}}, {"type": "Feature", "geometry": {"type": "Polygon", "coordinates": [[[47.5, 7.5], [47.5, 10.0], [50.0, 10.0], [50.0, 7.5], [47.5, 7.5]]]}, "properties": {"cell_id": "19_39", "lon": 48.75, "lat": 8.75}}, {"type": "Feature", "geometry": {"type": "Polygon", "coordinates": [[[47.5, 10.0], [47.5, 12.5], [50.0, 12.5], [50.0, 10.0], [47.5, 10.0]]]}, "properties": {"cell_id": "19_40", "lon": 48.75, "lat": 11.25}}, {"type": "Feature", "geometry": {"type": "Polygon", "coordinates": [[[47.5, 15.0], [47.5, 17.5], [50.0, 17.5], [50.0, 15.0], [47.5, 15.0]]]}, "properties": {"cell_id": "19_42", "lon": 48.75, "lat": 16.25}}, {"type": "Feature", "geometry": {"type": "Polygon", "coordinates": [[[47.5, 17.5], [47.5, 20.0], [50.0, 20.0], [50.0, 17.5], [47.5, 17.5]]]}, "properties": {"cell_id": "19_43", "lon": 48.75, "lat": 18.75}}, {"type": "Feature", "geometry": {"type": "Polygon", "coordinates": [[[47.5, 20.0], [47.5, 22.5], [50.0, 22.5], [50.0, 20.0], [47.5, 20.0]]]}, "properties": {"cell_id": "19_44", "lon": 48.75, "lat": 21.25}}, {"type": "Feature", "geometry": {"type": "Polygon", "coordinates": [[[47.5, 22.5], [47.5, 25.0], [50.0, 25.0], [50.0, 22.5], [47.5, 22.5]]]}, "properties": {"cell_id": "19_45", "lon": 48.75, "lat": 23.75}}, {"type": "Feature", "geometry": {"type": "Polygon", "coordinates": [[[47.5, 25.0], [47.5, 27.5], [50.0, 27.5], [50.0, 25.0], [47.5, 25.0]]]}, "properties": {"cell_id": "19_46", "lon": 48.75, "lat": 26.25}}, {"type": "Feature", "geometry": {"type": "Polygon", "coordinates": [[[47.5, 30.0], [47.5, 32.5], [50.0, 32.5], [50.0, 30.0], [47.5, 30.0]]]}, "properties": {"cell_id": "19_48", "lon": 48.75, "lat": 31.25}}, {"type": "Feature", "geometry": {"type": "Polygon", "coordinates": [[[47.5, 32.5], [47.5, 35.0], [50.0, 35.0], [50.0, 32.5], [47.5, 32.5]]]}, "properties": {"cell_id": "19_49", "lon": 48.75, "lat": 33.75}}, {"type": "Feature", "geometry": {"type": "Polygon", "coordinates": [[[47.5, 35.0], [47.5, 37.5], [50.0, 37.5], [50.0, 35.0], [47.5, 35.0]]]}, "properties": {"cell_id": "19_50", "lon": 48.75, "lat": 36.25}}, {"type": "Feature", "geometry": {"type": "Polygon", "coordinates": [[[47.5, 37.5], [47.5, 40.0], [50.0, 40.0], [50.0, 37.5], [47.5, 37.5]]]}, "properties": {"cell_id": "19_51", "lon": 48.75, "lat": 38.75}}, {"type": "Feature", "geometry": {"type": "Polygon", "coordinates": [[[47.5, 40.0], [47.5, 42.5], [50.0, 42.5], [50.0, 40.0], [47.5, 40.0]]]}, "properties": {"cell_id": "19_52", "lon": 48.75, "lat": 41.25}}, {"type": "Feature", "geometry": {"type": "Polygon", "coordinates": [[[47.5, 42.5], [47.5, 45.0], [50.0, 45.0], [50.0, 42.5], [47.5, 42.5]]]}, "properties": {"cell_id": "19_53", "lon": 48.75, "lat": 43.75}}, {"type": "Feature", "geometry": {"type": "Polygon", "coordinates": [[[47.5, 45.0], [47.5, 47.5], [50.0, 47.5], [50.0, 45.0], [47.5, 45.0]]]}, "properties": {"cell_id": "19_54", "lon": 48.75, "lat": 46.25}}, {"type": "Feature", "geometry": {"type": "Polygon", "coordinates": [[[47.5, 47.5], [47.5, 50.0], [50.0, 50.0], [50.0, 47.5], [47.5, 47.5]]]}, "properties": {"cell_id": "19_55", "lon": 48.75, "lat": 48.75}}, {"type": "Feature", "geometry": {"type": "Polygon", "coordinates": [[[47.5, 50.0], [47.5, 52.5], [50.0, 52.5], [50.0, 50.0], [47.5, 50.0]]]}, "properties": {"cell_id": "19_56", "lon": 48.75, "lat": 51.25}}, {"type": "Feature", "geometry": {"type": "Polygon", "coordinates": [[[47.5, 52.5], [47.5, 55.0], [50.0, 55.0], [50.0, 52.5], [47.5, 52.5]]]}, "properties": {"cell_id": "19_57", "lon": 48.75, "lat": 53.75}}, {"type": "Feature", "geometry": {"type": "Polygon", "coordinates": [[[47.5, 55.0], [47.5, 57.5], [50.0, 57.5], [50.0, 55.0], [47.5, 55.0]]]}, "properties": {"cell_id": "19_58", "lon": 48.75, "lat": 56.25}}, {"type": "Feature", "geometry": {"type": "Polygon", "coordinates": [[[47.5, 57.5], [47.5, 60.0], [50.0, 60.0], [50.0, 57.5], [47.5, 57.5]]]}, "properties": {"cell_id": "19_59", "lon": 48.75, "lat": 58.75}}, {"type": "Feature", "geometry": {"type": "Polygon", "coordinates": [[[47.5, 60.0], [47.5, 62.5], [50.0, 62.5], [50.0, 60.0], [47.5, 60.0]]]}, "properties": {"cell_id": "19_60", "lon": 48.75, "lat": 61.25}}, {"type": "Feature", "geometry": {"type": "Polygon", "coordinates": [[[47.5, 62.5], [47.5, 65.0], [50.0, 65.0], [50.0, 62.5], [47.5, 62.5]]]}, "properties": {"cell_id": "19_61", "lon": 48.75, "lat": 63.75}}, {"type": "Feature", "geometry": {"type": "Polygon", "coordinates": [[[47.5, 65.0], [47.5, 67.5], [50.0, 67.5], [50.0, 65.0], [47.5, 65.0]]]}, "properties": {"cell_id": "19_62", "lon": 48.75, "lat": 66.25}}, {"type": "Feature", "geometry": {"type": "Polygon", "coordinates": [[[50.0, 15.0], [50.0, 17.5], [52.5, 17.5], [52.5, 15.0], [50.0, 15.0]]]}, "properties": {"cell_id": "20_42", "lon": 51.25, "lat": 16.25}}, {"type": "Feature", "geometry": {"type": "Polygon", "coordinates": [[[50.0, 17.5], [50.0, 20.0], [52.5, 20.0], [52.5, 17.5], [50.0, 17.5]]]}, "properties": {"cell_id": "20_43", "lon": 51.25, "lat": 18.75}}, {"type": "Feature", "geometry": {"type": "Polygon", "coordinates": [[[50.0, 20.0], [50.0, 22.5], [52.5, 22.5], [52.5, 20.0], [50.0, 20.0]]]}, "properties": {"cell_id": "20_44", "lon": 51.25, "lat": 21.25}}, {"type": "Feature", "geometry": {"type": "Polygon", "coordinates": [[[50.0, 22.5], [50.0, 25.0], [52.5, 25.0], [52.5, 22.5], [50.0, 22.5]]]}, "properties": {"cell_id": "20_45", "lon": 51.25, "lat": 23.75}}, {"type": "Feature", "geometry": {"type": "Polygon", "coordinates": [[[50.0, 27.5], [50.0, 30.0], [52.5, 30.0], [52.5, 27.5], [50.0, 27.5]]]}, "properties": {"cell_id": "20_47", "lon": 51.25, "lat": 28.75}}, {"type": "Feature", "geometry": {"type": "Polygon", "coordinates": [[[50.0, 30.0], [50.0, 32.5], [52.5, 32.5], [52.5, 30.0], [50.0, 30.0]]]}, "properties": {"cell_id": "20_48", "lon": 51.25, "lat": 31.25}}, {"type": "Feature", "geometry": {"type": "Polygon", "coordinates": [[[50.0, 32.5], [50.0, 35.0], [52.5, 35.0], [52.5, 32.5], [50.0, 32.5]]]}, "properties": {"cell_id": "20_49", "lon": 51.25, "lat": 33.75}}, {"type": "Feature", "geometry": {"type": "Polygon", "coordinates": [[[50.0, 35.0], [50.0, 37.5], [52.5, 37.5], [52.5, 35.0], [50.0, 35.0]]]}, "properties": {"cell_id": "20_50", "lon": 51.25, "lat": 36.25}}, {"type": "Feature", "geometry": {"type": "Polygon", "coordinates": [[[50.0, 37.5], [50.0, 40.0], [52.5, 40.0], [52.5, 37.5], [50.0, 37.5]]]}, "properties": {"cell_id": "20_51", "lon": 51.25, "lat": 38.75}}, {"type": "Feature", "geometry": {"type": "Polygon", "coordinates": [[[50.0, 40.0], [50.0, 42.5], [52.5, 42.5], [52.5, 40.0], [50.0, 40.0]]]}, "properties": {"cell_id": "20_52", "lon": 51.25, "lat": 41.25}}, {"type": "Feature", "geometry": {"type": "Polygon", "coordinates": [[[50.0, 42.5], [50.0, 45.0], [52.5, 45.0], [52.5, 42.5], [50.0, 42.5]]]}, "properties": {"cell_id": "20_53", "lon": 51.25, "lat": 43.75}}, {"type": "Feature", "geometry": {"type": "Polygon", "coordinates": [[[50.0, 45.0], [50.0, 47.5], [52.5, 47.5], [52.5, 45.0], [50.0, 45.0]]]}, "properties": {"cell_id": "20_54", "lon": 51.25, "lat": 46.25}}, {"type": "Feature", "geometry": {"type": "Polygon", "coordinates": [[[50.0, 47.5], [50.0, 50.0], [52.5, 50.0], [52.5, 47.5], [50.0, 47.5]]]}, "properties": {"cell_id": "20_55", "lon": 51.25, "lat": 48.75}}, {"type": "Feature", "geometry": {"type": "Polygon", "coordinates": [[[50.0, 50.0], [50.0, 52.5], [52.5, 52.5], [52.5, 50.0], [50.0, 50.0]]]}, "properties": {"cell_id": "20_56", "lon": 51.25, "lat": 51.25}}, {"type": "Feature", "geometry": {"type": "Polygon", "coordinates": [[[50.0, 52.5], [50.0, 55.0], [52.5, 55.0], [52.5, 52.5], [50.0, 52.5]]]}, "properties": {"cell_id": "20_57", "lon": 51.25, "lat": 53.75}}, {"type": "Feature", "geometry": {"type": "Polygon", "coordinates": [[[50.0, 55.0], [50.0, 57.5], [52.5, 57.5], [52.5, 55.0], [50.0, 55.0]]]}, "properties": {"cell_id": "20_58", "lon": 51.25, "lat": 56.25}}, {"type": "Feature", "geometry": {"type": "Polygon", "coordinates": [[[50.0, 57.5], [50.0, 60.0], [52.5, 60.0], [52.5, 57.5], [50.0, 57.5]]]}, "properties": {"cell_id": "20_59", "lon": 51.25, "lat": 58.75}}, {"type": "Feature", "geometry": {"type": "Polygon", "coordinates": [[[50.0, 60.0], [50.0, 62.5], [52.5, 62.5], [52.5, 60.0], [50.0, 60.0]]]}, "properties": {"cell_id": "20_60", "lon": 51.25, "lat": 61.25}}, {"type": "Feature", "geometry": {"type": "Polygon", "coordinates": [[[50.0, 62.5], [50.0, 65.0], [52.5, 65.0], [52.5, 62.5], [50.0, 62.5]]]}, "properties": {"cell_id": "20_61", "lon": 51.25, "lat": 63.75}}, {"type": "Feature", "geometry": {"type": "Polygon", "coordinates": [[[50.0, 65.0], [50.0, 67.5], [52.5, 67.5], [52.5, 65.0], [50.0, 65.0]]]}, "properties": {"cell_id": "20_62", "lon": 51.25, "lat": 66.25}}, {"type": "Feature", "geometry": {"type": "Polygon", "coordinates": [[[52.5, 17.5], [52.5, 20.0], [55.0, 20.0], [55.0, 17.5], [52.5, 17.5]]]}, "properties": {"cell_id": "21_43", "lon": 53.75, "lat": 18.75}}, {"type": "Feature", "geometry": {"type": "Polygon", "coordinates": [[[52.5, 20.0], [52.5, 22.5], [55.0, 22.5], [55.0, 20.0], [52.5, 20.0]]]}, "properties": {"cell_id": "21_44", "lon": 53.75, "lat": 21.25}}, {"type": "Feature", "geometry": {"type": "Polygon", "coordinates": [[[52.5, 22.5], [52.5, 25.0], [55.0, 25.0], [55.0, 22.5], [52.5, 22.5]]]}, "properties": {"cell_id": "21_45", "lon": 53.75, "lat": 23.75}}, {"type": "Feature", "geometry": {"type": "Polygon", "coordinates": [[[52.5, 27.5], [52.5, 30.0], [55.0, 30.0], [55.0, 27.5], [52.5, 27.5]]]}, "properties": {"cell_id": "21_47", "lon": 53.75, "lat": 28.75}}, {"type": "Feature", "geometry": {"type": "Polygon", "coordinates": [[[52.5, 30.0], [52.5, 32.5], [55.0, 32.5], [55.0, 30.0], [52.5, 30.0]]]}, "properties": {"cell_id": "21_48", "lon": 53.75, "lat": 31.25}}, {"type": "Feature", "geometry": {"type": "Polygon", "coordinates": [[[52.5, 32.5], [52.5, 35.0], [55.0, 35.0], [55.0, 32.5], [52.5, 32.5]]]}, "properties": {"cell_id": "21_49", "lon": 53.75, "lat": 33.75}}, {"type": "Feature", "geometry": {"type": "Polygon", "coordinates": [[[52.5, 35.0], [52.5, 37.5], [55.0, 37.5], [55.0, 35.0], [52.5, 35.0]]]}, "properties": {"cell_id": "21_50", "lon": 53.75, "lat": 36.25}}, {"type": "Feature", "geometry": {"type": "Polygon", "coordinates": [[[52.5, 37.5], [52.5, 40.0], [55.0, 40.0], [55.0, 37.5], [52.5, 37.5]]]}, "properties": {"cell_id": "21_51", "lon": 53.75, "lat": 38.75}}, {"type": "Feature", "geometry": {"type": "Polygon", "coordinates": [[[52.5, 40.0], [52.5, 42.5], [55.0, 42.5], [55.0, 40.0], [52.5, 40.0]]]}, "properties": {"cell_id": "21_52", "lon": 53.75, "lat": 41.25}}, {"type": "Feature", "geometry": {"type": "Polygon", "coordinates": [[[52.5, 42.5], [52.5, 45.0], [55.0, 45.0], [55.0, 42.5], [52.5, 42.5]]]}, "properties": {"cell_id": "21_53", "lon": 53.75, "lat": 43.75}}, {"type": "Feature", "geometry": {"type": "Polygon", "coordinates": [[[52.5, 45.0], [52.5, 47.5], [55.0, 47.5], [55.0, 45.0], [52.5, 45.0]]]}, "properties": {"cell_id": "21_54", "lon": 53.75, "lat": 46.25}}, {"type": "Feature", "geometry": {"type": "Polygon", "coordinates": [[[52.5, 47.5], [52.5, 50.0], [55.0, 50.0], [55.0, 47.5], [52.5, 47.5]]]}, "properties": {"cell_id": "21_55", "lon": 53.75, "lat": 48.75}}, {"type": "Feature", "geometry": {"type": "Polygon", "coordinates": [[[52.5, 50.0], [52.5, 52.5], [55.0, 52.5], [55.0, 50.0], [52.5, 50.0]]]}, "properties": {"cell_id": "21_56", "lon": 53.75, "lat": 51.25}}, {"type": "Feature", "geometry": {"type": "Polygon", "coordinates": [[[52.5, 52.5], [52.5, 55.0], [55.0, 55.0], [55.0, 52.5], [52.5, 52.5]]]}, "properties": {"cell_id": "21_57", "lon": 53.75, "lat": 53.75}}, {"type": "Feature", "geometry": {"type": "Polygon", "coordinates": [[[52.5, 55.0], [52.5, 57.5], [55.0, 57.5], [55.0, 55.0], [52.5, 55.0]]]}, "properties": {"cell_id": "21_58", "lon": 53.75, "lat": 56.25}}, {"type": "Feature", "geometry": {"type": "Polygon", "coordinates": [[[52.5, 57.5], [52.5, 60.0], [55.0, 60.0], [55.0, 57.5], [52.5, 57.5]]]}, "properties": {"cell_id": "21_59", "lon": 53.75, "lat": 58.75}}, {"type": "Feature", "geometry": {"type": "Polygon", "coordinates": [[[52.5, 60.0], [52.5, 62.5], [55.0, 62.5], [55.0, 60.0], [52.5, 60.0]]]}, "properties": {"cell_id": "21_60", "lon": 53.75, "lat": 61.25}}, {"type": "Feature", "geometry": {"type": "Polygon", "coordinates": [[[52.5, 62.5], [52.5, 65.0], [55.0, 65.0], [55.0, 62.5], [52.5, 62.5]]]}, "properties": {"cell_id": "21_61", "lon": 53.75, "lat": 63.75}}, {"type": "Feature", "geometry": {"type": "Polygon", "coordinates": [[[52.5, 65.0], [52.5, 67.5], [55.0, 67.5], [55.0, 65.0], [52.5, 65.0]]]}, "properties": {"cell_id": "21_62", "lon": 53.75, "lat": 66.25}}, {"type": "Feature", "geometry": {"type": "Polygon", "coordinates": [[[52.5, 67.5], [52.5, 70.0], [55.0, 70.0], [55.0, 67.5], [52.5, 67.5]]]}, "properties": {"cell_id": "21_63", "lon": 53.75, "lat": 68.75}}, {"type": "Feature", "geometry": {"type": "Polygon", "coordinates": [[[52.5, 70.0], [52.5, 72.5], [55.0, 72.5], [55.0, 70.0], [52.5, 70.0]]]}, "properties": {"cell_id": "21_64", "lon": 53.75, "lat": 71.25}}, {"type": "Feature", "geometry": {"type": "Polygon", "coordinates": [[[52.5, 72.5], [52.5, 75.0], [55.0, 75.0], [55.0, 72.5], [52.5, 72.5]]]}, "properties": {"cell_id": "21_65", "lon": 53.75, "lat": 73.75}}, {"type": "Feature", "geometry": {"type": "Polygon", "coordinates": [[[55.0, 17.5], [55.0, 20.0], [57.5, 20.0], [57.5, 17.5], [55.0, 17.5]]]}, "properties": {"cell_id": "22_43", "lon": 56.25, "lat": 18.75}}, {"type": "Feature", "geometry": {"type": "Polygon", "coordinates": [[[55.0, 20.0], [55.0, 22.5], [57.5, 22.5], [57.5, 20.0], [55.0, 20.0]]]}, "properties": {"cell_id": "22_44", "lon": 56.25, "lat": 21.25}}, {"type": "Feature", "geometry": {"type": "Polygon", "coordinates": [[[55.0, 22.5], [55.0, 25.0], [57.5, 25.0], [57.5, 22.5], [55.0, 22.5]]]}, "properties": {"cell_id": "22_45", "lon": 56.25, "lat": 23.75}}, {"type": "Feature", "geometry": {"type": "Polygon", "coordinates": [[[55.0, 25.0], [55.0, 27.5], [57.5, 27.5], [57.5, 25.0], [55.0, 25.0]]]}, "properties": {"cell_id": "22_46", "lon": 56.25, "lat": 26.25}}, {"type": "Feature", "geometry": {"type": "Polygon", "coordinates": [[[55.0, 27.5], [55.0, 30.0], [57.5, 30.0], [57.5, 27.5], [55.0, 27.5]]]}, "properties": {"cell_id": "22_47", "lon": 56.25, "lat": 28.75}}, {"type": "Feature", "geometry": {"type": "Polygon", "coordinates": [[[55.0, 30.0], [55.0, 32.5], [57.5, 32.5], [57.5, 30.0], [55.0, 30.0]]]}, "properties": {"cell_id": "22_48", "lon": 56.25, "lat": 31.25}}, {"type": "Feature", "geometry": {"type": "Polygon", "coordinates": [[[55.0, 32.5], [55.0, 35.0], [57.5, 35.0], [57.5, 32.5], [55.0, 32.5]]]}, "properties": {"cell_id": "22_49", "lon": 56.25, "lat": 33.75}}, {"type": "Feature", "geometry": {"type": "Polygon", "coordinates": [[[55.0, 35.0], [55.0, 37.5], [57.5, 37.5], [57.5, 35.0], [55.0, 35.0]]]}, "properties": {"cell_id": "22_50", "lon": 56.25, "lat": 36.25}}, {"type": "Feature", "geometry": {"type": "Polygon", "coordinates": [[[55.0, 37.5], [55.0, 40.0], [57.5, 40.0], [57.5, 37.5], [55.0, 37.5]]]}, "properties": {"cell_id": "22_51", "lon": 56.25, "lat": 38.75}}, {"type": "Feature", "geometry": {"type": "Polygon", "coordinates": [[[55.0, 40.0], [55.0, 42.5], [57.5, 42.5], [57.5, 40.0], [55.0, 40.0]]]}, "properties": {"cell_id": "22_52", "lon": 56.25, "lat": 41.25}}, {"type": "Feature", "geometry": {"type": "Polygon", "coordinates": [[[55.0, 42.5], [55.0, 45.0], [57.5, 45.0], [57.5, 42.5], [55.0, 42.5]]]}, "properties": {"cell_id": "22_53", "lon": 56.25, "lat": 43.75}}, {"type": "Feature", "geometry": {"type": "Polygon", "coordinates": [[[55.0, 45.0], [55.0, 47.5], [57.5, 47.5], [57.5, 45.0], [55.0, 45.0]]]}, "properties": {"cell_id": "22_54", "lon": 56.25, "lat": 46.25}}, {"type": "Feature", "geometry": {"type": "Polygon", "coordinates": [[[55.0, 47.5], [55.0, 50.0], [57.5, 50.0], [57.5, 47.5], [55.0, 47.5]]]}, "properties": {"cell_id": "22_55", "lon": 56.25, "lat": 48.75}}, {"type": "Feature", "geometry": {"type": "Polygon", "coordinates": [[[55.0, 50.0], [55.0, 52.5], [57.5, 52.5], [57.5, 50.0], [55.0, 50.0]]]}, "properties": {"cell_id": "22_56", "lon": 56.25, "lat": 51.25}}, {"type": "Feature", "geometry": {"type": "Polygon", "coordinates": [[[55.0, 52.5], [55.0, 55.0], [57.5, 55.0], [57.5, 52.5], [55.0, 52.5]]]}, "properties": {"cell_id": "22_57", "lon": 56.25, "lat": 53.75}}, {"type": "Feature", "geometry": {"type": "Polygon", "coordinates": [[[55.0, 55.0], [55.0, 57.5], [57.5, 57.5], [57.5, 55.0], [55.0, 55.0]]]}, "properties": {"cell_id": "22_58", "lon": 56.25, "lat": 56.25}}, {"type": "Feature", "geometry": {"type": "Polygon", "coordinates": [[[55.0, 57.5], [55.0, 60.0], [57.5, 60.0], [57.5, 57.5], [55.0, 57.5]]]}, "properties": {"cell_id": "22_59", "lon": 56.25, "lat": 58.75}}, {"type": "Feature", "geometry": {"type": "Polygon", "coordinates": [[[55.0, 60.0], [55.0, 62.5], [57.5, 62.5], [57.5, 60.0], [55.0, 60.0]]]}, "properties": {"cell_id": "22_60", "lon": 56.25, "lat": 61.25}}, {"type": "Feature", "geometry": {"type": "Polygon", "coordinates": [[[55.0, 62.5], [55.0, 65.0], [57.5, 65.0], [57.5, 62.5], [55.0, 62.5]]]}, "properties": {"cell_id": "22_61", "lon": 56.25, "lat": 63.75}}, {"type": "Feature", "geometry": {"type": "Polygon", "coordinates": [[[55.0, 65.0], [55.0, 67.5], [57.5, 67.5], [57.5, 65.0], [55.0, 65.0]]]}, "properties": {"cell_id": "22_62", "lon": 56.25, "lat": 66.25}}, {"type": "Feature", "geometry": {"type": "Polygon", "coordinates": [[[55.0, 70.0], [55.0, 72.5], [57.5, 72.5], [57.5, 70.0], [55.0, 70.0]]]}, "properties": {"cell_id": "22_64", "lon": 56.25, "lat": 71.25}}, {"type": "Feature", "geometry": {"type": "Polygon", "coordinates": [[[55.0, 72.5], [55.0, 75.0], [57.5, 75.0], [57.5, 72.5], [55.0, 72.5]]]}, "properties": {"cell_id": "22_65", "lon": 56.25, "lat": 73.75}}, {"type": "Feature", "geometry": {"type": "Polygon", "coordinates": [[[57.5, 20.0], [57.5, 22.5], [60.0, 22.5], [60.0, 20.0], [57.5, 20.0]]]}, "properties": {"cell_id": "23_44", "lon": 58.75, "lat": 21.25}}, {"type": "Feature", "geometry": {"type": "Polygon", "coordinates": [[[57.5, 25.0], [57.5, 27.5], [60.0, 27.5], [60.0, 25.0], [57.5, 25.0]]]}, "properties": {"cell_id": "23_46", "lon": 58.75, "lat": 26.25}}, {"type": "Feature", "geometry": {"type": "Polygon", "coordinates": [[[57.5, 27.5], [57.5, 30.0], [60.0, 30.0], [60.0, 27.5], [57.5, 27.5]]]}, "properties": {"cell_id": "23_47", "lon": 58.75, "lat": 28.75}}, {"type": "Feature", "geometry": {"type": "Polygon", "coordinates": [[[57.5, 30.0], [57.5, 32.5], [60.0, 32.5], [60.0, 30.0], [57.5, 30.0]]]}, "properties": {"cell_id": "23_48", "lon": 58.75, "lat": 31.25}}, {"type": "Feature", "geometry": {"type": "Polygon", "coordinates": [[[57.5, 32.5], [57.5, 35.0], [60.0, 35.0], [60.0, 32.5], [57.5, 32.5]]]}, "properties": {"cell_id": "23_49", "lon": 58.75, "lat": 33.75}}, {"type": "Feature", "geometry": {"type": "Polygon", "coordinates": [[[57.5, 35.0], [57.5, 37.5], [60.0, 37.5], [60.0, 35.0], [57.5, 35.0]]]}, "properties": {"cell_id": "23_50", "lon": 58.75, "lat": 36.25}}, {"type": "Feature", "geometry": {"type": "Polygon", "coordinates": [[[57.5, 37.5], [57.5, 40.0], [60.0, 40.0], [60.0, 37.5], [57.5, 37.5]]]}, "properties": {"cell_id": "23_51", "lon": 58.75, "lat": 38.75}}, {"type": "Feature", "geometry": {"type": "Polygon", "coordinates": [[[57.5, 40.0], [57.5, 42.5], [60.0, 42.5], [60.0, 40.0], [57.5, 40.0]]]}, "properties": {"cell_id": "23_52", "lon": 58.75, "lat": 41.25}}, {"type": "Feature", "geometry": {"type": "Polygon", "coordinates": [[[57.5, 42.5], [57.5, 45.0], [60.0, 45.0], [60.0, 42.5], [57.5, 42.5]]]}, "properties": {"cell_id": "23_53", "lon": 58.75, "lat": 43.75}}, {"type": "Feature", "geometry": {"type": "Polygon", "coordinates": [[[57.5, 45.0], [57.5, 47.5], [60.0, 47.5], [60.0, 45.0], [57.5, 45.0]]]}, "properties": {"cell_id": "23_54", "lon": 58.75, "lat": 46.25}}, {"type": "Feature", "geometry": {"type": "Polygon", "coordinates": [[[57.5, 47.5], [57.5, 50.0], [60.0, 50.0], [60.0, 47.5], [57.5, 47.5]]]}, "properties": {"cell_id": "23_55", "lon": 58.75, "lat": 48.75}}, {"type": "Feature", "geometry": {"type": "Polygon", "coordinates": [[[57.5, 50.0], [57.5, 52.5], [60.0, 52.5], [60.0, 50.0], [57.5, 50.0]]]}, "properties": {"cell_id": "23_56", "lon": 58.75, "lat": 51.25}}, {"type": "Feature", "geometry": {"type": "Polygon", "coordinates": [[[57.5, 52.5], [57.5, 55.0], [60.0, 55.0], [60.0, 52.5], [57.5, 52.5]]]}, "properties": {"cell_id": "23_57", "lon": 58.75, "lat": 53.75}}, {"type": "Feature", "geometry": {"type": "Polygon", "coordinates": [[[57.5, 55.0], [57.5, 57.5], [60.0, 57.5], [60.0, 55.0], [57.5, 55.0]]]}, "properties": {"cell_id": "23_58", "lon": 58.75, "lat": 56.25}}, {"type": "Feature", "geometry": {"type": "Polygon", "coordinates": [[[57.5, 57.5], [57.5, 60.0], [60.0, 60.0], [60.0, 57.5], [57.5, 57.5]]]}, "properties": {"cell_id": "23_59", "lon": 58.75, "lat": 58.75}}, {"type": "Feature", "geometry": {"type": "Polygon", "coordinates": [[[57.5, 60.0], [57.5, 62.5], [60.0, 62.5], [60.0, 60.0], [57.5, 60.0]]]}, "properties": {"cell_id": "23_60", "lon": 58.75, "lat": 61.25}}, {"type": "Feature", "geometry": {"type": "Polygon", "coordinates": [[[57.5, 62.5], [57.5, 65.0], [60.0, 65.0], [60.0, 62.5], [57.5, 62.5]]]}, "properties": {"cell_id": "23_61", "lon": 58.75, "lat": 63.75}}, {"type": "Feature", "geometry": {"type": "Polygon", "coordinates": [[[57.5, 65.0], [57.5, 67.5], [60.0, 67.5], [60.0, 65.0], [57.5, 65.0]]]}, "properties": {"cell_id": "23_62", "lon": 58.75, "lat": 66.25}}, {"type": "Feature", "geometry": {"type": "Polygon", "coordinates": [[[57.5, 67.5], [57.5, 70.0], [60.0, 70.0], [60.0, 67.5], [57.5, 67.5]]]}, "properties": {"cell_id": "23_63", "lon": 58.75, "lat": 68.75}}, {"type": "Feature", "geometry": {"type": "Polygon", "coordinates": [[[60.0, 25.0], [60.0, 27.5], [62.5, 27.5], [62.5, 25.0], [60.0, 25.0]]]}, "properties": {"cell_id": "24_46", "lon": 61.25, "lat": 26.25}}, {"type": "Feature", "geometry": {"type": "Polygon", "coordinates": [[[60.0, 27.5], [60.0, 30.0], [62.5, 30.0], [62.5, 27.5], [60.0, 27.5]]]}, "properties": {"cell_id": "24_47", "lon": 61.25, "lat": 28.75}}, {"type": "Feature", "geometry": {"type": "Polygon", "coordinates": [[[60.0, 30.0], [60.0, 32.5], [62.5, 32.5], [62.5, 30.0], [60.0, 30.0]]]}, "properties": {"cell_id": "24_48", "lon": 61.25, "lat": 31.25}}, {"type": "Feature", "geometry": {"type": "Polygon", "coordinates": [[[60.0, 32.5], [60.0, 35.0], [62.5, 35.0], [62.5, 32.5], [60.0, 32.5]]]}, "properties": {"cell_id": "24_49", "lon": 61.25, "lat": 33.75}}, {"type": "Feature", "geometry": {"type": "Polygon", "coordinates": [[[60.0, 35.0], [60.0, 37.5], [62.5, 37.5], [62.5, 35.0], [60.0, 35.0]]]}, "properties": {"cell_id": "24_50", "lon": 61.25, "lat": 36.25}}, {"type": "Feature", "geometry": {"type": "Polygon", "coordinates": [[[60.0, 37.5], [60.0, 40.0], [62.5, 40.0], [62.5, 37.5], [60.0, 37.5]]]}, "properties": {"cell_id": "24_51", "lon": 61.25, "lat": 38.75}}, {"type": "Feature", "geometry": {"type": "Polygon", "coordinates": [[[60.0, 40.0], [60.0, 42.5], [62.5, 42.5], [62.5, 40.0], [60.0, 40.0]]]}, "properties": {"cell_id": "24_52", "lon": 61.25, "lat": 41.25}}, {"type": "Feature", "geometry": {"type": "Polygon", "coordinates": [[[60.0, 42.5], [60.0, 45.0], [62.5, 45.0], [62.5, 42.5], [60.0, 42.5]]]}, "properties": {"cell_id": "24_53", "lon": 61.25, "lat": 43.75}}, {"type": "Feature", "geometry": {"type": "Polygon", "coordinates": [[[60.0, 45.0], [60.0, 47.5], [62.5, 47.5], [62.5, 45.0], [60.0, 45.0]]]}, "properties": {"cell_id": "24_54", "lon": 61.25, "lat": 46.25}}, {"type": "Feature", "geometry": {"type": "Polygon", "coordinates": [[[60.0, 47.5], [60.0, 50.0], [62.5, 50.0], [62.5, 47.5], [60.0, 47.5]]]}, "properties": {"cell_id": "24_55", "lon": 61.25, "lat": 48.75}}, {"type": "Feature", "geometry": {"type": "Polygon", "coordinates": [[[60.0, 50.0], [60.0, 52.5], [62.5, 52.5], [62.5, 50.0], [60.0, 50.0]]]}, "properties": {"cell_id": "24_56", "lon": 61.25, "lat": 51.25}}, {"type": "Feature", "geometry": {"type": "Polygon", "coordinates": [[[60.0, 52.5], [60.0, 55.0], [62.5, 55.0], [62.5, 52.5], [60.0, 52.5]]]}, "properties": {"cell_id": "24_57", "lon": 61.25, "lat": 53.75}}, {"type": "Feature", "geometry": {"type": "Polygon", "coordinates": [[[60.0, 55.0], [60.0, 57.5], [62.5, 57.5], [62.5, 55.0], [60.0, 55.0]]]}, "properties": {"cell_id": "24_58", "lon": 61.25, "lat": 56.25}}, {"type": "Feature", "geometry": {"type": "Polygon", "coordinates": [[[60.0, 57.5], [60.0, 60.0], [62.5, 60.0], [62.5, 57.5], [60.0, 57.5]]]}, "properties": {"cell_id": "24_59", "lon": 61.25, "lat": 58.75}}, {"type": "Feature", "geometry": {"type": "Polygon", "coordinates": [[[60.0, 60.0], [60.0, 62.5], [62.5, 62.5], [62.5, 60.0], [60.0, 60.0]]]}, "properties": {"cell_id": "24_60", "lon": 61.25, "lat": 61.25}}, {"type": "Feature", "geometry": {"type": "Polygon", "coordinates": [[[60.0, 62.5], [60.0, 65.0], [62.5, 65.0], [62.5, 62.5], [60.0, 62.5]]]}, "properties": {"cell_id": "24_61", "lon": 61.25, "lat": 63.75}}, {"type": "Feature", "geometry": {"type": "Polygon", "coordinates": [[[60.0, 65.0], [60.0, 67.5], [62.5, 67.5], [62.5, 65.0], [60.0, 65.0]]]}, "properties": {"cell_id": "24_62", "lon": 61.25, "lat": 66.25}}, {"type": "Feature", "geometry": {"type": "Polygon", "coordinates": [[[60.0, 67.5], [60.0, 70.0], [62.5, 70.0], [62.5, 67.5], [60.0, 67.5]]]}, "properties": {"cell_id": "24_63", "lon": 61.25, "lat": 68.75}}, {"type": "Feature", "geometry": {"type": "Polygon", "coordinates": [[[60.0, 75.0], [60.0, 77.5], [62.5, 77.5], [62.5, 75.0], [60.0, 75.0]]]}, "properties": {"cell_id": "24_66", "lon": 61.25, "lat": 76.25}}, {"type": "Feature", "geometry": {"type": "Polygon", "coordinates": [[[62.5, 25.0], [62.5, 27.5], [65.0, 27.5], [65.0, 25.0], [62.5, 25.0]]]}, "properties": {"cell_id": "25_46", "lon": 63.75, "lat": 26.25}}, {"type": "Feature", "geometry": {"type": "Polygon", "coordinates": [[[62.5, 27.5], [62.5, 30.0], [65.0, 30.0], [65.0, 27.5], [62.5, 27.5]]]}, "properties": {"cell_id": "25_47", "lon": 63.75, "lat": 28.75}}, {"type": "Feature", "geometry": {"type": "Polygon", "coordinates": [[[62.5, 30.0], [62.5, 32.5], [65.0, 32.5], [65.0, 30.0], [62.5, 30.0]]]}, "properties": {"cell_id": "25_48", "lon": 63.75, "lat": 31.25}}, {"type": "Feature", "geometry": {"type": "Polygon", "coordinates": [[[62.5, 32.5], [62.5, 35.0], [65.0, 35.0], [65.0, 32.5], [62.5, 32.5]]]}, "properties": {"cell_id": "25_49", "lon": 63.75, "lat": 33.75}}, {"type": "Feature", "geometry": {"type": "Polygon", "coordinates": [[[62.5, 35.0], [62.5, 37.5], [65.0, 37.5], [65.0, 35.0], [62.5, 35.0]]]}, "properties": {"cell_id": "25_50", "lon": 63.75, "lat": 36.25}}, {"type": "Feature", "geometry": {"type": "Polygon", "coordinates": [[[62.5, 37.5], [62.5, 40.0], [65.0, 40.0], [65.0, 37.5], [62.5, 37.5]]]}, "properties": {"cell_id": "25_51", "lon": 63.75, "lat": 38.75}}, {"type": "Feature", "geometry": {"type": "Polygon", "coordinates": [[[62.5, 40.0], [62.5, 42.5], [65.0, 42.5], [65.0, 40.0], [62.5, 40.0]]]}, "properties": {"cell_id": "25_52", "lon": 63.75, "lat": 41.25}}, {"type": "Feature", "geometry": {"type": "Polygon", "coordinates": [[[62.5, 42.5], [62.5, 45.0], [65.0, 45.0], [65.0, 42.5], [62.5, 42.5]]]}, "properties": {"cell_id": "25_53", "lon": 63.75, "lat": 43.75}}, {"type": "Feature", "geometry": {"type": "Polygon", "coordinates": [[[62.5, 45.0], [62.5, 47.5], [65.0, 47.5], [65.0, 45.0], [62.5, 45.0]]]}, "properties": {"cell_id": "25_54", "lon": 63.75, "lat": 46.25}}, {"type": "Feature", "geometry": {"type": "Polygon", "coordinates": [[[62.5, 47.5], [62.5, 50.0], [65.0, 50.0], [65.0, 47.5], [62.5, 47.5]]]}, "properties": {"cell_id": "25_55", "lon": 63.75, "lat": 48.75}}, {"type": "Feature", "geometry": {"type": "Polygon", "coordinates": [[[62.5, 50.0], [62.5, 52.5], [65.0, 52.5], [65.0, 50.0], [62.5, 50.0]]]}, "properties": {"cell_id": "25_56", "lon": 63.75, "lat": 51.25}}, {"type": "Feature", "geometry": {"type": "Polygon", "coordinates": [[[62.5, 52.5], [62.5, 55.0], [65.0, 55.0], [65.0, 52.5], [62.5, 52.5]]]}, "properties": {"cell_id": "25_57", "lon": 63.75, "lat": 53.75}}, {"type": "Feature", "geometry": {"type": "Polygon", "coordinates": [[[62.5, 55.0], [62.5, 57.5], [65.0, 57.5], [65.0, 55.0], [62.5, 55.0]]]}, "properties": {"cell_id": "25_58", "lon": 63.75, "lat": 56.25}}, {"type": "Feature", "geometry": {"type": "Polygon", "coordinates": [[[62.5, 57.5], [62.5, 60.0], [65.0, 60.0], [65.0, 57.5], [62.5, 57.5]]]}, "properties": {"cell_id": "25_59", "lon": 63.75, "lat": 58.75}}, {"type": "Feature", "geometry": {"type": "Polygon", "coordinates": [[[62.5, 60.0], [62.5, 62.5], [65.0, 62.5], [65.0, 60.0], [62.5, 60.0]]]}, "properties": {"cell_id": "25_60", "lon": 63.75, "lat": 61.25}}, {"type": "Feature", "geometry": {"type": "Polygon", "coordinates": [[[62.5, 62.5], [62.5, 65.0], [65.0, 65.0], [65.0, 62.5], [62.5, 62.5]]]}, "properties": {"cell_id": "25_61", "lon": 63.75, "lat": 63.75}}, {"type": "Feature", "geometry": {"type": "Polygon", "coordinates": [[[62.5, 65.0], [62.5, 67.5], [65.0, 67.5], [65.0, 65.0], [62.5, 65.0]]]}, "properties": {"cell_id": "25_62", "lon": 63.75, "lat": 66.25}}, {"type": "Feature", "geometry": {"type": "Polygon", "coordinates": [[[62.5, 67.5], [62.5, 70.0], [65.0, 70.0], [65.0, 67.5], [62.5, 67.5]]]}, "properties": {"cell_id": "25_63", "lon": 63.75, "lat": 68.75}}, {"type": "Feature", "geometry": {"type": "Polygon", "coordinates": [[[62.5, 75.0], [62.5, 77.5], [65.0, 77.5], [65.0, 75.0], [62.5, 75.0]]]}, "properties": {"cell_id": "25_66", "lon": 63.75, "lat": 76.25}}, {"type": "Feature", "geometry": {"type": "Polygon", "coordinates": [[[65.0, 25.0], [65.0, 27.5], [67.5, 27.5], [67.5, 25.0], [65.0, 25.0]]]}, "properties": {"cell_id": "26_46", "lon": 66.25, "lat": 26.25}}, {"type": "Feature", "geometry": {"type": "Polygon", "coordinates": [[[65.0, 27.5], [65.0, 30.0], [67.5, 30.0], [67.5, 27.5], [65.0, 27.5]]]}, "properties": {"cell_id": "26_47", "lon": 66.25, "lat": 28.75}}, {"type": "Feature", "geometry": {"type": "Polygon", "coordinates": [[[65.0, 30.0], [65.0, 32.5], [67.5, 32.5], [67.5, 30.0], [65.0, 30.0]]]}, "properties": {"cell_id": "26_48", "lon": 66.25, "lat": 31.25}}, {"type": "Feature", "geometry": {"type": "Polygon", "coordinates": [[[65.0, 32.5], [65.0, 35.0], [67.5, 35.0], [67.5, 32.5], [65.0, 32.5]]]}, "properties": {"cell_id": "26_49", "lon": 66.25, "lat": 33.75}}, {"type": "Feature", "geometry": {"type": "Polygon", "coordinates": [[[65.0, 35.0], [65.0, 37.5], [67.5, 37.5], [67.5, 35.0], [65.0, 35.0]]]}, "properties": {"cell_id": "26_50", "lon": 66.25, "lat": 36.25}}, {"type": "Feature", "geometry": {"type": "Polygon", "coordinates": [[[65.0, 37.5], [65.0, 40.0], [67.5, 40.0], [67.5, 37.5], [65.0, 37.5]]]}, "properties": {"cell_id": "26_51", "lon": 66.25, "lat": 38.75}}, {"type": "Feature", "geometry": {"type": "Polygon", "coordinates": [[[65.0, 40.0], [65.0, 42.5], [67.5, 42.5], [67.5, 40.0], [65.0, 40.0]]]}, "properties": {"cell_id": "26_52", "lon": 66.25, "lat": 41.25}}, {"type": "Feature", "geometry": {"type": "Polygon", "coordinates": [[[65.0, 42.5], [65.0, 45.0], [67.5, 45.0], [67.5, 42.5], [65.0, 42.5]]]}, "properties": {"cell_id": "26_53", "lon": 66.25, "lat": 43.75}}, {"type": "Feature", "geometry": {"type": "Polygon", "coordinates": [[[65.0, 45.0], [65.0, 47.5], [67.5, 47.5], [67.5, 45.0], [65.0, 45.0]]]}, "properties": {"cell_id": "26_54", "lon": 66.25, "lat": 46.25}}, {"type": "Feature", "geometry": {"type": "Polygon", "coordinates": [[[65.0, 47.5], [65.0, 50.0], [67.5, 50.0], [67.5, 47.5], [65.0, 47.5]]]}, "properties": {"cell_id": "26_55", "lon": 66.25, "lat": 48.75}}, {"type": "Feature", "geometry": {"type": "Polygon", "coordinates": [[[65.0, 50.0], [65.0, 52.5], [67.5, 52.5], [67.5, 50.0], [65.0, 50.0]]]}, "properties": {"cell_id": "26_56", "lon": 66.25, "lat": 51.25}}, {"type": "Feature", "geometry": {"type": "Polygon", "coordinates": [[[65.0, 52.5], [65.0, 55.0], [67.5, 55.0], [67.5, 52.5], [65.0, 52.5]]]}, "properties": {"cell_id": "26_57", "lon": 66.25, "lat": 53.75}}, {"type": "Feature", "geometry": {"type": "Polygon", "coordinates": [[[65.0, 55.0], [65.0, 57.5], [67.5, 57.5], [67.5, 55.0], [65.0, 55.0]]]}, "properties": {"cell_id": "26_58", "lon": 66.25, "lat": 56.25}}, {"type": "Feature", "geometry": {"type": "Polygon", "coordinates": [[[65.0, 57.5], [65.0, 60.0], [67.5, 60.0], [67.5, 57.5], [65.0, 57.5]]]}, "properties": {"cell_id": "26_59", "lon": 66.25, "lat": 58.75}}, {"type": "Feature", "geometry": {"type": "Polygon", "coordinates": [[[65.0, 60.0], [65.0, 62.5], [67.5, 62.5], [67.5, 60.0], [65.0, 60.0]]]}, "properties": {"cell_id": "26_60", "lon": 66.25, "lat": 61.25}}, {"type": "Feature", "geometry": {"type": "Polygon", "coordinates": [[[65.0, 62.5], [65.0, 65.0], [67.5, 65.0], [67.5, 62.5], [65.0, 62.5]]]}, "properties": {"cell_id": "26_61", "lon": 66.25, "lat": 63.75}}, {"type": "Feature", "geometry": {"type": "Polygon", "coordinates": [[[65.0, 65.0], [65.0, 67.5], [67.5, 67.5], [67.5, 65.0], [65.0, 65.0]]]}, "properties": {"cell_id": "26_62", "lon": 66.25, "lat": 66.25}}, {"type": "Feature", "geometry": {"type": "Polygon", "coordinates": [[[65.0, 67.5], [65.0, 70.0], [67.5, 70.0], [67.5, 67.5], [65.0, 67.5]]]}, "properties": {"cell_id": "26_63", "lon": 66.25, "lat": 68.75}}, {"type": "Feature", "geometry": {"type": "Polygon", "coordinates": [[[65.0, 75.0], [65.0, 77.5], [67.5, 77.5], [67.5, 75.0], [65.0, 75.0]]]}, "properties": {"cell_id": "26_66", "lon": 66.25, "lat": 76.25}}, {"type": "Feature", "geometry": {"type": "Polygon", "coordinates": [[[67.5, 22.5], [67.5, 25.0], [70.0, 25.0], [70.0, 22.5], [67.5, 22.5]]]}, "properties": {"cell_id": "27_45", "lon": 68.75, "lat": 23.75}}, {"type": "Feature", "geometry": {"type": "Polygon", "coordinates": [[[67.5, 25.0], [67.5, 27.5], [70.0, 27.5], [70.0, 25.0], [67.5, 25.0]]]}, "properties": {"cell_id": "27_46", "lon": 68.75, "lat": 26.25}}, {"type": "Feature", "geometry": {"type": "Polygon", "coordinates": [[[67.5, 27.5], [67.5, 30.0], [70.0, 30.0], [70.0, 27.5], [67.5, 27.5]]]}, "properties": {"cell_id": "27_47", "lon": 68.75, "lat": 28.75}}, {"type": "Feature", "geometry": {"type": "Polygon", "coordinates": [[[67.5, 30.0], [67.5, 32.5], [70.0, 32.5], [70.0, 30.0], [67.5, 30.0]]]}, "properties": {"cell_id": "27_48", "lon": 68.75, "lat": 31.25}}, {"type": "Feature", "geometry": {"type": "Polygon", "coordinates": [[[67.5, 32.5], [67.5, 35.0], [70.0, 35.0], [70.0, 32.5], [67.5, 32.5]]]}, "properties": {"cell_id": "27_49", "lon": 68.75, "lat": 33.75}}, {"type": "Feature", "geometry": {"type": "Polygon", "coordinates": [[[67.5, 35.0], [67.5, 37.5], [70.0, 37.5], [70.0, 35.0], [67.5, 35.0]]]}, "properties": {"cell_id": "27_50", "lon": 68.75, "lat": 36.25}}, {"type": "Feature", "geometry": {"type": "Polygon", "coordinates": [[[67.5, 37.5], [67.5, 40.0], [70.0, 40.0], [70.0, 37.5], [67.5, 37.5]]]}, "properties": {"cell_id": "27_51", "lon": 68.75, "lat": 38.75}}, {"type": "Feature", "geometry": {"type": "Polygon", "coordinates": [[[67.5, 40.0], [67.5, 42.5], [70.0, 42.5], [70.0, 40.0], [67.5, 40.0]]]}, "properties": {"cell_id": "27_52", "lon": 68.75, "lat": 41.25}}, {"type": "Feature", "geometry": {"type": "Polygon", "coordinates": [[[67.5, 42.5], [67.5, 45.0], [70.0, 45.0], [70.0, 42.5], [67.5, 42.5]]]}, "properties": {"cell_id": "27_53", "lon": 68.75, "lat": 43.75}}, {"type": "Feature", "geometry": {"type": "Polygon", "coordinates": [[[67.5, 45.0], [67.5, 47.5], [70.0, 47.5], [70.0, 45.0], [67.5, 45.0]]]}, "properties": {"cell_id": "27_54", "lon": 68.75, "lat": 46.25}}, {"type": "Feature", "geometry": {"type": "Polygon", "coordinates": [[[67.5, 47.5], [67.5, 50.0], [70.0, 50.0], [70.0, 47.5], [67.5, 47.5]]]}, "properties": {"cell_id": "27_55", "lon": 68.75, "lat": 48.75}}, {"type": "Feature", "geometry": {"type": "Polygon", "coordinates": [[[67.5, 50.0], [67.5, 52.5], [70.0, 52.5], [70.0, 50.0], [67.5, 50.0]]]}, "properties": {"cell_id": "27_56", "lon": 68.75, "lat": 51.25}}, {"type": "Feature", "geometry": {"type": "Polygon", "coordinates": [[[67.5, 52.5], [67.5, 55.0], [70.0, 55.0], [70.0, 52.5], [67.5, 52.5]]]}, "properties": {"cell_id": "27_57", "lon": 68.75, "lat": 53.75}}, {"type": "Feature", "geometry": {"type": "Polygon", "coordinates": [[[67.5, 55.0], [67.5, 57.5], [70.0, 57.5], [70.0, 55.0], [67.5, 55.0]]]}, "properties": {"cell_id": "27_58", "lon": 68.75, "lat": 56.25}}, {"type": "Feature", "geometry": {"type": "Polygon", "coordinates": [[[67.5, 57.5], [67.5, 60.0], [70.0, 60.0], [70.0, 57.5], [67.5, 57.5]]]}, "properties": {"cell_id": "27_59", "lon": 68.75, "lat": 58.75}}, {"type": "Feature", "geometry": {"type": "Polygon", "coordinates": [[[67.5, 60.0], [67.5, 62.5], [70.0, 62.5], [70.0, 60.0], [67.5, 60.0]]]}, "properties": {"cell_id": "27_60", "lon": 68.75, "lat": 61.25}}, {"type": "Feature", "geometry": {"type": "Polygon", "coordinates": [[[67.5, 62.5], [67.5, 65.0], [70.0, 65.0], [70.0, 62.5], [67.5, 62.5]]]}, "properties": {"cell_id": "27_61", "lon": 68.75, "lat": 63.75}}, {"type": "Feature", "geometry": {"type": "Polygon", "coordinates": [[[67.5, 65.0], [67.5, 67.5], [70.0, 67.5], [70.0, 65.0], [67.5, 65.0]]]}, "properties": {"cell_id": "27_62", "lon": 68.75, "lat": 66.25}}, {"type": "Feature", "geometry": {"type": "Polygon", "coordinates": [[[67.5, 70.0], [67.5, 72.5], [70.0, 72.5], [70.0, 70.0], [67.5, 70.0]]]}, "properties": {"cell_id": "27_64", "lon": 68.75, "lat": 71.25}}, {"type": "Feature", "geometry": {"type": "Polygon", "coordinates": [[[70.0, 20.0], [70.0, 22.5], [72.5, 22.5], [72.5, 20.0], [70.0, 20.0]]]}, "properties": {"cell_id": "28_44", "lon": 71.25, "lat": 21.25}}, {"type": "Feature", "geometry": {"type": "Polygon", "coordinates": [[[70.0, 22.5], [70.0, 25.0], [72.5, 25.0], [72.5, 22.5], [70.0, 22.5]]]}, "properties": {"cell_id": "28_45", "lon": 71.25, "lat": 23.75}}, {"type": "Feature", "geometry": {"type": "Polygon", "coordinates": [[[70.0, 25.0], [70.0, 27.5], [72.5, 27.5], [72.5, 25.0], [70.0, 25.0]]]}, "properties": {"cell_id": "28_46", "lon": 71.25, "lat": 26.25}}, {"type": "Feature", "geometry": {"type": "Polygon", "coordinates": [[[70.0, 27.5], [70.0, 30.0], [72.5, 30.0], [72.5, 27.5], [70.0, 27.5]]]}, "properties": {"cell_id": "28_47", "lon": 71.25, "lat": 28.75}}, {"type": "Feature", "geometry": {"type": "Polygon", "coordinates": [[[70.0, 30.0], [70.0, 32.5], [72.5, 32.5], [72.5, 30.0], [70.0, 30.0]]]}, "properties": {"cell_id": "28_48", "lon": 71.25, "lat": 31.25}}, {"type": "Feature", "geometry": {"type": "Polygon", "coordinates": [[[70.0, 32.5], [70.0, 35.0], [72.5, 35.0], [72.5, 32.5], [70.0, 32.5]]]}, "properties": {"cell_id": "28_49", "lon": 71.25, "lat": 33.75}}, {"type": "Feature", "geometry": {"type": "Polygon", "coordinates": [[[70.0, 35.0], [70.0, 37.5], [72.5, 37.5], [72.5, 35.0], [70.0, 35.0]]]}, "properties": {"cell_id": "28_50", "lon": 71.25, "lat": 36.25}}, {"type": "Feature", "geometry": {"type": "Polygon", "coordinates": [[[70.0, 37.5], [70.0, 40.0], [72.5, 40.0], [72.5, 37.5], [70.0, 37.5]]]}, "properties": {"cell_id": "28_51", "lon": 71.25, "lat": 38.75}}, {"type": "Feature", "geometry": {"type": "Polygon", "coordinates": [[[70.0, 40.0], [70.0, 42.5], [72.5, 42.5], [72.5, 40.0], [70.0, 40.0]]]}, "properties": {"cell_id": "28_52", "lon": 71.25, "lat": 41.25}}, {"type": "Feature", "geometry": {"type": "Polygon", "coordinates": [[[70.0, 42.5], [70.0, 45.0], [72.5, 45.0], [72.5, 42.5], [70.0, 42.5]]]}, "properties": {"cell_id": "28_53", "lon": 71.25, "lat": 43.75}}, {"type": "Feature", "geometry": {"type": "Polygon", "coordinates": [[[70.0, 45.0], [70.0, 47.5], [72.5, 47.5], [72.5, 45.0], [70.0, 45.0]]]}, "properties": {"cell_id": "28_54", "lon": 71.25, "lat": 46.25}}, {"type": "Feature", "geometry": {"type": "Polygon", "coordinates": [[[70.0, 47.5], [70.0, 50.0], [72.5, 50.0], [72.5, 47.5], [70.0, 47.5]]]}, "properties": {"cell_id": "28_55", "lon": 71.25, "lat": 48.75}}, {"type": "Feature", "geometry": {"type": "Polygon", "coordinates": [[[70.0, 50.0], [70.0, 52.5], [72.5, 52.5], [72.5, 50.0], [70.0, 50.0]]]}, "properties": {"cell_id": "28_56", "lon": 71.25, "lat": 51.25}}, {"type": "Feature", "geometry": {"type": "Polygon", "coordinates": [[[70.0, 52.5], [70.0, 55.0], [72.5, 55.0], [72.5, 52.5], [70.0, 52.5]]]}, "properties": {"cell_id": "28_57", "lon": 71.25, "lat": 53.75}}, {"type": "Feature", "geometry": {"type": "Polygon", "coordinates": [[[70.0, 55.0], [70.0, 57.5], [72.5, 57.5], [72.5, 55.0], [70.0, 55.0]]]}, "properties": {"cell_id": "28_58", "lon": 71.25, "lat": 56.25}}, {"type": "Feature", "geometry": {"type": "Polygon", "coordinates": [[[70.0, 57.5], [70.0, 60.0], [72.5, 60.0], [72.5, 57.5], [70.0, 57.5]]]}, "properties": {"cell_id": "28_59", "lon": 71.25, "lat": 58.75}}, {"type": "Feature", "geometry": {"type": "Polygon", "coordinates": [[[70.0, 60.0], [70.0, 62.5], [72.5, 62.5], [72.5, 60.0], [70.0, 60.0]]]}, "properties": {"cell_id": "28_60", "lon": 71.25, "lat": 61.25}}, {"type": "Feature", "geometry": {"type": "Polygon", "coordinates": [[[70.0, 62.5], [70.0, 65.0], [72.5, 65.0], [72.5, 62.5], [70.0, 62.5]]]}, "properties": {"cell_id": "28_61", "lon": 71.25, "lat": 63.75}}, {"type": "Feature", "geometry": {"type": "Polygon", "coordinates": [[[70.0, 65.0], [70.0, 67.5], [72.5, 67.5], [72.5, 65.0], [70.0, 65.0]]]}, "properties": {"cell_id": "28_62", "lon": 71.25, "lat": 66.25}}, {"type": "Feature", "geometry": {"type": "Polygon", "coordinates": [[[70.0, 67.5], [70.0, 70.0], [72.5, 70.0], [72.5, 67.5], [70.0, 67.5]]]}, "properties": {"cell_id": "28_63", "lon": 71.25, "lat": 68.75}}, {"type": "Feature", "geometry": {"type": "Polygon", "coordinates": [[[70.0, 70.0], [70.0, 72.5], [72.5, 72.5], [72.5, 70.0], [70.0, 70.0]]]}, "properties": {"cell_id": "28_64", "lon": 71.25, "lat": 71.25}}, {"type": "Feature", "geometry": {"type": "Polygon", "coordinates": [[[72.5, 15.0], [72.5, 17.5], [75.0, 17.5], [75.0, 15.0], [72.5, 15.0]]]}, "properties": {"cell_id": "29_42", "lon": 73.75, "lat": 16.25}}, {"type": "Feature", "geometry": {"type": "Polygon", "coordinates": [[[72.5, 17.5], [72.5, 20.0], [75.0, 20.0], [75.0, 17.5], [72.5, 17.5]]]}, "properties": {"cell_id": "29_43", "lon": 73.75, "lat": 18.75}}, {"type": "Feature", "geometry": {"type": "Polygon", "coordinates": [[[72.5, 20.0], [72.5, 22.5], [75.0, 22.5], [75.0, 20.0], [72.5, 20.0]]]}, "properties": {"cell_id": "29_44", "lon": 73.75, "lat": 21.25}}, {"type": "Feature", "geometry": {"type": "Polygon", "coordinates": [[[72.5, 22.5], [72.5, 25.0], [75.0, 25.0], [75.0, 22.5], [72.5, 22.5]]]}, "properties": {"cell_id": "29_45", "lon": 73.75, "lat": 23.75}}, {"type": "Feature", "geometry": {"type": "Polygon", "coordinates": [[[72.5, 25.0], [72.5, 27.5], [75.0, 27.5], [75.0, 25.0], [72.5, 25.0]]]}, "properties": {"cell_id": "29_46", "lon": 73.75, "lat": 26.25}}, {"type": "Feature", "geometry": {"type": "Polygon", "coordinates": [[[72.5, 27.5], [72.5, 30.0], [75.0, 30.0], [75.0, 27.5], [72.5, 27.5]]]}, "properties": {"cell_id": "29_47", "lon": 73.75, "lat": 28.75}}, {"type": "Feature", "geometry": {"type": "Polygon", "coordinates": [[[72.5, 30.0], [72.5, 32.5], [75.0, 32.5], [75.0, 30.0], [72.5, 30.0]]]}, "properties": {"cell_id": "29_48", "lon": 73.75, "lat": 31.25}}, {"type": "Feature", "geometry": {"type": "Polygon", "coordinates": [[[72.5, 32.5], [72.5, 35.0], [75.0, 35.0], [75.0, 32.5], [72.5, 32.5]]]}, "properties": {"cell_id": "29_49", "lon": 73.75, "lat": 33.75}}, {"type": "Feature", "geometry": {"type": "Polygon", "coordinates": [[[72.5, 35.0], [72.5, 37.5], [75.0, 37.5], [75.0, 35.0], [72.5, 35.0]]]}, "properties": {"cell_id": "29_50", "lon": 73.75, "lat": 36.25}}, {"type": "Feature", "geometry": {"type": "Polygon", "coordinates": [[[72.5, 37.5], [72.5, 40.0], [75.0, 40.0], [75.0, 37.5], [72.5, 37.5]]]}, "properties": {"cell_id": "29_51", "lon": 73.75, "lat": 38.75}}, {"type": "Feature", "geometry": {"type": "Polygon", "coordinates": [[[72.5, 40.0], [72.5, 42.5], [75.0, 42.5], [75.0, 40.0], [72.5, 40.0]]]}, "properties": {"cell_id": "29_52", "lon": 73.75, "lat": 41.25}}, {"type": "Feature", "geometry": {"type": "Polygon", "coordinates": [[[72.5, 42.5], [72.5, 45.0], [75.0, 45.0], [75.0, 42.5], [72.5, 42.5]]]}, "properties": {"cell_id": "29_53", "lon": 73.75, "lat": 43.75}}, {"type": "Feature", "geometry": {"type": "Polygon", "coordinates": [[[72.5, 45.0], [72.5, 47.5], [75.0, 47.5], [75.0, 45.0], [72.5, 45.0]]]}, "properties": {"cell_id": "29_54", "lon": 73.75, "lat": 46.25}}, {"type": "Feature", "geometry": {"type": "Polygon", "coordinates": [[[72.5, 47.5], [72.5, 50.0], [75.0, 50.0], [75.0, 47.5], [72.5, 47.5]]]}, "properties": {"cell_id": "29_55", "lon": 73.75, "lat": 48.75}}, {"type": "Feature", "geometry": {"type": "Polygon", "coordinates": [[[72.5, 50.0], [72.5, 52.5], [75.0, 52.5], [75.0, 50.0], [72.5, 50.0]]]}, "properties": {"cell_id": "29_56", "lon": 73.75, "lat": 51.25}}, {"type": "Feature", "geometry": {"type": "Polygon", "coordinates": [[[72.5, 52.5], [72.5, 55.0], [75.0, 55.0], [75.0, 52.5], [72.5, 52.5]]]}, "properties": {"cell_id": "29_57", "lon": 73.75, "lat": 53.75}}, {"type": "Feature", "geometry": {"type": "Polygon", "coordinates": [[[72.5, 55.0], [72.5, 57.5], [75.0, 57.5], [75.0, 55.0], [72.5, 55.0]]]}, "properties": {"cell_id": "29_58", "lon": 73.75, "lat": 56.25}}, {"type": "Feature", "geometry": {"type": "Polygon", "coordinates": [[[72.5, 57.5], [72.5, 60.0], [75.0, 60.0], [75.0, 57.5], [72.5, 57.5]]]}, "properties": {"cell_id": "29_59", "lon": 73.75, "lat": 58.75}}, {"type": "Feature", "geometry": {"type": "Polygon", "coordinates": [[[72.5, 60.0], [72.5, 62.5], [75.0, 62.5], [75.0, 60.0], [72.5, 60.0]]]}, "properties": {"cell_id": "29_60", "lon": 73.75, "lat": 61.25}}, {"type": "Feature", "geometry": {"type": "Polygon", "coordinates": [[[72.5, 62.5], [72.5, 65.0], [75.0, 65.0], [75.0, 62.5], [72.5, 62.5]]]}, "properties": {"cell_id": "29_61", "lon": 73.75, "lat": 63.75}}, {"type": "Feature", "geometry": {"type": "Polygon", "coordinates": [[[72.5, 65.0], [72.5, 67.5], [75.0, 67.5], [75.0, 65.0], [72.5, 65.0]]]}, "properties": {"cell_id": "29_62", "lon": 73.75, "lat": 66.25}}, {"type": "Feature", "geometry": {"type": "Polygon", "coordinates": [[[72.5, 70.0], [72.5, 72.5], [75.0, 72.5], [75.0, 70.0], [72.5, 70.0]]]}, "properties": {"cell_id": "29_64", "lon": 73.75, "lat": 71.25}}, {"type": "Feature", "geometry": {"type": "Polygon", "coordinates": [[[75.0, 10.0], [75.0, 12.5], [77.5, 12.5], [77.5, 10.0], [75.0, 10.0]]]}, "properties": {"cell_id": "30_40", "lon": 76.25, "lat": 11.25}}, {"type": "Feature", "geometry": {"type": "Polygon", "coordinates": [[[75.0, 12.5], [75.0, 15.0], [77.5, 15.0], [77.5, 12.5], [75.0, 12.5]]]}, "properties": {"cell_id": "30_41", "lon": 76.25, "lat": 13.75}}, {"type": "Feature", "geometry": {"type": "Polygon", "coordinates": [[[75.0, 15.0], [75.0, 17.5], [77.5, 17.5], [77.5, 15.0], [75.0, 15.0]]]}, "properties": {"cell_id": "30_42", "lon": 76.25, "lat": 16.25}}, {"type": "Feature", "geometry": {"type": "Polygon", "coordinates": [[[75.0, 17.5], [75.0, 20.0], [77.5, 20.0], [77.5, 17.5], [75.0, 17.5]]]}, "properties": {"cell_id": "30_43", "lon": 76.25, "lat": 18.75}}, {"type": "Feature", "geometry": {"type": "Polygon", "coordinates": [[[75.0, 20.0], [75.0, 22.5], [77.5, 22.5], [77.5, 20.0], [75.0, 20.0]]]}, "properties": {"cell_id": "30_44", "lon": 76.25, "lat": 21.25}}, {"type": "Feature", "geometry": {"type": "Polygon", "coordinates": [[[75.0, 22.5], [75.0, 25.0], [77.5, 25.0], [77.5, 22.5], [75.0, 22.5]]]}, "properties": {"cell_id": "30_45", "lon": 76.25, "lat": 23.75}}, {"type": "Feature", "geometry": {"type": "Polygon", "coordinates": [[[75.0, 25.0], [75.0, 27.5], [77.5, 27.5], [77.5, 25.0], [75.0, 25.0]]]}, "properties": {"cell_id": "30_46", "lon": 76.25, "lat": 26.25}}, {"type": "Feature", "geometry": {"type": "Polygon", "coordinates": [[[75.0, 27.5], [75.0, 30.0], [77.5, 30.0], [77.5, 27.5], [75.0, 27.5]]]}, "properties": {"cell_id": "30_47", "lon": 76.25, "lat": 28.75}}, {"type": "Feature", "geometry": {"type": "Polygon", "coordinates": [[[75.0, 30.0], [75.0, 32.5], [77.5, 32.5], [77.5, 30.0], [75.0, 30.0]]]}, "properties": {"cell_id": "30_48", "lon": 76.25, "lat": 31.25}}, {"type": "Feature", "geometry": {"type": "Polygon", "coordinates": [[[75.0, 32.5], [75.0, 35.0], [77.5, 35.0], [77.5, 32.5], [75.0, 32.5]]]}, "properties": {"cell_id": "30_49", "lon": 76.25, "lat": 33.75}}, {"type": "Feature", "geometry": {"type": "Polygon", "coordinates": [[[75.0, 35.0], [75.0, 37.5], [77.5, 37.5], [77.5, 35.0], [75.0, 35.0]]]}, "properties": {"cell_id": "30_50", "lon": 76.25, "lat": 36.25}}, {"type": "Feature", "geometry": {"type": "Polygon", "coordinates": [[[75.0, 37.5], [75.0, 40.0], [77.5, 40.0], [77.5, 37.5], [75.0, 37.5]]]}, "properties": {"cell_id": "30_51", "lon": 76.25, "lat": 38.75}}, {"type": "Feature", "geometry": {"type": "Polygon", "coordinates": [[[75.0, 40.0], [75.0, 42.5], [77.5, 42.5], [77.5, 40.0], [75.0, 40.0]]]}, "properties": {"cell_id": "30_52", "lon": 76.25, "lat": 41.25}}, {"type": "Feature", "geometry": {"type": "Polygon", "coordinates": [[[75.0, 42.5], [75.0, 45.0], [77.5, 45.0], [77.5, 42.5], [75.0, 42.5]]]}, "properties": {"cell_id": "30_53", "lon": 76.25, "lat": 43.75}}, {"type": "Feature", "geometry": {"type": "Polygon", "coordinates": [[[75.0, 45.0], [75.0, 47.5], [77.5, 47.5], [77.5, 45.0], [75.0, 45.0]]]}, "properties": {"cell_id": "30_54", "lon": 76.25, "lat": 46.25}}, {"type": "Feature", "geometry": {"type": "Polygon", "coordinates": [[[75.0, 47.5], [75.0, 50.0], [77.5, 50.0], [77.5, 47.5], [75.0, 47.5]]]}, "properties": {"cell_id": "30_55", "lon": 76.25, "lat": 48.75}}, {"type": "Feature", "geometry": {"type": "Polygon", "coordinates": [[[75.0, 50.0], [75.0, 52.5], [77.5, 52.5], [77.5, 50.0], [75.0, 50.0]]]}, "properties": {"cell_id": "30_56", "lon": 76.25, "lat": 51.25}}, {"type": "Feature", "geometry": {"type": "Polygon", "coordinates": [[[75.0, 52.5], [75.0, 55.0], [77.5, 55.0], [77.5, 52.5], [75.0, 52.5]]]}, "properties": {"cell_id": "30_57", "lon": 76.25, "lat": 53.75}}, {"type": "Feature", "geometry": {"type": "Polygon", "coordinates": [[[75.0, 55.0], [75.0, 57.5], [77.5, 57.5], [77.5, 55.0], [75.0, 55.0]]]}, "properties": {"cell_id": "30_58", "lon": 76.25, "lat": 56.25}}, {"type": "Feature", "geometry": {"type": "Polygon", "coordinates": [[[75.0, 57.5], [75.0, 60.0], [77.5, 60.0], [77.5, 57.5], [75.0, 57.5]]]}, "properties": {"cell_id": "30_59", "lon": 76.25, "lat": 58.75}}, {"type": "Feature", "geometry": {"type": "Polygon", "coordinates": [[[75.0, 60.0], [75.0, 62.5], [77.5, 62.5], [77.5, 60.0], [75.0, 60.0]]]}, "properties": {"cell_id": "30_60", "lon": 76.25, "lat": 61.25}}, {"type": "Feature", "geometry": {"type": "Polygon", "coordinates": [[[75.0, 62.5], [75.0, 65.0], [77.5, 65.0], [77.5, 62.5], [75.0, 62.5]]]}, "properties": {"cell_id": "30_61", "lon": 76.25, "lat": 63.75}}, {"type": "Feature", "geometry": {"type": "Polygon", "coordinates": [[[75.0, 65.0], [75.0, 67.5], [77.5, 67.5], [77.5, 65.0], [75.0, 65.0]]]}, "properties": {"cell_id": "30_62", "lon": 76.25, "lat": 66.25}}, {"type": "Feature", "geometry": {"type": "Polygon", "coordinates": [[[75.0, 67.5], [75.0, 70.0], [77.5, 70.0], [77.5, 67.5], [75.0, 67.5]]]}, "properties": {"cell_id": "30_63", "lon": 76.25, "lat": 68.75}}, {"type": "Feature", "geometry": {"type": "Polygon", "coordinates": [[[77.5, 10.0], [77.5, 12.5], [80.0, 12.5], [80.0, 10.0], [77.5, 10.0]]]}, "properties": {"cell_id": "31_40", "lon": 78.75, "lat": 11.25}}, {"type": "Feature", "geometry": {"type": "Polygon", "coordinates": [[[77.5, 12.5], [77.5, 15.0], [80.0, 15.0], [80.0, 12.5], [77.5, 12.5]]]}, "properties": {"cell_id": "31_41", "lon": 78.75, "lat": 13.75}}, {"type": "Feature", "geometry": {"type": "Polygon", "coordinates": [[[77.5, 15.0], [77.5, 17.5], [80.0, 17.5], [80.0, 15.0], [77.5, 15.0]]]}, "properties": {"cell_id": "31_42", "lon": 78.75, "lat": 16.25}}, {"type": "Feature", "geometry": {"type": "Polygon", "coordinates": [[[77.5, 17.5], [77.5, 20.0], [80.0, 20.0], [80.0, 17.5], [77.5, 17.5]]]}, "properties": {"cell_id": "31_43", "lon": 78.75, "lat": 18.75}}, {"type": "Feature", "geometry": {"type": "Polygon", "coordinates": [[[77.5, 20.0], [77.5, 22.5], [80.0, 22.5], [80.0, 20.0], [77.5, 20.0]]]}, "properties": {"cell_id": "31_44", "lon": 78.75, "lat": 21.25}}, {"type": "Feature", "geometry": {"type": "Polygon", "coordinates": [[[77.5, 22.5], [77.5, 25.0], [80.0, 25.0], [80.0, 22.5], [77.5, 22.5]]]}, "properties": {"cell_id": "31_45", "lon": 78.75, "lat": 23.75}}, {"type": "Feature", "geometry": {"type": "Polygon", "coordinates": [[[77.5, 25.0], [77.5, 27.5], [80.0, 27.5], [80.0, 25.0], [77.5, 25.0]]]}, "properties": {"cell_id": "31_46", "lon": 78.75, "lat": 26.25}}, {"type": "Feature", "geometry": {"type": "Polygon", "coordinates": [[[77.5, 27.5], [77.5, 30.0], [80.0, 30.0], [80.0, 27.5], [77.5, 27.5]]]}, "properties": {"cell_id": "31_47", "lon": 78.75, "lat": 28.75}}, {"type": "Feature", "geometry": {"type": "Polygon", "coordinates": [[[77.5, 30.0], [77.5, 32.5], [80.0, 32.5], [80.0, 30.0], [77.5, 30.0]]]}, "properties": {"cell_id": "31_48", "lon": 78.75, "lat": 31.25}}, {"type": "Feature", "geometry": {"type": "Polygon", "coordinates": [[[77.5, 32.5], [77.5, 35.0], [80.0, 35.0], [80.0, 32.5], [77.5, 32.5]]]}, "properties": {"cell_id": "31_49", "lon": 78.75, "lat": 33.75}}, {"type": "Feature", "geometry": {"type": "Polygon", "coordinates": [[[77.5, 35.0], [77.5, 37.5], [80.0, 37.5], [80.0, 35.0], [77.5, 35.0]]]}, "properties": {"cell_id": "31_50", "lon": 78.75, "lat": 36.25}}, {"type": "Feature", "geometry": {"type": "Polygon", "coordinates": [[[77.5, 37.5], [77.5, 40.0], [80.0, 40.0], [80.0, 37.5], [77.5, 37.5]]]}, "properties": {"cell_id": "31_51", "lon": 78.75, "lat": 38.75}}, {"type": "Feature", "geometry": {"type": "Polygon", "coordinates": [[[77.5, 40.0], [77.5, 42.5], [80.0, 42.5], [80.0, 40.0], [77.5, 40.0]]]}, "properties": {"cell_id": "31_52", "lon": 78.75, "lat": 41.25}}, {"type": "Feature", "geometry": {"type": "Polygon", "coordinates": [[[77.5, 42.5], [77.5, 45.0], [80.0, 45.0], [80.0, 42.5], [77.5, 42.5]]]}, "properties": {"cell_id": "31_53", "lon": 78.75, "lat": 43.75}}, {"type": "Feature", "geometry": {"type": "Polygon", "coordinates": [[[77.5, 45.0], [77.5, 47.5], [80.0, 47.5], [80.0, 45.0], [77.5, 45.0]]]}, "properties": {"cell_id": "31_54", "lon": 78.75, "lat": 46.25}}, {"type": "Feature", "geometry": {"type": "Polygon", "coordinates": [[[77.5, 47.5], [77.5, 50.0], [80.0, 50.0], [80.0, 47.5], [77.5, 47.5]]]}, "properties": {"cell_id": "31_55", "lon": 78.75, "lat": 48.75}}, {"type": "Feature", "geometry": {"type": "Polygon", "coordinates": [[[77.5, 50.0], [77.5, 52.5], [80.0, 52.5], [80.0, 50.0], [77.5, 50.0]]]}, "properties": {"cell_id": "31_56", "lon": 78.75, "lat": 51.25}}, {"type": "Feature", "geometry": {"type": "Polygon", "coordinates": [[[77.5, 52.5], [77.5, 55.0], [80.0, 55.0], [80.0, 52.5], [77.5, 52.5]]]}, "properties": {"cell_id": "31_57", "lon": 78.75, "lat": 53.75}}, {"type": "Feature", "geometry": {"type": "Polygon", "coordinates": [[[77.5, 55.0], [77.5, 57.5], [80.0, 57.5], [80.0, 55.0], [77.5, 55.0]]]}, "properties": {"cell_id": "31_58", "lon": 78.75, "lat": 56.25}}, {"type": "Feature", "geometry": {"type": "Polygon", "coordinates": [[[77.5, 57.5], [77.5, 60.0], [80.0, 60.0], [80.0, 57.5], [77.5, 57.5]]]}, "properties": {"cell_id": "31_59", "lon": 78.75, "lat": 58.75}}, {"type": "Feature", "geometry": {"type": "Polygon", "coordinates": [[[77.5, 60.0], [77.5, 62.5], [80.0, 62.5], [80.0, 60.0], [77.5, 60.0]]]}, "properties": {"cell_id": "31_60", "lon": 78.75, "lat": 61.25}}, {"type": "Feature", "geometry": {"type": "Polygon", "coordinates": [[[77.5, 62.5], [77.5, 65.0], [80.0, 65.0], [80.0, 62.5], [77.5, 62.5]]]}, "properties": {"cell_id": "31_61", "lon": 78.75, "lat": 63.75}}, {"type": "Feature", "geometry": {"type": "Polygon", "coordinates": [[[77.5, 65.0], [77.5, 67.5], [80.0, 67.5], [80.0, 65.0], [77.5, 65.0]]]}, "properties": {"cell_id": "31_62", "lon": 78.75, "lat": 66.25}}, {"type": "Feature", "geometry": {"type": "Polygon", "coordinates": [[[77.5, 67.5], [77.5, 70.0], [80.0, 70.0], [80.0, 67.5], [77.5, 67.5]]]}, "properties": {"cell_id": "31_63", "lon": 78.75, "lat": 68.75}}, {"type": "Feature", "geometry": {"type": "Polygon", "coordinates": [[[77.5, 70.0], [77.5, 72.5], [80.0, 72.5], [80.0, 70.0], [77.5, 70.0]]]}, "properties": {"cell_id": "31_64", "lon": 78.75, "lat": 71.25}}, {"type": "Feature", "geometry": {"type": "Polygon", "coordinates": [[[80.0, 5.0], [80.0, 7.5], [82.5, 7.5], [82.5, 5.0], [80.0, 5.0]]]}, "properties": {"cell_id": "32_38", "lon": 81.25, "lat": 6.25}}, {"type": "Feature", "geometry": {"type": "Polygon", "coordinates": [[[80.0, 15.0], [80.0, 17.5], [82.5, 17.5], [82.5, 15.0], [80.0, 15.0]]]}, "properties": {"cell_id": "32_42", "lon": 81.25, "lat": 16.25}}, {"type": "Feature", "geometry": {"type": "Polygon", "coordinates": [[[80.0, 17.5], [80.0, 20.0], [82.5, 20.0], [82.5, 17.5], [80.0, 17.5]]]}, "properties": {"cell_id": "32_43", "lon": 81.25, "lat": 18.75}}, {"type": "Feature", "geometry": {"type": "Polygon", "coordinates": [[[80.0, 20.0], [80.0, 22.5], [82.5, 22.5], [82.5, 20.0], [80.0, 20.0]]]}, "properties": {"cell_id": "32_44", "lon": 81.25, "lat": 21.25}}, {"type": "Feature", "geometry": {"type": "Polygon", "coordinates": [[[80.0, 22.5], [80.0, 25.0], [82.5, 25.0], [82.5, 22.5], [80.0, 22.5]]]}, "properties": {"cell_id": "32_45", "lon": 81.25, "lat": 23.75}}, {"type": "Feature", "geometry": {"type": "Polygon", "coordinates": [[[80.0, 25.0], [80.0, 27.5], [82.5, 27.5], [82.5, 25.0], [80.0, 25.0]]]}, "properties": {"cell_id": "32_46", "lon": 81.25, "lat": 26.25}}, {"type": "Feature", "geometry": {"type": "Polygon", "coordinates": [[[80.0, 27.5], [80.0, 30.0], [82.5, 30.0], [82.5, 27.5], [80.0, 27.5]]]}, "properties": {"cell_id": "32_47", "lon": 81.25, "lat": 28.75}}, {"type": "Feature", "geometry": {"type": "Polygon", "coordinates": [[[80.0, 30.0], [80.0, 32.5], [82.5, 32.5], [82.5, 30.0], [80.0, 30.0]]]}, "properties": {"cell_id": "32_48", "lon": 81.25, "lat": 31.25}}, {"type": "Feature", "geometry": {"type": "Polygon", "coordinates": [[[80.0, 32.5], [80.0, 35.0], [82.5, 35.0], [82.5, 32.5], [80.0, 32.5]]]}, "properties": {"cell_id": "32_49", "lon": 81.25, "lat": 33.75}}, {"type": "Feature", "geometry": {"type": "Polygon", "coordinates": [[[80.0, 35.0], [80.0, 37.5], [82.5, 37.5], [82.5, 35.0], [80.0, 35.0]]]}, "properties": {"cell_id": "32_50", "lon": 81.25, "lat": 36.25}}, {"type": "Feature", "geometry": {"type": "Polygon", "coordinates": [[[80.0, 37.5], [80.0, 40.0], [82.5, 40.0], [82.5, 37.5], [80.0, 37.5]]]}, "properties": {"cell_id": "32_51", "lon": 81.25, "lat": 38.75}}, {"type": "Feature", "geometry": {"type": "Polygon", "coordinates": [[[80.0, 40.0], [80.0, 42.5], [82.5, 42.5], [82.5, 40.0], [80.0, 40.0]]]}, "properties": {"cell_id": "32_52", "lon": 81.25, "lat": 41.25}}, {"type": "Feature", "geometry": {"type": "Polygon", "coordinates": [[[80.0, 42.5], [80.0, 45.0], [82.5, 45.0], [82.5, 42.5], [80.0, 42.5]]]}, "properties": {"cell_id": "32_53", "lon": 81.25, "lat": 43.75}}, {"type": "Feature", "geometry": {"type": "Polygon", "coordinates": [[[80.0, 45.0], [80.0, 47.5], [82.5, 47.5], [82.5, 45.0], [80.0, 45.0]]]}, "properties": {"cell_id": "32_54", "lon": 81.25, "lat": 46.25}}, {"type": "Feature", "geometry": {"type": "Polygon", "coordinates": [[[80.0, 47.5], [80.0, 50.0], [82.5, 50.0], [82.5, 47.5], [80.0, 47.5]]]}, "properties": {"cell_id": "32_55", "lon": 81.25, "lat": 48.75}}, {"type": "Feature", "geometry": {"type": "Polygon", "coordinates": [[[80.0, 50.0], [80.0, 52.5], [82.5, 52.5], [82.5, 50.0], [80.0, 50.0]]]}, "properties": {"cell_id": "32_56", "lon": 81.25, "lat": 51.25}}, {"type": "Feature", "geometry": {"type": "Polygon", "coordinates": [[[80.0, 52.5], [80.0, 55.0], [82.5, 55.0], [82.5, 52.5], [80.0, 52.5]]]}, "properties": {"cell_id": "32_57", "lon": 81.25, "lat": 53.75}}, {"type": "Feature", "geometry": {"type": "Polygon", "coordinates": [[[80.0, 55.0], [80.0, 57.5], [82.5, 57.5], [82.5, 55.0], [80.0, 55.0]]]}, "properties": {"cell_id": "32_58", "lon": 81.25, "lat": 56.25}}, {"type": "Feature", "geometry": {"type": "Polygon", "coordinates": [[[80.0, 57.5], [80.0, 60.0], [82.5, 60.0], [82.5, 57.5], [80.0, 57.5]]]}, "properties": {"cell_id": "32_59", "lon": 81.25, "lat": 58.75}}, {"type": "Feature", "geometry": {"type": "Polygon", "coordinates": [[[80.0, 60.0], [80.0, 62.5], [82.5, 62.5], [82.5, 60.0], [80.0, 60.0]]]}, "properties": {"cell_id": "32_60", "lon": 81.25, "lat": 61.25}}, {"type": "Feature", "geometry": {"type": "Polygon", "coordinates": [[[80.0, 62.5], [80.0, 65.0], [82.5, 65.0], [82.5, 62.5], [80.0, 62.5]]]}, "properties": {"cell_id": "32_61", "lon": 81.25, "lat": 63.75}}, {"type": "Feature", "geometry": {"type": "Polygon", "coordinates": [[[80.0, 65.0], [80.0, 67.5], [82.5, 67.5], [82.5, 65.0], [80.0, 65.0]]]}, "properties": {"cell_id": "32_62", "lon": 81.25, "lat": 66.25}}, {"type": "Feature", "geometry": {"type": "Polygon", "coordinates": [[[80.0, 67.5], [80.0, 70.0], [82.5, 70.0], [82.5, 67.5], [80.0, 67.5]]]}, "properties": {"cell_id": "32_63", "lon": 81.25, "lat": 68.75}}, {"type": "Feature", "geometry": {"type": "Polygon", "coordinates": [[[80.0, 70.0], [80.0, 72.5], [82.5, 72.5], [82.5, 70.0], [80.0, 70.0]]]}, "properties": {"cell_id": "32_64", "lon": 81.25, "lat": 71.25}}, {"type": "Feature", "geometry": {"type": "Polygon", "coordinates": [[[82.5, 17.5], [82.5, 20.0], [85.0, 20.0], [85.0, 17.5], [82.5, 17.5]]]}, "properties": {"cell_id": "33_43", "lon": 83.75, "lat": 18.75}}, {"type": "Feature", "geometry": {"type": "Polygon", "coordinates": [[[82.5, 20.0], [82.5, 22.5], [85.0, 22.5], [85.0, 20.0], [82.5, 20.0]]]}, "properties": {"cell_id": "33_44", "lon": 83.75, "lat": 21.25}}, {"type": "Feature", "geometry": {"type": "Polygon", "coordinates": [[[82.5, 22.5], [82.5, 25.0], [85.0, 25.0], [85.0, 22.5], [82.5, 22.5]]]}, "properties": {"cell_id": "33_45", "lon": 83.75, "lat": 23.75}}, {"type": "Feature", "geometry": {"type": "Polygon", "coordinates": [[[82.5, 25.0], [82.5, 27.5], [85.0, 27.5], [85.0, 25.0], [82.5, 25.0]]]}, "properties": {"cell_id": "33_46", "lon": 83.75, "lat": 26.25}}, {"type": "Feature", "geometry": {"type": "Polygon", "coordinates": [[[82.5, 27.5], [82.5, 30.0], [85.0, 30.0], [85.0, 27.5], [82.5, 27.5]]]}, "properties": {"cell_id": "33_47", "lon": 83.75, "lat": 28.75}}, {"type": "Feature", "geometry": {"type": "Polygon", "coordinates": [[[82.5, 30.0], [82.5, 32.5], [85.0, 32.5], [85.0, 30.0], [82.5, 30.0]]]}, "properties": {"cell_id": "33_48", "lon": 83.75, "lat": 31.25}}, {"type": "Feature", "geometry": {"type": "Polygon", "coordinates": [[[82.5, 32.5], [82.5, 35.0], [85.0, 35.0], [85.0, 32.5], [82.5, 32.5]]]}, "properties": {"cell_id": "33_49", "lon": 83.75, "lat": 33.75}}, {"type": "Feature", "geometry": {"type": "Polygon", "coordinates": [[[82.5, 35.0], [82.5, 37.5], [85.0, 37.5], [85.0, 35.0], [82.5, 35.0]]]}, "properties": {"cell_id": "33_50", "lon": 83.75, "lat": 36.25}}, {"type": "Feature", "geometry": {"type": "Polygon", "coordinates": [[[82.5, 37.5], [82.5, 40.0], [85.0, 40.0], [85.0, 37.5], [82.5, 37.5]]]}, "properties": {"cell_id": "33_51", "lon": 83.75, "lat": 38.75}}, {"type": "Feature", "geometry": {"type": "Polygon", "coordinates": [[[82.5, 40.0], [82.5, 42.5], [85.0, 42.5], [85.0, 40.0], [82.5, 40.0]]]}, "properties": {"cell_id": "33_52", "lon": 83.75, "lat": 41.25}}, {"type": "Feature", "geometry": {"type": "Polygon", "coordinates": [[[82.5, 42.5], [82.5, 45.0], [85.0, 45.0], [85.0, 42.5], [82.5, 42.5]]]}, "properties": {"cell_id": "33_53", "lon": 83.75, "lat": 43.75}}, {"type": "Feature", "geometry": {"type": "Polygon", "coordinates": [[[82.5, 45.0], [82.5, 47.5], [85.0, 47.5], [85.0, 45.0], [82.5, 45.0]]]}, "properties": {"cell_id": "33_54", "lon": 83.75, "lat": 46.25}}, {"type": "Feature", "geometry": {"type": "Polygon", "coordinates": [[[82.5, 47.5], [82.5, 50.0], [85.0, 50.0], [85.0, 47.5], [82.5, 47.5]]]}, "properties": {"cell_id": "33_55", "lon": 83.75, "lat": 48.75}}, {"type": "Feature", "geometry": {"type": "Polygon", "coordinates": [[[82.5, 50.0], [82.5, 52.5], [85.0, 52.5], [85.0, 50.0], [82.5, 50.0]]]}, "properties": {"cell_id": "33_56", "lon": 83.75, "lat": 51.25}}, {"type": "Feature", "geometry": {"type": "Polygon", "coordinates": [[[82.5, 52.5], [82.5, 55.0], [85.0, 55.0], [85.0, 52.5], [82.5, 52.5]]]}, "properties": {"cell_id": "33_57", "lon": 83.75, "lat": 53.75}}, {"type": "Feature", "geometry": {"type": "Polygon", "coordinates": [[[82.5, 55.0], [82.5, 57.5], [85.0, 57.5], [85.0, 55.0], [82.5, 55.0]]]}, "properties": {"cell_id": "33_58", "lon": 83.75, "lat": 56.25}}, {"type": "Feature", "geometry": {"type": "Polygon", "coordinates": [[[82.5, 57.5], [82.5, 60.0], [85.0, 60.0], [85.0, 57.5], [82.5, 57.5]]]}, "properties": {"cell_id": "33_59", "lon": 83.75, "lat": 58.75}}, {"type": "Feature", "geometry": {"type": "Polygon", "coordinates": [[[82.5, 60.0], [82.5, 62.5], [85.0, 62.5], [85.0, 60.0], [82.5, 60.0]]]}, "properties": {"cell_id": "33_60", "lon": 83.75, "lat": 61.25}}, {"type": "Feature", "geometry": {"type": "Polygon", "coordinates": [[[82.5, 62.5], [82.5, 65.0], [85.0, 65.0], [85.0, 62.5], [82.5, 62.5]]]}, "properties": {"cell_id": "33_61", "lon": 83.75, "lat": 63.75}}, {"type": "Feature", "geometry": {"type": "Polygon", "coordinates": [[[82.5, 65.0], [82.5, 67.5], [85.0, 67.5], [85.0, 65.0], [82.5, 65.0]]]}, "properties": {"cell_id": "33_62", "lon": 83.75, "lat": 66.25}}, {"type": "Feature", "geometry": {"type": "Polygon", "coordinates": [[[82.5, 67.5], [82.5, 70.0], [85.0, 70.0], [85.0, 67.5], [82.5, 67.5]]]}, "properties": {"cell_id": "33_63", "lon": 83.75, "lat": 68.75}}, {"type": "Feature", "geometry": {"type": "Polygon", "coordinates": [[[82.5, 70.0], [82.5, 72.5], [85.0, 72.5], [85.0, 70.0], [82.5, 70.0]]]}, "properties": {"cell_id": "33_64", "lon": 83.75, "lat": 71.25}}, {"type": "Feature", "geometry": {"type": "Polygon", "coordinates": [[[82.5, 72.5], [82.5, 75.0], [85.0, 75.0], [85.0, 72.5], [82.5, 72.5]]]}, "properties": {"cell_id": "33_65", "lon": 83.75, "lat": 73.75}}, {"type": "Feature", "geometry": {"type": "Polygon", "coordinates": [[[85.0, 20.0], [85.0, 22.5], [87.5, 22.5], [87.5, 20.0], [85.0, 20.0]]]}, "properties": {"cell_id": "34_44", "lon": 86.25, "lat": 21.25}}, {"type": "Feature", "geometry": {"type": "Polygon", "coordinates": [[[85.0, 22.5], [85.0, 25.0], [87.5, 25.0], [87.5, 22.5], [85.0, 22.5]]]}, "properties": {"cell_id": "34_45", "lon": 86.25, "lat": 23.75}}, {"type": "Feature", "geometry": {"type": "Polygon", "coordinates": [[[85.0, 25.0], [85.0, 27.5], [87.5, 27.5], [87.5, 25.0], [85.0, 25.0]]]}, "properties": {"cell_id": "34_46", "lon": 86.25, "lat": 26.25}}, {"type": "Feature", "geometry": {"type": "Polygon", "coordinates": [[[85.0, 27.5], [85.0, 30.0], [87.5, 30.0], [87.5, 27.5], [85.0, 27.5]]]}, "properties": {"cell_id": "34_47", "lon": 86.25, "lat": 28.75}}, {"type": "Feature", "geometry": {"type": "Polygon", "coordinates": [[[85.0, 30.0], [85.0, 32.5], [87.5, 32.5], [87.5, 30.0], [85.0, 30.0]]]}, "properties": {"cell_id": "34_48", "lon": 86.25, "lat": 31.25}}, {"type": "Feature", "geometry": {"type": "Polygon", "coordinates": [[[85.0, 32.5], [85.0, 35.0], [87.5, 35.0], [87.5, 32.5], [85.0, 32.5]]]}, "properties": {"cell_id": "34_49", "lon": 86.25, "lat": 33.75}}, {"type": "Feature", "geometry": {"type": "Polygon", "coordinates": [[[85.0, 35.0], [85.0, 37.5], [87.5, 37.5], [87.5, 35.0], [85.0, 35.0]]]}, "properties": {"cell_id": "34_50", "lon": 86.25, "lat": 36.25}}, {"type": "Feature", "geometry": {"type": "Polygon", "coordinates": [[[85.0, 37.5], [85.0, 40.0], [87.5, 40.0], [87.5, 37.5], [85.0, 37.5]]]}, "properties": {"cell_id": "34_51", "lon": 86.25, "lat": 38.75}}, {"type": "Feature", "geometry": {"type": "Polygon", "coordinates": [[[85.0, 40.0], [85.0, 42.5], [87.5, 42.5], [87.5, 40.0], [85.0, 40.0]]]}, "properties": {"cell_id": "34_52", "lon": 86.25, "lat": 41.25}}, {"type": "Feature", "geometry": {"type": "Polygon", "coordinates": [[[85.0, 42.5], [85.0, 45.0], [87.5, 45.0], [87.5, 42.5], [85.0, 42.5]]]}, "properties": {"cell_id": "34_53", "lon": 86.25, "lat": 43.75}}, {"type": "Feature", "geometry": {"type": "Polygon", "coordinates": [[[85.0, 45.0], [85.0, 47.5], [87.5, 47.5], [87.5, 45.0], [85.0, 45.0]]]}, "properties": {"cell_id": "34_54", "lon": 86.25, "lat": 46.25}}, {"type": "Feature", "geometry": {"type": "Polygon", "coordinates": [[[85.0, 47.5], [85.0, 50.0], [87.5, 50.0], [87.5, 47.5], [85.0, 47.5]]]}, "properties": {"cell_id": "34_55", "lon": 86.25, "lat": 48.75}}, {"type": "Feature", "geometry": {"type": "Polygon", "coordinates": [[[85.0, 50.0], [85.0, 52.5], [87.5, 52.5], [87.5, 50.0], [85.0, 50.0]]]}, "properties": {"cell_id": "34_56", "lon": 86.25, "lat": 51.25}}, {"type": "Feature", "geometry": {"type": "Polygon", "coordinates": [[[85.0, 52.5], [85.0, 55.0], [87.5, 55.0], [87.5, 52.5], [85.0, 52.5]]]}, "properties": {"cell_id": "34_57", "lon": 86.25, "lat": 53.75}}, {"type": "Feature", "geometry": {"type": "Polygon", "coordinates": [[[85.0, 55.0], [85.0, 57.5], [87.5, 57.5], [87.5, 55.0], [85.0, 55.0]]]}, "properties": {"cell_id": "34_58", "lon": 86.25, "lat": 56.25}}, {"type": "Feature", "geometry": {"type": "Polygon", "coordinates": [[[85.0, 57.5], [85.0, 60.0], [87.5, 60.0], [87.5, 57.5], [85.0, 57.5]]]}, "properties": {"cell_id": "34_59", "lon": 86.25, "lat": 58.75}}, {"type": "Feature", "geometry": {"type": "Polygon", "coordinates": [[[85.0, 60.0], [85.0, 62.5], [87.5, 62.5], [87.5, 60.0], [85.0, 60.0]]]}, "properties": {"cell_id": "34_60", "lon": 86.25, "lat": 61.25}}, {"type": "Feature", "geometry": {"type": "Polygon", "coordinates": [[[85.0, 62.5], [85.0, 65.0], [87.5, 65.0], [87.5, 62.5], [85.0, 62.5]]]}, "properties": {"cell_id": "34_61", "lon": 86.25, "lat": 63.75}}, {"type": "Feature", "geometry": {"type": "Polygon", "coordinates": [[[85.0, 65.0], [85.0, 67.5], [87.5, 67.5], [87.5, 65.0], [85.0, 65.0]]]}, "properties": {"cell_id": "34_62", "lon": 86.25, "lat": 66.25}}, {"type": "Feature", "geometry": {"type": "Polygon", "coordinates": [[[85.0, 67.5], [85.0, 70.0], [87.5, 70.0], [87.5, 67.5], [85.0, 67.5]]]}, "properties": {"cell_id": "34_63", "lon": 86.25, "lat": 68.75}}, {"type": "Feature", "geometry": {"type": "Polygon", "coordinates": [[[85.0, 70.0], [85.0, 72.5], [87.5, 72.5], [87.5, 70.0], [85.0, 70.0]]]}, "properties": {"cell_id": "34_64", "lon": 86.25, "lat": 71.25}}, {"type": "Feature", "geometry": {"type": "Polygon", "coordinates": [[[85.0, 72.5], [85.0, 75.0], [87.5, 75.0], [87.5, 72.5], [85.0, 72.5]]]}, "properties": {"cell_id": "34_65", "lon": 86.25, "lat": 73.75}}, {"type": "Feature", "geometry": {"type": "Polygon", "coordinates": [[[87.5, 22.5], [87.5, 25.0], [90.0, 25.0], [90.0, 22.5], [87.5, 22.5]]]}, "properties": {"cell_id": "35_45", "lon": 88.75, "lat": 23.75}}, {"type": "Feature", "geometry": {"type": "Polygon", "coordinates": [[[87.5, 25.0], [87.5, 27.5], [90.0, 27.5], [90.0, 25.0], [87.5, 25.0]]]}, "properties": {"cell_id": "35_46", "lon": 88.75, "lat": 26.25}}, {"type": "Feature", "geometry": {"type": "Polygon", "coordinates": [[[87.5, 27.5], [87.5, 30.0], [90.0, 30.0], [90.0, 27.5], [87.5, 27.5]]]}, "properties": {"cell_id": "35_47", "lon": 88.75, "lat": 28.75}}, {"type": "Feature", "geometry": {"type": "Polygon", "coordinates": [[[87.5, 30.0], [87.5, 32.5], [90.0, 32.5], [90.0, 30.0], [87.5, 30.0]]]}, "properties": {"cell_id": "35_48", "lon": 88.75, "lat": 31.25}}, {"type": "Feature", "geometry": {"type": "Polygon", "coordinates": [[[87.5, 32.5], [87.5, 35.0], [90.0, 35.0], [90.0, 32.5], [87.5, 32.5]]]}, "properties": {"cell_id": "35_49", "lon": 88.75, "lat": 33.75}}, {"type": "Feature", "geometry": {"type": "Polygon", "coordinates": [[[87.5, 35.0], [87.5, 37.5], [90.0, 37.5], [90.0, 35.0], [87.5, 35.0]]]}, "properties": {"cell_id": "35_50", "lon": 88.75, "lat": 36.25}}, {"type": "Feature", "geometry": {"type": "Polygon", "coordinates": [[[87.5, 37.5], [87.5, 40.0], [90.0, 40.0], [90.0, 37.5], [87.5, 37.5]]]}, "properties": {"cell_id": "35_51", "lon": 88.75, "lat": 38.75}}, {"type": "Feature", "geometry": {"type": "Polygon", "coordinates": [[[87.5, 40.0], [87.5, 42.5], [90.0, 42.5], [90.0, 40.0], [87.5, 40.0]]]}, "properties": {"cell_id": "35_52", "lon": 88.75, "lat": 41.25}}, {"type": "Feature", "geometry": {"type": "Polygon", "coordinates": [[[87.5, 42.5], [87.5, 45.0], [90.0, 45.0], [90.0, 42.5], [87.5, 42.5]]]}, "properties": {"cell_id": "35_53", "lon": 88.75, "lat": 43.75}}, {"type": "Feature", "geometry": {"type": "Polygon", "coordinates": [[[87.5, 45.0], [87.5, 47.5], [90.0, 47.5], [90.0, 45.0], [87.5, 45.0]]]}, "properties": {"cell_id": "35_54", "lon": 88.75, "lat": 46.25}}, {"type": "Feature", "geometry": {"type": "Polygon", "coordinates": [[[87.5, 47.5], [87.5, 50.0], [90.0, 50.0], [90.0, 47.5], [87.5, 47.5]]]}, "properties": {"cell_id": "35_55", "lon": 88.75, "lat": 48.75}}, {"type": "Feature", "geometry": {"type": "Polygon", "coordinates": [[[87.5, 50.0], [87.5, 52.5], [90.0, 52.5], [90.0, 50.0], [87.5, 50.0]]]}, "properties": {"cell_id": "35_56", "lon": 88.75, "lat": 51.25}}, {"type": "Feature", "geometry": {"type": "Polygon", "coordinates": [[[87.5, 52.5], [87.5, 55.0], [90.0, 55.0], [90.0, 52.5], [87.5, 52.5]]]}, "properties": {"cell_id": "35_57", "lon": 88.75, "lat": 53.75}}, {"type": "Feature", "geometry": {"type": "Polygon", "coordinates": [[[87.5, 55.0], [87.5, 57.5], [90.0, 57.5], [90.0, 55.0], [87.5, 55.0]]]}, "properties": {"cell_id": "35_58", "lon": 88.75, "lat": 56.25}}, {"type": "Feature", "geometry": {"type": "Polygon", "coordinates": [[[87.5, 57.5], [87.5, 60.0], [90.0, 60.0], [90.0, 57.5], [87.5, 57.5]]]}, "properties": {"cell_id": "35_59", "lon": 88.75, "lat": 58.75}}, {"type": "Feature", "geometry": {"type": "Polygon", "coordinates": [[[87.5, 60.0], [87.5, 62.5], [90.0, 62.5], [90.0, 60.0], [87.5, 60.0]]]}, "properties": {"cell_id": "35_60", "lon": 88.75, "lat": 61.25}}, {"type": "Feature", "geometry": {"type": "Polygon", "coordinates": [[[87.5, 62.5], [87.5, 65.0], [90.0, 65.0], [90.0, 62.5], [87.5, 62.5]]]}, "properties": {"cell_id": "35_61", "lon": 88.75, "lat": 63.75}}, {"type": "Feature", "geometry": {"type": "Polygon", "coordinates": [[[87.5, 65.0], [87.5, 67.5], [90.0, 67.5], [90.0, 65.0], [87.5, 65.0]]]}, "properties": {"cell_id": "35_62", "lon": 88.75, "lat": 66.25}}, {"type": "Feature", "geometry": {"type": "Polygon", "coordinates": [[[87.5, 67.5], [87.5, 70.0], [90.0, 70.0], [90.0, 67.5], [87.5, 67.5]]]}, "properties": {"cell_id": "35_63", "lon": 88.75, "lat": 68.75}}, {"type": "Feature", "geometry": {"type": "Polygon", "coordinates": [[[87.5, 70.0], [87.5, 72.5], [90.0, 72.5], [90.0, 70.0], [87.5, 70.0]]]}, "properties": {"cell_id": "35_64", "lon": 88.75, "lat": 71.25}}, {"type": "Feature", "geometry": {"type": "Polygon", "coordinates": [[[87.5, 72.5], [87.5, 75.0], [90.0, 75.0], [90.0, 72.5], [87.5, 72.5]]]}, "properties": {"cell_id": "35_65", "lon": 88.75, "lat": 73.75}}, {"type": "Feature", "geometry": {"type": "Polygon", "coordinates": [[[90.0, 22.5], [90.0, 25.0], [92.5, 25.0], [92.5, 22.5], [90.0, 22.5]]]}, "properties": {"cell_id": "36_45", "lon": 91.25, "lat": 23.75}}, {"type": "Feature", "geometry": {"type": "Polygon", "coordinates": [[[90.0, 25.0], [90.0, 27.5], [92.5, 27.5], [92.5, 25.0], [90.0, 25.0]]]}, "properties": {"cell_id": "36_46", "lon": 91.25, "lat": 26.25}}, {"type": "Feature", "geometry": {"type": "Polygon", "coordinates": [[[90.0, 27.5], [90.0, 30.0], [92.5, 30.0], [92.5, 27.5], [90.0, 27.5]]]}, "properties": {"cell_id": "36_47", "lon": 91.25, "lat": 28.75}}, {"type": "Feature", "geometry": {"type": "Polygon", "coordinates": [[[90.0, 30.0], [90.0, 32.5], [92.5, 32.5], [92.5, 30.0], [90.0, 30.0]]]}, "properties": {"cell_id": "36_48", "lon": 91.25, "lat": 31.25}}, {"type": "Feature", "geometry": {"type": "Polygon", "coordinates": [[[90.0, 32.5], [90.0, 35.0], [92.5, 35.0], [92.5, 32.5], [90.0, 32.5]]]}, "properties": {"cell_id": "36_49", "lon": 91.25, "lat": 33.75}}, {"type": "Feature", "geometry": {"type": "Polygon", "coordinates": [[[90.0, 35.0], [90.0, 37.5], [92.5, 37.5], [92.5, 35.0], [90.0, 35.0]]]}, "properties": {"cell_id": "36_50", "lon": 91.25, "lat": 36.25}}, {"type": "Feature", "geometry": {"type": "Polygon", "coordinates": [[[90.0, 37.5], [90.0, 40.0], [92.5, 40.0], [92.5, 37.5], [90.0, 37.5]]]}, "properties": {"cell_id": "36_51", "lon": 91.25, "lat": 38.75}}, {"type": "Feature", "geometry": {"type": "Polygon", "coordinates": [[[90.0, 40.0], [90.0, 42.5], [92.5, 42.5], [92.5, 40.0], [90.0, 40.0]]]}, "properties": {"cell_id": "36_52", "lon": 91.25, "lat": 41.25}}, {"type": "Feature", "geometry": {"type": "Polygon", "coordinates": [[[90.0, 42.5], [90.0, 45.0], [92.5, 45.0], [92.5, 42.5], [90.0, 42.5]]]}, "properties": {"cell_id": "36_53", "lon": 91.25, "lat": 43.75}}, {"type": "Feature", "geometry": {"type": "Polygon", "coordinates": [[[90.0, 45.0], [90.0, 47.5], [92.5, 47.5], [92.5, 45.0], [90.0, 45.0]]]}, "properties": {"cell_id": "36_54", "lon": 91.25, "lat": 46.25}}, {"type": "Feature", "geometry": {"type": "Polygon", "coordinates": [[[90.0, 47.5], [90.0, 50.0], [92.5, 50.0], [92.5, 47.5], [90.0, 47.5]]]}, "properties": {"cell_id": "36_55", "lon": 91.25, "lat": 48.75}}, {"type": "Feature", "geometry": {"type": "Polygon", "coordinates": [[[90.0, 50.0], [90.0, 52.5], [92.5, 52.5], [92.5, 50.0], [90.0, 50.0]]]}, "properties": {"cell_id": "36_56", "lon": 91.25, "lat": 51.25}}, {"type": "Feature", "geometry": {"type": "Polygon", "coordinates": [[[90.0, 52.5], [90.0, 55.0], [92.5, 55.0], [92.5, 52.5], [90.0, 52.5]]]}, "properties": {"cell_id": "36_57", "lon": 91.25, "lat": 53.75}}, {"type": "Feature", "geometry": {"type": "Polygon", "coordinates": [[[90.0, 55.0], [90.0, 57.5], [92.5, 57.5], [92.5, 55.0], [90.0, 55.0]]]}, "properties": {"cell_id": "36_58", "lon": 91.25, "lat": 56.25}}, {"type": "Feature", "geometry": {"type": "Polygon", "coordinates": [[[90.0, 57.5], [90.0, 60.0], [92.5, 60.0], [92.5, 57.5], [90.0, 57.5]]]}, "properties": {"cell_id": "36_59", "lon": 91.25, "lat": 58.75}}, {"type": "Feature", "geometry": {"type": "Polygon", "coordinates": [[[90.0, 60.0], [90.0, 62.5], [92.5, 62.5], [92.5, 60.0], [90.0, 60.0]]]}, "properties": {"cell_id": "36_60", "lon": 91.25, "lat": 61.25}}, {"type": "Feature", "geometry": {"type": "Polygon", "coordinates": [[[90.0, 62.5], [90.0, 65.0], [92.5, 65.0], [92.5, 62.5], [90.0, 62.5]]]}, "properties": {"cell_id": "36_61", "lon": 91.25, "lat": 63.75}}, {"type": "Feature", "geometry": {"type": "Polygon", "coordinates": [[[90.0, 65.0], [90.0, 67.5], [92.5, 67.5], [92.5, 65.0], [90.0, 65.0]]]}, "properties": {"cell_id": "36_62", "lon": 91.25, "lat": 66.25}}, {"type": "Feature", "geometry": {"type": "Polygon", "coordinates": [[[90.0, 67.5], [90.0, 70.0], [92.5, 70.0], [92.5, 67.5], [90.0, 67.5]]]}, "properties": {"cell_id": "36_63", "lon": 91.25, "lat": 68.75}}, {"type": "Feature", "geometry": {"type": "Polygon", "coordinates": [[[90.0, 70.0], [90.0, 72.5], [92.5, 72.5], [92.5, 70.0], [90.0, 70.0]]]}, "properties": {"cell_id": "36_64", "lon": 91.25, "lat": 71.25}}, {"type": "Feature", "geometry": {"type": "Polygon", "coordinates": [[[90.0, 72.5], [90.0, 75.0], [92.5, 75.0], [92.5, 72.5], [90.0, 72.5]]]}, "properties": {"cell_id": "36_65", "lon": 91.25, "lat": 73.75}}, {"type": "Feature", "geometry": {"type": "Polygon", "coordinates": [[[92.5, 20.0], [92.5, 22.5], [95.0, 22.5], [95.0, 20.0], [92.5, 20.0]]]}, "properties": {"cell_id": "37_44", "lon": 93.75, "lat": 21.25}}, {"type": "Feature", "geometry": {"type": "Polygon", "coordinates": [[[92.5, 22.5], [92.5, 25.0], [95.0, 25.0], [95.0, 22.5], [92.5, 22.5]]]}, "properties": {"cell_id": "37_45", "lon": 93.75, "lat": 23.75}}, {"type": "Feature", "geometry": {"type": "Polygon", "coordinates": [[[92.5, 25.0], [92.5, 27.5], [95.0, 27.5], [95.0, 25.0], [92.5, 25.0]]]}, "properties": {"cell_id": "37_46", "lon": 93.75, "lat": 26.25}}, {"type": "Feature", "geometry": {"type": "Polygon", "coordinates": [[[92.5, 27.5], [92.5, 30.0], [95.0, 30.0], [95.0, 27.5], [92.5, 27.5]]]}, "properties": {"cell_id": "37_47", "lon": 93.75, "lat": 28.75}}, {"type": "Feature", "geometry": {"type": "Polygon", "coordinates": [[[92.5, 30.0], [92.5, 32.5], [95.0, 32.5], [95.0, 30.0], [92.5, 30.0]]]}, "properties": {"cell_id": "37_48", "lon": 93.75, "lat": 31.25}}, {"type": "Feature", "geometry": {"type": "Polygon", "coordinates": [[[92.5, 32.5], [92.5, 35.0], [95.0, 35.0], [95.0, 32.5], [92.5, 32.5]]]}, "properties": {"cell_id": "37_49", "lon": 93.75, "lat": 33.75}}, {"type": "Feature", "geometry": {"type": "Polygon", "coordinates": [[[92.5, 35.0], [92.5, 37.5], [95.0, 37.5], [95.0, 35.0], [92.5, 35.0]]]}, "properties": {"cell_id": "37_50", "lon": 93.75, "lat": 36.25}}, {"type": "Feature", "geometry": {"type": "Polygon", "coordinates": [[[92.5, 37.5], [92.5, 40.0], [95.0, 40.0], [95.0, 37.5], [92.5, 37.5]]]}, "properties": {"cell_id": "37_51", "lon": 93.75, "lat": 38.75}}, {"type": "Feature", "geometry": {"type": "Polygon", "coordinates": [[[92.5, 40.0], [92.5, 42.5], [95.0, 42.5], [95.0, 40.0], [92.5, 40.0]]]}, "properties": {"cell_id": "37_52", "lon": 93.75, "lat": 41.25}}, {"type": "Feature", "geometry": {"type": "Polygon", "coordinates": [[[92.5, 42.5], [92.5, 45.0], [95.0, 45.0], [95.0, 42.5], [92.5, 42.5]]]}, "properties": {"cell_id": "37_53", "lon": 93.75, "lat": 43.75}}, {"type": "Feature", "geometry": {"type": "Polygon", "coordinates": [[[92.5, 45.0], [92.5, 47.5], [95.0, 47.5], [95.0, 45.0], [92.5, 45.0]]]}, "properties": {"cell_id": "37_54", "lon": 93.75, "lat": 46.25}}, {"type": "Feature", "geometry": {"type": "Polygon", "coordinates": [[[92.5, 47.5], [92.5, 50.0], [95.0, 50.0], [95.0, 47.5], [92.5, 47.5]]]}, "properties": {"cell_id": "37_55", "lon": 93.75, "lat": 48.75}}, {"type": "Feature", "geometry": {"type": "Polygon", "coordinates": [[[92.5, 50.0], [92.5, 52.5], [95.0, 52.5], [95.0, 50.0], [92.5, 50.0]]]}, "properties": {"cell_id": "37_56", "lon": 93.75, "lat": 51.25}}, {"type": "Feature", "geometry": {"type": "Polygon", "coordinates": [[[92.5, 52.5], [92.5, 55.0], [95.0, 55.0], [95.0, 52.5], [92.5, 52.5]]]}, "properties": {"cell_id": "37_57", "lon": 93.75, "lat": 53.75}}, {"type": "Feature", "geometry": {"type": "Polygon", "coordinates": [[[92.5, 55.0], [92.5, 57.5], [95.0, 57.5], [95.0, 55.0], [92.5, 55.0]]]}, "properties": {"cell_id": "37_58", "lon": 93.75, "lat": 56.25}}, {"type": "Feature", "geometry": {"type": "Polygon", "coordinates": [[[92.5, 57.5], [92.5, 60.0], [95.0, 60.0], [95.0, 57.5], [92.5, 57.5]]]}, "properties": {"cell_id": "37_59", "lon": 93.75, "lat": 58.75}}, {"type": "Feature", "geometry": {"type": "Polygon", "coordinates": [[[92.5, 60.0], [92.5, 62.5], [95.0, 62.5], [95.0, 60.0], [92.5, 60.0]]]}, "properties": {"cell_id": "37_60", "lon": 93.75, "lat": 61.25}}, {"type": "Feature", "geometry": {"type": "Polygon", "coordinates": [[[92.5, 62.5], [92.5, 65.0], [95.0, 65.0], [95.0, 62.5], [92.5, 62.5]]]}, "properties": {"cell_id": "37_61", "lon": 93.75, "lat": 63.75}}, {"type": "Feature", "geometry": {"type": "Polygon", "coordinates": [[[92.5, 65.0], [92.5, 67.5], [95.0, 67.5], [95.0, 65.0], [92.5, 65.0]]]}, "properties": {"cell_id": "37_62", "lon": 93.75, "lat": 66.25}}, {"type": "Feature", "geometry": {"type": "Polygon", "coordinates": [[[92.5, 67.5], [92.5, 70.0], [95.0, 70.0], [95.0, 67.5], [92.5, 67.5]]]}, "properties": {"cell_id": "37_63", "lon": 93.75, "lat": 68.75}}, {"type": "Feature", "geometry": {"type": "Polygon", "coordinates": [[[92.5, 70.0], [92.5, 72.5], [95.0, 72.5], [95.0, 70.0], [92.5, 70.0]]]}, "properties": {"cell_id": "37_64", "lon": 93.75, "lat": 71.25}}, {"type": "Feature", "geometry": {"type": "Polygon", "coordinates": [[[92.5, 72.5], [92.5, 75.0], [95.0, 75.0], [95.0, 72.5], [92.5, 72.5]]]}, "properties": {"cell_id": "37_65", "lon": 93.75, "lat": 73.75}}, {"type": "Feature", "geometry": {"type": "Polygon", "coordinates": [[[95.0, 17.5], [95.0, 20.0], [97.5, 20.0], [97.5, 17.5], [95.0, 17.5]]]}, "properties": {"cell_id": "38_43", "lon": 96.25, "lat": 18.75}}, {"type": "Feature", "geometry": {"type": "Polygon", "coordinates": [[[95.0, 20.0], [95.0, 22.5], [97.5, 22.5], [97.5, 20.0], [95.0, 20.0]]]}, "properties": {"cell_id": "38_44", "lon": 96.25, "lat": 21.25}}, {"type": "Feature", "geometry": {"type": "Polygon", "coordinates": [[[95.0, 22.5], [95.0, 25.0], [97.5, 25.0], [97.5, 22.5], [95.0, 22.5]]]}, "properties": {"cell_id": "38_45", "lon": 96.25, "lat": 23.75}}, {"type": "Feature", "geometry": {"type": "Polygon", "coordinates": [[[95.0, 25.0], [95.0, 27.5], [97.5, 27.5], [97.5, 25.0], [95.0, 25.0]]]}, "properties": {"cell_id": "38_46", "lon": 96.25, "lat": 26.25}}, {"type": "Feature", "geometry": {"type": "Polygon", "coordinates": [[[95.0, 27.5], [95.0, 30.0], [97.5, 30.0], [97.5, 27.5], [95.0, 27.5]]]}, "properties": {"cell_id": "38_47", "lon": 96.25, "lat": 28.75}}, {"type": "Feature", "geometry": {"type": "Polygon", "coordinates": [[[95.0, 30.0], [95.0, 32.5], [97.5, 32.5], [97.5, 30.0], [95.0, 30.0]]]}, "properties": {"cell_id": "38_48", "lon": 96.25, "lat": 31.25}}, {"type": "Feature", "geometry": {"type": "Polygon", "coordinates": [[[95.0, 32.5], [95.0, 35.0], [97.5, 35.0], [97.5, 32.5], [95.0, 32.5]]]}, "properties": {"cell_id": "38_49", "lon": 96.25, "lat": 33.75}}, {"type": "Feature", "geometry": {"type": "Polygon", "coordinates": [[[95.0, 35.0], [95.0, 37.5], [97.5, 37.5], [97.5, 35.0], [95.0, 35.0]]]}, "properties": {"cell_id": "38_50", "lon": 96.25, "lat": 36.25}}, {"type": "Feature", "geometry": {"type": "Polygon", "coordinates": [[[95.0, 37.5], [95.0, 40.0], [97.5, 40.0], [97.5, 37.5], [95.0, 37.5]]]}, "properties": {"cell_id": "38_51", "lon": 96.25, "lat": 38.75}}, {"type": "Feature", "geometry": {"type": "Polygon", "coordinates": [[[95.0, 40.0], [95.0, 42.5], [97.5, 42.5], [97.5, 40.0], [95.0, 40.0]]]}, "properties": {"cell_id": "38_52", "lon": 96.25, "lat": 41.25}}, {"type": "Feature", "geometry": {"type": "Polygon", "coordinates": [[[95.0, 42.5], [95.0, 45.0], [97.5, 45.0], [97.5, 42.5], [95.0, 42.5]]]}, "properties": {"cell_id": "38_53", "lon": 96.25, "lat": 43.75}}, {"type": "Feature", "geometry": {"type": "Polygon", "coordinates": [[[95.0, 45.0], [95.0, 47.5], [97.5, 47.5], [97.5, 45.0], [95.0, 45.0]]]}, "properties": {"cell_id": "38_54", "lon": 96.25, "lat": 46.25}}, {"type": "Feature", "geometry": {"type": "Polygon", "coordinates": [[[95.0, 47.5], [95.0, 50.0], [97.5, 50.0], [97.5, 47.5], [95.0, 47.5]]]}, "properties": {"cell_id": "38_55", "lon": 96.25, "lat": 48.75}}, {"type": "Feature", "geometry": {"type": "Polygon", "coordinates": [[[95.0, 50.0], [95.0, 52.5], [97.5, 52.5], [97.5, 50.0], [95.0, 50.0]]]}, "properties": {"cell_id": "38_56", "lon": 96.25, "lat": 51.25}}, {"type": "Feature", "geometry": {"type": "Polygon", "coordinates": [[[95.0, 52.5], [95.0, 55.0], [97.5, 55.0], [97.5, 52.5], [95.0, 52.5]]]}, "properties": {"cell_id": "38_57", "lon": 96.25, "lat": 53.75}}, {"type": "Feature", "geometry": {"type": "Polygon", "coordinates": [[[95.0, 55.0], [95.0, 57.5], [97.5, 57.5], [97.5, 55.0], [95.0, 55.0]]]}, "properties": {"cell_id": "38_58", "lon": 96.25, "lat": 56.25}}, {"type": "Feature", "geometry": {"type": "Polygon", "coordinates": [[[95.0, 57.5], [95.0, 60.0], [97.5, 60.0], [97.5, 57.5], [95.0, 57.5]]]}, "properties": {"cell_id": "38_59", "lon": 96.25, "lat": 58.75}}, {"type": "Feature", "geometry": {"type": "Polygon", "coordinates": [[[95.0, 60.0], [95.0, 62.5], [97.5, 62.5], [97.5, 60.0], [95.0, 60.0]]]}, "properties": {"cell_id": "38_60", "lon": 96.25, "lat": 61.25}}, {"type": "Feature", "geometry": {"type": "Polygon", "coordinates": [[[95.0, 62.5], [95.0, 65.0], [97.5, 65.0], [97.5, 62.5], [95.0, 62.5]]]}, "properties": {"cell_id": "38_61", "lon": 96.25, "lat": 63.75}}, {"type": "Feature", "geometry": {"type": "Polygon", "coordinates": [[[95.0, 65.0], [95.0, 67.5], [97.5, 67.5], [97.5, 65.0], [95.0, 65.0]]]}, "properties": {"cell_id": "38_62", "lon": 96.25, "lat": 66.25}}, {"type": "Feature", "geometry": {"type": "Polygon", "coordinates": [[[95.0, 67.5], [95.0, 70.0], [97.5, 70.0], [97.5, 67.5], [95.0, 67.5]]]}, "properties": {"cell_id": "38_63", "lon": 96.25, "lat": 68.75}}, {"type": "Feature", "geometry": {"type": "Polygon", "coordinates": [[[95.0, 70.0], [95.0, 72.5], [97.5, 72.5], [97.5, 70.0], [95.0, 70.0]]]}, "properties": {"cell_id": "38_64", "lon": 96.25, "lat": 71.25}}, {"type": "Feature", "geometry": {"type": "Polygon", "coordinates": [[[95.0, 72.5], [95.0, 75.0], [97.5, 75.0], [97.5, 72.5], [95.0, 72.5]]]}, "properties": {"cell_id": "38_65", "lon": 96.25, "lat": 73.75}}, {"type": "Feature", "geometry": {"type": "Polygon", "coordinates": [[[97.5, 2.5], [97.5, 5.0], [100.0, 5.0], [100.0, 2.5], [97.5, 2.5]]]}, "properties": {"cell_id": "39_37", "lon": 98.75, "lat": 3.75}}, {"type": "Feature", "geometry": {"type": "Polygon", "coordinates": [[[97.5, 7.5], [97.5, 10.0], [100.0, 10.0], [100.0, 7.5], [97.5, 7.5]]]}, "properties": {"cell_id": "39_39", "lon": 98.75, "lat": 8.75}}, {"type": "Feature", "geometry": {"type": "Polygon", "coordinates": [[[97.5, 10.0], [97.5, 12.5], [100.0, 12.5], [100.0, 10.0], [97.5, 10.0]]]}, "properties": {"cell_id": "39_40", "lon": 98.75, "lat": 11.25}}, {"type": "Feature", "geometry": {"type": "Polygon", "coordinates": [[[97.5, 12.5], [97.5, 15.0], [100.0, 15.0], [100.0, 12.5], [97.5, 12.5]]]}, "properties": {"cell_id": "39_41", "lon": 98.75, "lat": 13.75}}, {"type": "Feature", "geometry": {"type": "Polygon", "coordinates": [[[97.5, 15.0], [97.5, 17.5], [100.0, 17.5], [100.0, 15.0], [97.5, 15.0]]]}, "properties": {"cell_id": "39_42", "lon": 98.75, "lat": 16.25}}, {"type": "Feature", "geometry": {"type": "Polygon", "coordinates": [[[97.5, 17.5], [97.5, 20.0], [100.0, 20.0], [100.0, 17.5], [97.5, 17.5]]]}, "properties": {"cell_id": "39_43", "lon": 98.75, "lat": 18.75}}, {"type": "Feature", "geometry": {"type": "Polygon", "coordinates": [[[97.5, 20.0], [97.5, 22.5], [100.0, 22.5], [100.0, 20.0], [97.5, 20.0]]]}, "properties": {"cell_id": "39_44", "lon": 98.75, "lat": 21.25}}, {"type": "Feature", "geometry": {"type": "Polygon", "coordinates": [[[97.5, 22.5], [97.5, 25.0], [100.0, 25.0], [100.0, 22.5], [97.5, 22.5]]]}, "properties": {"cell_id": "39_45", "lon": 98.75, "lat": 23.75}}, {"type": "Feature", "geometry": {"type": "Polygon", "coordinates": [[[97.5, 25.0], [97.5, 27.5], [100.0, 27.5], [100.0, 25.0], [97.5, 25.0]]]}, "properties": {"cell_id": "39_46", "lon": 98.75, "lat": 26.25}}, {"type": "Feature", "geometry": {"type": "Polygon", "coordinates": [[[97.5, 27.5], [97.5, 30.0], [100.0, 30.0], [100.0, 27.5], [97.5, 27.5]]]}, "properties": {"cell_id": "39_47", "lon": 98.75, "lat": 28.75}}, {"type": "Feature", "geometry": {"type": "Polygon", "coordinates": [[[97.5, 30.0], [97.5, 32.5], [100.0, 32.5], [100.0, 30.0], [97.5, 30.0]]]}, "properties": {"cell_id": "39_48", "lon": 98.75, "lat": 31.25}}, {"type": "Feature", "geometry": {"type": "Polygon", "coordinates": [[[97.5, 32.5], [97.5, 35.0], [100.0, 35.0], [100.0, 32.5], [97.5, 32.5]]]}, "properties": {"cell_id": "39_49", "lon": 98.75, "lat": 33.75}}, {"type": "Feature", "geometry": {"type": "Polygon", "coordinates": [[[97.5, 35.0], [97.5, 37.5], [100.0, 37.5], [100.0, 35.0], [97.5, 35.0]]]}, "properties": {"cell_id": "39_50", "lon": 98.75, "lat": 36.25}}, {"type": "Feature", "geometry": {"type": "Polygon", "coordinates": [[[97.5, 37.5], [97.5, 40.0], [100.0, 40.0], [100.0, 37.5], [97.5, 37.5]]]}, "properties": {"cell_id": "39_51", "lon": 98.75, "lat": 38.75}}, {"type": "Feature", "geometry": {"type": "Polygon", "coordinates": [[[97.5, 40.0], [97.5, 42.5], [100.0, 42.5], [100.0, 40.0], [97.5, 40.0]]]}, "properties": {"cell_id": "39_52", "lon": 98.75, "lat": 41.25}}, {"type": "Feature", "geometry": {"type": "Polygon", "coordinates": [[[97.5, 42.5], [97.5, 45.0], [100.0, 45.0], [100.0, 42.5], [97.5, 42.5]]]}, "properties": {"cell_id": "39_53", "lon": 98.75, "lat": 43.75}}, {"type": "Feature", "geometry": {"type": "Polygon", "coordinates": [[[97.5, 45.0], [97.5, 47.5], [100.0, 47.5], [100.0, 45.0], [97.5, 45.0]]]}, "properties": {"cell_id": "39_54", "lon": 98.75, "lat": 46.25}}, {"type": "Feature", "geometry": {"type": "Polygon", "coordinates": [[[97.5, 47.5], [97.5, 50.0], [100.0, 50.0], [100.0, 47.5], [97.5, 47.5]]]}, "properties": {"cell_id": "39_55", "lon": 98.75, "lat": 48.75}}, {"type": "Feature", "geometry": {"type": "Polygon", "coordinates": [[[97.5, 50.0], [97.5, 52.5], [100.0, 52.5], [100.0, 50.0], [97.5, 50.0]]]}, "properties": {"cell_id": "39_56", "lon": 98.75, "lat": 51.25}}, {"type": "Feature", "geometry": {"type": "Polygon", "coordinates": [[[97.5, 52.5], [97.5, 55.0], [100.0, 55.0], [100.0, 52.5], [97.5, 52.5]]]}, "properties": {"cell_id": "39_57", "lon": 98.75, "lat": 53.75}}, {"type": "Feature", "geometry": {"type": "Polygon", "coordinates": [[[97.5, 55.0], [97.5, 57.5], [100.0, 57.5], [100.0, 55.0], [97.5, 55.0]]]}, "properties": {"cell_id": "39_58", "lon": 98.75, "lat": 56.25}}, {"type": "Feature", "geometry": {"type": "Polygon", "coordinates": [[[97.5, 57.5], [97.5, 60.0], [100.0, 60.0], [100.0, 57.5], [97.5, 57.5]]]}, "properties": {"cell_id": "39_59", "lon": 98.75, "lat": 58.75}}, {"type": "Feature", "geometry": {"type": "Polygon", "coordinates": [[[97.5, 60.0], [97.5, 62.5], [100.0, 62.5], [100.0, 60.0], [97.5, 60.0]]]}, "properties": {"cell_id": "39_60", "lon": 98.75, "lat": 61.25}}, {"type": "Feature", "geometry": {"type": "Polygon", "coordinates": [[[97.5, 62.5], [97.5, 65.0], [100.0, 65.0], [100.0, 62.5], [97.5, 62.5]]]}, "properties": {"cell_id": "39_61", "lon": 98.75, "lat": 63.75}}, {"type": "Feature", "geometry": {"type": "Polygon", "coordinates": [[[97.5, 65.0], [97.5, 67.5], [100.0, 67.5], [100.0, 65.0], [97.5, 65.0]]]}, "properties": {"cell_id": "39_62", "lon": 98.75, "lat": 66.25}}, {"type": "Feature", "geometry": {"type": "Polygon", "coordinates": [[[97.5, 67.5], [97.5, 70.0], [100.0, 70.0], [100.0, 67.5], [97.5, 67.5]]]}, "properties": {"cell_id": "39_63", "lon": 98.75, "lat": 68.75}}, {"type": "Feature", "geometry": {"type": "Polygon", "coordinates": [[[97.5, 70.0], [97.5, 72.5], [100.0, 72.5], [100.0, 70.0], [97.5, 70.0]]]}, "properties": {"cell_id": "39_64", "lon": 98.75, "lat": 71.25}}, {"type": "Feature", "geometry": {"type": "Polygon", "coordinates": [[[97.5, 72.5], [97.5, 75.0], [100.0, 75.0], [100.0, 72.5], [97.5, 72.5]]]}, "properties": {"cell_id": "39_65", "lon": 98.75, "lat": 73.75}}, {"type": "Feature", "geometry": {"type": "Polygon", "coordinates": [[[97.5, 75.0], [97.5, 77.5], [100.0, 77.5], [100.0, 75.0], [97.5, 75.0]]]}, "properties": {"cell_id": "39_66", "lon": 98.75, "lat": 76.25}}, {"type": "Feature", "geometry": {"type": "Polygon", "coordinates": [[[100.0, -2.5], [100.0, 0.0], [102.5, 0.0], [102.5, -2.5], [100.0, -2.5]]]}, "properties": {"cell_id": "40_35", "lon": 101.25, "lat": -1.25}}, {"type": "Feature", "geometry": {"type": "Polygon", "coordinates": [[[100.0, 0.0], [100.0, 2.5], [102.5, 2.5], [102.5, 0.0], [100.0, 0.0]]]}, "properties": {"cell_id": "40_36", "lon": 101.25, "lat": 1.25}}, {"type": "Feature", "geometry": {"type": "Polygon", "coordinates": [[[100.0, 2.5], [100.0, 5.0], [102.5, 5.0], [102.5, 2.5], [100.0, 2.5]]]}, "properties": {"cell_id": "40_37", "lon": 101.25, "lat": 3.75}}, {"type": "Feature", "geometry": {"type": "Polygon", "coordinates": [[[100.0, 5.0], [100.0, 7.5], [102.5, 7.5], [102.5, 5.0], [100.0, 5.0]]]}, "properties": {"cell_id": "40_38", "lon": 101.25, "lat": 6.25}}, {"type": "Feature", "geometry": {"type": "Polygon", "coordinates": [[[100.0, 12.5], [100.0, 15.0], [102.5, 15.0], [102.5, 12.5], [100.0, 12.5]]]}, "properties": {"cell_id": "40_41", "lon": 101.25, "lat": 13.75}}, {"type": "Feature", "geometry": {"type": "Polygon", "coordinates": [[[100.0, 15.0], [100.0, 17.5], [102.5, 17.5], [102.5, 15.0], [100.0, 15.0]]]}, "properties": {"cell_id": "40_42", "lon": 101.25, "lat": 16.25}}, {"type": "Feature", "geometry": {"type": "Polygon", "coordinates": [[[100.0, 17.5], [100.0, 20.0], [102.5, 20.0], [102.5, 17.5], [100.0, 17.5]]]}, "properties": {"cell_id": "40_43", "lon": 101.25, "lat": 18.75}}, {"type": "Feature", "geometry": {"type": "Polygon", "coordinates": [[[100.0, 20.0], [100.0, 22.5], [102.5, 22.5], [102.5, 20.0], [100.0, 20.0]]]}, "properties": {"cell_id": "40_44", "lon": 101.25, "lat": 21.25}}, {"type": "Feature", "geometry": {"type": "Polygon", "coordinates": [[[100.0, 22.5], [100.0, 25.0], [102.5, 25.0], [102.5, 22.5], [100.0, 22.5]]]}, "properties": {"cell_id": "40_45", "lon": 101.25, "lat": 23.75}}, {"type": "Feature", "geometry": {"type": "Polygon", "coordinates": [[[100.0, 25.0], [100.0, 27.5], [102.5, 27.5], [102.5, 25.0], [100.0, 25.0]]]}, "properties": {"cell_id": "40_46", "lon": 101.25, "lat": 26.25}}, {"type": "Feature", "geometry": {"type": "Polygon", "coordinates": [[[100.0, 27.5], [100.0, 30.0], [102.5, 30.0], [102.5, 27.5], [100.0, 27.5]]]}, "properties": {"cell_id": "40_47", "lon": 101.25, "lat": 28.75}}, {"type": "Feature", "geometry": {"type": "Polygon", "coordinates": [[[100.0, 30.0], [100.0, 32.5], [102.5, 32.5], [102.5, 30.0], [100.0, 30.0]]]}, "properties": {"cell_id": "40_48", "lon": 101.25, "lat": 31.25}}, {"type": "Feature", "geometry": {"type": "Polygon", "coordinates": [[[100.0, 32.5], [100.0, 35.0], [102.5, 35.0], [102.5, 32.5], [100.0, 32.5]]]}, "properties": {"cell_id": "40_49", "lon": 101.25, "lat": 33.75}}, {"type": "Feature", "geometry": {"type": "Polygon", "coordinates": [[[100.0, 35.0], [100.0, 37.5], [102.5, 37.5], [102.5, 35.0], [100.0, 35.0]]]}, "properties": {"cell_id": "40_50", "lon": 101.25, "lat": 36.25}}, {"type": "Feature", "geometry": {"type": "Polygon", "coordinates": [[[100.0, 37.5], [100.0, 40.0], [102.5, 40.0], [102.5, 37.5], [100.0, 37.5]]]}, "properties": {"cell_id": "40_51", "lon": 101.25, "lat": 38.75}}, {"type": "Feature", "geometry": {"type": "Polygon", "coordinates": [[[100.0, 40.0], [100.0, 42.5], [102.5, 42.5], [102.5, 40.0], [100.0, 40.0]]]}, "properties": {"cell_id": "40_52", "lon": 101.25, "lat": 41.25}}, {"type": "Feature", "geometry": {"type": "Polygon", "coordinates": [[[100.0, 42.5], [100.0, 45.0], [102.5, 45.0], [102.5, 42.5], [100.0, 42.5]]]}, "properties": {"cell_id": "40_53", "lon": 101.25, "lat": 43.75}}, {"type": "Feature", "geometry": {"type": "Polygon", "coordinates": [[[100.0, 45.0], [100.0, 47.5], [102.5, 47.5], [102.5, 45.0], [100.0, 45.0]]]}, "properties": {"cell_id": "40_54", "lon": 101.25, "lat": 46.25}}, {"type": "Feature", "geometry": {"type": "Polygon", "coordinates": [[[100.0, 47.5], [100.0, 50.0], [102.5, 50.0], [102.5, 47.5], [100.0, 47.5]]]}, "properties": {"cell_id": "40_55", "lon": 101.25, "lat": 48.75}}, {"type": "Feature", "geometry": {"type": "Polygon", "coordinates": [[[100.0, 50.0], [100.0, 52.5], [102.5, 52.5], [102.5, 50.0], [100.0, 50.0]]]}, "properties": {"cell_id": "40_56", "lon": 101.25, "lat": 51.25}}, {"type": "Feature", "geometry": {"type": "Polygon", "coordinates": [[[100.0, 52.5], [100.0, 55.0], [102.5, 55.0], [102.5, 52.5], [100.0, 52.5]]]}, "properties": {"cell_id": "40_57", "lon": 101.25, "lat": 53.75}}, {"type": "Feature", "geometry": {"type": "Polygon", "coordinates": [[[100.0, 55.0], [100.0, 57.5], [102.5, 57.5], [102.5, 55.0], [100.0, 55.0]]]}, "properties": {"cell_id": "40_58", "lon": 101.25, "lat": 56.25}}, {"type": "Feature", "geometry": {"type": "Polygon", "coordinates": [[[100.0, 57.5], [100.0, 60.0], [102.5, 60.0], [102.5, 57.5], [100.0, 57.5]]]}, "properties": {"cell_id": "40_59", "lon": 101.25, "lat": 58.75}}, {"type": "Feature", "geometry": {"type": "Polygon", "coordinates": [[[100.0, 60.0], [100.0, 62.5], [102.5, 62.5], [102.5, 60.0], [100.0, 60.0]]]}, "properties": {"cell_id": "40_60", "lon": 101.25, "lat": 61.25}}, {"type": "Feature", "geometry": {"type": "Polygon", "coordinates": [[[100.0, 62.5], [100.0, 65.0], [102.5, 65.0], [102.5, 62.5], [100.0, 62.5]]]}, "properties": {"cell_id": "40_61", "lon": 101.25, "lat": 63.75}}, {"type": "Feature", "geometry": {"type": "Polygon", "coordinates": [[[100.0, 65.0], [100.0, 67.5], [102.5, 67.5], [102.5, 65.0], [100.0, 65.0]]]}, "properties": {"cell_id": "40_62", "lon": 101.25, "lat": 66.25}}, {"type": "Feature", "geometry": {"type": "Polygon", "coordinates": [[[100.0, 67.5], [100.0, 70.0], [102.5, 70.0], [102.5, 67.5], [100.0, 67.5]]]}, "properties": {"cell_id": "40_63", "lon": 101.25, "lat": 68.75}}, {"type": "Feature", "geometry": {"type": "Polygon", "coordinates": [[[100.0, 70.0], [100.0, 72.5], [102.5, 72.5], [102.5, 70.0], [100.0, 70.0]]]}, "properties": {"cell_id": "40_64", "lon": 101.25, "lat": 71.25}}, {"type": "Feature", "geometry": {"type": "Polygon", "coordinates": [[[100.0, 72.5], [100.0, 75.0], [102.5, 75.0], [102.5, 72.5], [100.0, 72.5]]]}, "properties": {"cell_id": "40_65", "lon": 101.25, "lat": 73.75}}, {"type": "Feature", "geometry": {"type": "Polygon", "coordinates": [[[100.0, 75.0], [100.0, 77.5], [102.5, 77.5], [102.5, 75.0], [100.0, 75.0]]]}, "properties": {"cell_id": "40_66", "lon": 101.25, "lat": 76.25}}, {"type": "Feature", "geometry": {"type": "Polygon", "coordinates": [[[100.0, 77.5], [100.0, 80.0], [102.5, 80.0], [102.5, 77.5], [100.0, 77.5]]]}, "properties": {"cell_id": "40_67", "lon": 101.25, "lat": 78.75}}, {"type": "Feature", "geometry": {"type": "Polygon", "coordinates": [[[102.5, -5.0], [102.5, -2.5], [105.0, -2.5], [105.0, -5.0], [102.5, -5.0]]]}, "properties": {"cell_id": "41_34", "lon": 103.75, "lat": -3.75}}, {"type": "Feature", "geometry": {"type": "Polygon", "coordinates": [[[102.5, -2.5], [102.5, 0.0], [105.0, 0.0], [105.0, -2.5], [102.5, -2.5]]]}, "properties": {"cell_id": "41_35", "lon": 103.75, "lat": -1.25}}, {"type": "Feature", "geometry": {"type": "Polygon", "coordinates": [[[102.5, 0.0], [102.5, 2.5], [105.0, 2.5], [105.0, 0.0], [102.5, 0.0]]]}, "properties": {"cell_id": "41_36", "lon": 103.75, "lat": 1.25}}, {"type": "Feature", "geometry": {"type": "Polygon", "coordinates": [[[102.5, 10.0], [102.5, 12.5], [105.0, 12.5], [105.0, 10.0], [102.5, 10.0]]]}, "properties": {"cell_id": "41_40", "lon": 103.75, "lat": 11.25}}, {"type": "Feature", "geometry": {"type": "Polygon", "coordinates": [[[102.5, 12.5], [102.5, 15.0], [105.0, 15.0], [105.0, 12.5], [102.5, 12.5]]]}, "properties": {"cell_id": "41_41", "lon": 103.75, "lat": 13.75}}, {"type": "Feature", "geometry": {"type": "Polygon", "coordinates": [[[102.5, 15.0], [102.5, 17.5], [105.0, 17.5], [105.0, 15.0], [102.5, 15.0]]]}, "properties": {"cell_id": "41_42", "lon": 103.75, "lat": 16.25}}, {"type": "Feature", "geometry": {"type": "Polygon", "coordinates": [[[102.5, 17.5], [102.5, 20.0], [105.0, 20.0], [105.0, 17.5], [102.5, 17.5]]]}, "properties": {"cell_id": "41_43", "lon": 103.75, "lat": 18.75}}, {"type": "Feature", "geometry": {"type": "Polygon", "coordinates": [[[102.5, 20.0], [102.5, 22.5], [105.0, 22.5], [105.0, 20.0], [102.5, 20.0]]]}, "properties": {"cell_id": "41_44", "lon": 103.75, "lat": 21.25}}, {"type": "Feature", "geometry": {"type": "Polygon", "coordinates": [[[102.5, 22.5], [102.5, 25.0], [105.0, 25.0], [105.0, 22.5], [102.5, 22.5]]]}, "properties": {"cell_id": "41_45", "lon": 103.75, "lat": 23.75}}, {"type": "Feature", "geometry": {"type": "Polygon", "coordinates": [[[102.5, 25.0], [102.5, 27.5], [105.0, 27.5], [105.0, 25.0], [102.5, 25.0]]]}, "properties": {"cell_id": "41_46", "lon": 103.75, "lat": 26.25}}, {"type": "Feature", "geometry": {"type": "Polygon", "coordinates": [[[102.5, 27.5], [102.5, 30.0], [105.0, 30.0], [105.0, 27.5], [102.5, 27.5]]]}, "properties": {"cell_id": "41_47", "lon": 103.75, "lat": 28.75}}, {"type": "Feature", "geometry": {"type": "Polygon", "coordinates": [[[102.5, 30.0], [102.5, 32.5], [105.0, 32.5], [105.0, 30.0], [102.5, 30.0]]]}, "properties": {"cell_id": "41_48", "lon": 103.75, "lat": 31.25}}, {"type": "Feature", "geometry": {"type": "Polygon", "coordinates": [[[102.5, 32.5], [102.5, 35.0], [105.0, 35.0], [105.0, 32.5], [102.5, 32.5]]]}, "properties": {"cell_id": "41_49", "lon": 103.75, "lat": 33.75}}, {"type": "Feature", "geometry": {"type": "Polygon", "coordinates": [[[102.5, 35.0], [102.5, 37.5], [105.0, 37.5], [105.0, 35.0], [102.5, 35.0]]]}, "properties": {"cell_id": "41_50", "lon": 103.75, "lat": 36.25}}, {"type": "Feature", "geometry": {"type": "Polygon", "coordinates": [[[102.5, 37.5], [102.5, 40.0], [105.0, 40.0], [105.0, 37.5], [102.5, 37.5]]]}, "properties": {"cell_id": "41_51", "lon": 103.75, "lat": 38.75}}, {"type": "Feature", "geometry": {"type": "Polygon", "coordinates": [[[102.5, 40.0], [102.5, 42.5], [105.0, 42.5], [105.0, 40.0], [102.5, 40.0]]]}, "properties": {"cell_id": "41_52", "lon": 103.75, "lat": 41.25}}, {"type": "Feature", "geometry": {"type": "Polygon", "coordinates": [[[102.5, 42.5], [102.5, 45.0], [105.0, 45.0], [105.0, 42.5], [102.5, 42.5]]]}, "properties": {"cell_id": "41_53", "lon": 103.75, "lat": 43.75}}, {"type": "Feature", "geometry": {"type": "Polygon", "coordinates": [[[102.5, 45.0], [102.5, 47.5], [105.0, 47.5], [105.0, 45.0], [102.5, 45.0]]]}, "properties": {"cell_id": "41_54", "lon": 103.75, "lat": 46.25}}, {"type": "Feature", "geometry": {"type": "Polygon", "coordinates": [[[102.5, 47.5], [102.5, 50.0], [105.0, 50.0], [105.0, 47.5], [102.5, 47.5]]]}, "properties": {"cell_id": "41_55", "lon": 103.75, "lat": 48.75}}, {"type": "Feature", "geometry": {"type": "Polygon", "coordinates": [[[102.5, 50.0], [102.5, 52.5], [105.0, 52.5], [105.0, 50.0], [102.5, 50.0]]]}, "properties": {"cell_id": "41_56", "lon": 103.75, "lat": 51.25}}, {"type": "Feature", "geometry": {"type": "Polygon", "coordinates": [[[102.5, 52.5], [102.5, 55.0], [105.0, 55.0], [105.0, 52.5], [102.5, 52.5]]]}, "properties": {"cell_id": "41_57", "lon": 103.75, "lat": 53.75}}, {"type": "Feature", "geometry": {"type": "Polygon", "coordinates": [[[102.5, 55.0], [102.5, 57.5], [105.0, 57.5], [105.0, 55.0], [102.5, 55.0]]]}, "properties": {"cell_id": "41_58", "lon": 103.75, "lat": 56.25}}, {"type": "Feature", "geometry": {"type": "Polygon", "coordinates": [[[102.5, 57.5], [102.5, 60.0], [105.0, 60.0], [105.0, 57.5], [102.5, 57.5]]]}, "properties": {"cell_id": "41_59", "lon": 103.75, "lat": 58.75}}, {"type": "Feature", "geometry": {"type": "Polygon", "coordinates": [[[102.5, 60.0], [102.5, 62.5], [105.0, 62.5], [105.0, 60.0], [102.5, 60.0]]]}, "properties": {"cell_id": "41_60", "lon": 103.75, "lat": 61.25}}, {"type": "Feature", "geometry": {"type": "Polygon", "coordinates": [[[102.5, 62.5], [102.5, 65.0], [105.0, 65.0], [105.0, 62.5], [102.5, 62.5]]]}, "properties": {"cell_id": "41_61", "lon": 103.75, "lat": 63.75}}, {"type": "Feature", "geometry": {"type": "Polygon", "coordinates": [[[102.5, 65.0], [102.5, 67.5], [105.0, 67.5], [105.0, 65.0], [102.5, 65.0]]]}, "properties": {"cell_id": "41_62", "lon": 103.75, "lat": 66.25}}, {"type": "Feature", "geometry": {"type": "Polygon", "coordinates": [[[102.5, 67.5], [102.5, 70.0], [105.0, 70.0], [105.0, 67.5], [102.5, 67.5]]]}, "properties": {"cell_id": "41_63", "lon": 103.75, "lat": 68.75}}, {"type": "Feature", "geometry": {"type": "Polygon", "coordinates": [[[102.5, 70.0], [102.5, 72.5], [105.0, 72.5], [105.0, 70.0], [102.5, 70.0]]]}, "properties": {"cell_id": "41_64", "lon": 103.75, "lat": 71.25}}, {"type": "Feature", "geometry": {"type": "Polygon", "coordinates": [[[102.5, 72.5], [102.5, 75.0], [105.0, 75.0], [105.0, 72.5], [102.5, 72.5]]]}, "properties": {"cell_id": "41_65", "lon": 103.75, "lat": 73.75}}, {"type": "Feature", "geometry": {"type": "Polygon", "coordinates": [[[102.5, 75.0], [102.5, 77.5], [105.0, 77.5], [105.0, 75.0], [102.5, 75.0]]]}, "properties": {"cell_id": "41_66", "lon": 103.75, "lat": 76.25}}, {"type": "Feature", "geometry": {"type": "Polygon", "coordinates": [[[102.5, 77.5], [102.5, 80.0], [105.0, 80.0], [105.0, 77.5], [102.5, 77.5]]]}, "properties": {"cell_id": "41_67", "lon": 103.75, "lat": 78.75}}, {"type": "Feature", "geometry": {"type": "Polygon", "coordinates": [[[105.0, -7.5], [105.0, -5.0], [107.5, -5.0], [107.5, -7.5], [105.0, -7.5]]]}, "properties": {"cell_id": "42_33", "lon": 106.25, "lat": -6.25}}, {"type": "Feature", "geometry": {"type": "Polygon", "coordinates": [[[105.0, 10.0], [105.0, 12.5], [107.5, 12.5], [107.5, 10.0], [105.0, 10.0]]]}, "properties": {"cell_id": "42_40", "lon": 106.25, "lat": 11.25}}, {"type": "Feature", "geometry": {"type": "Polygon", "coordinates": [[[105.0, 12.5], [105.0, 15.0], [107.5, 15.0], [107.5, 12.5], [105.0, 12.5]]]}, "properties": {"cell_id": "42_41", "lon": 106.25, "lat": 13.75}}, {"type": "Feature", "geometry": {"type": "Polygon", "coordinates": [[[105.0, 15.0], [105.0, 17.5], [107.5, 17.5], [107.5, 15.0], [105.0, 15.0]]]}, "properties": {"cell_id": "42_42", "lon": 106.25, "lat": 16.25}}, {"type": "Feature", "geometry": {"type": "Polygon", "coordinates": [[[105.0, 20.0], [105.0, 22.5], [107.5, 22.5], [107.5, 20.0], [105.0, 20.0]]]}, "properties": {"cell_id": "42_44", "lon": 106.25, "lat": 21.25}}, {"type": "Feature", "geometry": {"type": "Polygon", "coordinates": [[[105.0, 22.5], [105.0, 25.0], [107.5, 25.0], [107.5, 22.5], [105.0, 22.5]]]}, "properties": {"cell_id": "42_45", "lon": 106.25, "lat": 23.75}}, {"type": "Feature", "geometry": {"type": "Polygon", "coordinates": [[[105.0, 25.0], [105.0, 27.5], [107.5, 27.5], [107.5, 25.0], [105.0, 25.0]]]}, "properties": {"cell_id": "42_46", "lon": 106.25, "lat": 26.25}}, {"type": "Feature", "geometry": {"type": "Polygon", "coordinates": [[[105.0, 27.5], [105.0, 30.0], [107.5, 30.0], [107.5, 27.5], [105.0, 27.5]]]}, "properties": {"cell_id": "42_47", "lon": 106.25, "lat": 28.75}}, {"type": "Feature", "geometry": {"type": "Polygon", "coordinates": [[[105.0, 30.0], [105.0, 32.5], [107.5, 32.5], [107.5, 30.0], [105.0, 30.0]]]}, "properties": {"cell_id": "42_48", "lon": 106.25, "lat": 31.25}}, {"type": "Feature", "geometry": {"type": "Polygon", "coordinates": [[[105.0, 32.5], [105.0, 35.0], [107.5, 35.0], [107.5, 32.5], [105.0, 32.5]]]}, "properties": {"cell_id": "42_49", "lon": 106.25, "lat": 33.75}}, {"type": "Feature", "geometry": {"type": "Polygon", "coordinates": [[[105.0, 35.0], [105.0, 37.5], [107.5, 37.5], [107.5, 35.0], [105.0, 35.0]]]}, "properties": {"cell_id": "42_50", "lon": 106.25, "lat": 36.25}}, {"type": "Feature", "geometry": {"type": "Polygon", "coordinates": [[[105.0, 37.5], [105.0, 40.0], [107.5, 40.0], [107.5, 37.5], [105.0, 37.5]]]}, "properties": {"cell_id": "42_51", "lon": 106.25, "lat": 38.75}}, {"type": "Feature", "geometry": {"type": "Polygon", "coordinates": [[[105.0, 40.0], [105.0, 42.5], [107.5, 42.5], [107.5, 40.0], [105.0, 40.0]]]}, "properties": {"cell_id": "42_52", "lon": 106.25, "lat": 41.25}}, {"type": "Feature", "geometry": {"type": "Polygon", "coordinates": [[[105.0, 42.5], [105.0, 45.0], [107.5, 45.0], [107.5, 42.5], [105.0, 42.5]]]}, "properties": {"cell_id": "42_53", "lon": 106.25, "lat": 43.75}}, {"type": "Feature", "geometry": {"type": "Polygon", "coordinates": [[[105.0, 45.0], [105.0, 47.5], [107.5, 47.5], [107.5, 45.0], [105.0, 45.0]]]}, "properties": {"cell_id": "42_54", "lon": 106.25, "lat": 46.25}}, {"type": "Feature", "geometry": {"type": "Polygon", "coordinates": [[[105.0, 47.5], [105.0, 50.0], [107.5, 50.0], [107.5, 47.5], [105.0, 47.5]]]}, "properties": {"cell_id": "42_55", "lon": 106.25, "lat": 48.75}}, {"type": "Feature", "geometry": {"type": "Polygon", "coordinates": [[[105.0, 50.0], [105.0, 52.5], [107.5, 52.5], [107.5, 50.0], [105.0, 50.0]]]}, "properties": {"cell_id": "42_56", "lon": 106.25, "lat": 51.25}}, {"type": "Feature", "geometry": {"type": "Polygon", "coordinates": [[[105.0, 52.5], [105.0, 55.0], [107.5, 55.0], [107.5, 52.5], [105.0, 52.5]]]}, "properties": {"cell_id": "42_57", "lon": 106.25, "lat": 53.75}}, {"type": "Feature", "geometry": {"type": "Polygon", "coordinates": [[[105.0, 55.0], [105.0, 57.5], [107.5, 57.5], [107.5, 55.0], [105.0, 55.0]]]}, "properties": {"cell_id": "42_58", "lon": 106.25, "lat": 56.25}}, {"type": "Feature", "geometry": {"type": "Polygon", "coordinates": [[[105.0, 57.5], [105.0, 60.0], [107.5, 60.0], [107.5, 57.5], [105.0, 57.5]]]}, "properties": {"cell_id": "42_59", "lon": 106.25, "lat": 58.75}}, {"type": "Feature", "geometry": {"type": "Polygon", "coordinates": [[[105.0, 60.0], [105.0, 62.5], [107.5, 62.5], [107.5, 60.0], [105.0, 60.0]]]}, "properties": {"cell_id": "42_60", "lon": 106.25, "lat": 61.25}}, {"type": "Feature", "geometry": {"type": "Polygon", "coordinates": [[[105.0, 62.5], [105.0, 65.0], [107.5, 65.0], [107.5, 62.5], [105.0, 62.5]]]}, "properties": {"cell_id": "42_61", "lon": 106.25, "lat": 63.75}}, {"type": "Feature", "geometry": {"type": "Polygon", "coordinates": [[[105.0, 65.0], [105.0, 67.5], [107.5, 67.5], [107.5, 65.0], [105.0, 65.0]]]}, "properties": {"cell_id": "42_62", "lon": 106.25, "lat": 66.25}}, {"type": "Feature", "geometry": {"type": "Polygon", "coordinates": [[[105.0, 67.5], [105.0, 70.0], [107.5, 70.0], [107.5, 67.5], [105.0, 67.5]]]}, "properties": {"cell_id": "42_63", "lon": 106.25, "lat": 68.75}}, {"type": "Feature", "geometry": {"type": "Polygon", "coordinates": [[[105.0, 70.0], [105.0, 72.5], [107.5, 72.5], [107.5, 70.0], [105.0, 70.0]]]}, "properties": {"cell_id": "42_64", "lon": 106.25, "lat": 71.25}}, {"type": "Feature", "geometry": {"type": "Polygon", "coordinates": [[[105.0, 72.5], [105.0, 75.0], [107.5, 75.0], [107.5, 72.5], [105.0, 72.5]]]}, "properties": {"cell_id": "42_65", "lon": 106.25, "lat": 73.75}}, {"type": "Feature", "geometry": {"type": "Polygon", "coordinates": [[[105.0, 75.0], [105.0, 77.5], [107.5, 77.5], [107.5, 75.0], [105.0, 75.0]]]}, "properties": {"cell_id": "42_66", "lon": 106.25, "lat": 76.25}}, {"type": "Feature", "geometry": {"type": "Polygon", "coordinates": [[[107.5, 12.5], [107.5, 15.0], [110.0, 15.0], [110.0, 12.5], [107.5, 12.5]]]}, "properties": {"cell_id": "43_41", "lon": 108.75, "lat": 13.75}}, {"type": "Feature", "geometry": {"type": "Polygon", "coordinates": [[[107.5, 17.5], [107.5, 20.0], [110.0, 20.0], [110.0, 17.5], [107.5, 17.5]]]}, "properties": {"cell_id": "43_43", "lon": 108.75, "lat": 18.75}}, {"type": "Feature", "geometry": {"type": "Polygon", "coordinates": [[[107.5, 22.5], [107.5, 25.0], [110.0, 25.0], [110.0, 22.5], [107.5, 22.5]]]}, "properties": {"cell_id": "43_45", "lon": 108.75, "lat": 23.75}}, {"type": "Feature", "geometry": {"type": "Polygon", "coordinates": [[[107.5, 25.0], [107.5, 27.5], [110.0, 27.5], [110.0, 25.0], [107.5, 25.0]]]}, "properties": {"cell_id": "43_46", "lon": 108.75, "lat": 26.25}}, {"type": "Feature", "geometry": {"type": "Polygon", "coordinates": [[[107.5, 27.5], [107.5, 30.0], [110.0, 30.0], [110.0, 27.5], [107.5, 27.5]]]}, "properties": {"cell_id": "43_47", "lon": 108.75, "lat": 28.75}}, {"type": "Feature", "geometry": {"type": "Polygon", "coordinates": [[[107.5, 30.0], [107.5, 32.5], [110.0, 32.5], [110.0, 30.0], [107.5, 30.0]]]}, "properties": {"cell_id": "43_48", "lon": 108.75, "lat": 31.25}}, {"type": "Feature", "geometry": {"type": "Polygon", "coordinates": [[[107.5, 32.5], [107.5, 35.0], [110.0, 35.0], [110.0, 32.5], [107.5, 32.5]]]}, "properties": {"cell_id": "43_49", "lon": 108.75, "lat": 33.75}}, {"type": "Feature", "geometry": {"type": "Polygon", "coordinates": [[[107.5, 35.0], [107.5, 37.5], [110.0, 37.5], [110.0, 35.0], [107.5, 35.0]]]}, "properties": {"cell_id": "43_50", "lon": 108.75, "lat": 36.25}}, {"type": "Feature", "geometry": {"type": "Polygon", "coordinates": [[[107.5, 37.5], [107.5, 40.0], [110.0, 40.0], [110.0, 37.5], [107.5, 37.5]]]}, "properties": {"cell_id": "43_51", "lon": 108.75, "lat": 38.75}}, {"type": "Feature", "geometry": {"type": "Polygon", "coordinates": [[[107.5, 40.0], [107.5, 42.5], [110.0, 42.5], [110.0, 40.0], [107.5, 40.0]]]}, "properties": {"cell_id": "43_52", "lon": 108.75, "lat": 41.25}}, {"type": "Feature", "geometry": {"type": "Polygon", "coordinates": [[[107.5, 42.5], [107.5, 45.0], [110.0, 45.0], [110.0, 42.5], [107.5, 42.5]]]}, "properties": {"cell_id": "43_53", "lon": 108.75, "lat": 43.75}}, {"type": "Feature", "geometry": {"type": "Polygon", "coordinates": [[[107.5, 45.0], [107.5, 47.5], [110.0, 47.5], [110.0, 45.0], [107.5, 45.0]]]}, "properties": {"cell_id": "43_54", "lon": 108.75, "lat": 46.25}}, {"type": "Feature", "geometry": {"type": "Polygon", "coordinates": [[[107.5, 47.5], [107.5, 50.0], [110.0, 50.0], [110.0, 47.5], [107.5, 47.5]]]}, "properties": {"cell_id": "43_55", "lon": 108.75, "lat": 48.75}}, {"type": "Feature", "geometry": {"type": "Polygon", "coordinates": [[[107.5, 50.0], [107.5, 52.5], [110.0, 52.5], [110.0, 50.0], [107.5, 50.0]]]}, "properties": {"cell_id": "43_56", "lon": 108.75, "lat": 51.25}}, {"type": "Feature", "geometry": {"type": "Polygon", "coordinates": [[[107.5, 52.5], [107.5, 55.0], [110.0, 55.0], [110.0, 52.5], [107.5, 52.5]]]}, "properties": {"cell_id": "43_57", "lon": 108.75, "lat": 53.75}}, {"type": "Feature", "geometry": {"type": "Polygon", "coordinates": [[[107.5, 55.0], [107.5, 57.5], [110.0, 57.5], [110.0, 55.0], [107.5, 55.0]]]}, "properties": {"cell_id": "43_58", "lon": 108.75, "lat": 56.25}}, {"type": "Feature", "geometry": {"type": "Polygon", "coordinates": [[[107.5, 57.5], [107.5, 60.0], [110.0, 60.0], [110.0, 57.5], [107.5, 57.5]]]}, "properties": {"cell_id": "43_59", "lon": 108.75, "lat": 58.75}}, {"type": "Feature", "geometry": {"type": "Polygon", "coordinates": [[[107.5, 60.0], [107.5, 62.5], [110.0, 62.5], [110.0, 60.0], [107.5, 60.0]]]}, "properties": {"cell_id": "43_60", "lon": 108.75, "lat": 61.25}}, {"type": "Feature", "geometry": {"type": "Polygon", "coordinates": [[[107.5, 62.5], [107.5, 65.0], [110.0, 65.0], [110.0, 62.5], [107.5, 62.5]]]}, "properties": {"cell_id": "43_61", "lon": 108.75, "lat": 63.75}}, {"type": "Feature", "geometry": {"type": "Polygon", "coordinates": [[[107.5, 65.0], [107.5, 67.5], [110.0, 67.5], [110.0, 65.0], [107.5, 65.0]]]}, "properties": {"cell_id": "43_62", "lon": 108.75, "lat": 66.25}}, {"type": "Feature", "geometry": {"type": "Polygon", "coordinates": [[[107.5, 67.5], [107.5, 70.0], [110.0, 70.0], [110.0, 67.5], [107.5, 67.5]]]}, "properties": {"cell_id": "43_63", "lon": 108.75, "lat": 68.75}}, {"type": "Feature", "geometry": {"type": "Polygon", "coordinates": [[[107.5, 70.0], [107.5, 72.5], [110.0, 72.5], [110.0, 70.0], [107.5, 70.0]]]}, "properties": {"cell_id": "43_64", "lon": 108.75, "lat": 71.25}}, {"type": "Feature", "geometry": {"type": "Polygon", "coordinates": [[[107.5, 72.5], [107.5, 75.0], [110.0, 75.0], [110.0, 72.5], [107.5, 72.5]]]}, "properties": {"cell_id": "43_65", "lon": 108.75, "lat": 73.75}}, {"type": "Feature", "geometry": {"type": "Polygon", "coordinates": [[[107.5, 75.0], [107.5, 77.5], [110.0, 77.5], [110.0, 75.0], [107.5, 75.0]]]}, "properties": {"cell_id": "43_66", "lon": 108.75, "lat": 76.25}}, {"type": "Feature", "geometry": {"type": "Polygon", "coordinates": [[[110.0, -2.5], [110.0, 0.0], [112.5, 0.0], [112.5, -2.5], [110.0, -2.5]]]}, "properties": {"cell_id": "44_35", "lon": 111.25, "lat": -1.25}}, {"type": "Feature", "geometry": {"type": "Polygon", "coordinates": [[[110.0, 0.0], [110.0, 2.5], [112.5, 2.5], [112.5, 0.0], [110.0, 0.0]]]}, "properties": {"cell_id": "44_36", "lon": 111.25, "lat": 1.25}}, {"type": "Feature", "geometry": {"type": "Polygon", "coordinates": [[[110.0, 22.5], [110.0, 25.0], [112.5, 25.0], [112.5, 22.5], [110.0, 22.5]]]}, "properties": {"cell_id": "44_45", "lon": 111.25, "lat": 23.75}}, {"type": "Feature", "geometry": {"type": "Polygon", "coordinates": [[[110.0, 25.0], [110.0, 27.5], [112.5, 27.5], [112.5, 25.0], [110.0, 25.0]]]}, "properties": {"cell_id": "44_46", "lon": 111.25, "lat": 26.25}}, {"type": "Feature", "geometry": {"type": "Polygon", "coordinates": [[[110.0, 27.5], [110.0, 30.0], [112.5, 30.0], [112.5, 27.5], [110.0, 27.5]]]}, "properties": {"cell_id": "44_47", "lon": 111.25, "lat": 28.75}}, {"type": "Feature", "geometry": {"type": "Polygon", "coordinates": [[[110.0, 30.0], [110.0, 32.5], [112.5, 32.5], [112.5, 30.0], [110.0, 30.0]]]}, "properties": {"cell_id": "44_48", "lon": 111.25, "lat": 31.25}}, {"type": "Feature", "geometry": {"type": "Polygon", "coordinates": [[[110.0, 32.5], [110.0, 35.0], [112.5, 35.0], [112.5, 32.5], [110.0, 32.5]]]}, "properties": {"cell_id": "44_49", "lon": 111.25, "lat": 33.75}}, {"type": "Feature", "geometry": {"type": "Polygon", "coordinates": [[[110.0, 35.0], [110.0, 37.5], [112.5, 37.5], [112.5, 35.0], [110.0, 35.0]]]}, "properties": {"cell_id": "44_50", "lon": 111.25, "lat": 36.25}}, {"type": "Feature", "geometry": {"type": "Polygon", "coordinates": [[[110.0, 37.5], [110.0, 40.0], [112.5, 40.0], [112.5, 37.5], [110.0, 37.5]]]}, "properties": {"cell_id": "44_51", "lon": 111.25, "lat": 38.75}}, {"type": "Feature", "geometry": {"type": "Polygon", "coordinates": [[[110.0, 40.0], [110.0, 42.5], [112.5, 42.5], [112.5, 40.0], [110.0, 40.0]]]}, "properties": {"cell_id": "44_52", "lon": 111.25, "lat": 41.25}}, {"type": "Feature", "geometry": {"type": "Polygon", "coordinates": [[[110.0, 42.5], [110.0, 45.0], [112.5, 45.0], [112.5, 42.5], [110.0, 42.5]]]}, "properties": {"cell_id": "44_53", "lon": 111.25, "lat": 43.75}}, {"type": "Feature", "geometry": {"type": "Polygon", "coordinates": [[[110.0, 45.0], [110.0, 47.5], [112.5, 47.5], [112.5, 45.0], [110.0, 45.0]]]}, "properties": {"cell_id": "44_54", "lon": 111.25, "lat": 46.25}}, {"type": "Feature", "geometry": {"type": "Polygon", "coordinates": [[[110.0, 47.5], [110.0, 50.0], [112.5, 50.0], [112.5, 47.5], [110.0, 47.5]]]}, "properties": {"cell_id": "44_55", "lon": 111.25, "lat": 48.75}}, {"type": "Feature", "geometry": {"type": "Polygon", "coordinates": [[[110.0, 50.0], [110.0, 52.5], [112.5, 52.5], [112.5, 50.0], [110.0, 50.0]]]}, "properties": {"cell_id": "44_56", "lon": 111.25, "lat": 51.25}}, {"type": "Feature", "geometry": {"type": "Polygon", "coordinates": [[[110.0, 52.5], [110.0, 55.0], [112.5, 55.0], [112.5, 52.5], [110.0, 52.5]]]}, "properties": {"cell_id": "44_57", "lon": 111.25, "lat": 53.75}}, {"type": "Feature", "geometry": {"type": "Polygon", "coordinates": [[[110.0, 55.0], [110.0, 57.5], [112.5, 57.5], [112.5, 55.0], [110.0, 55.0]]]}, "properties": {"cell_id": "44_58", "lon": 111.25, "lat": 56.25}}, {"type": "Feature", "geometry": {"type": "Polygon", "coordinates": [[[110.0, 57.5], [110.0, 60.0], [112.5, 60.0], [112.5, 57.5], [110.0, 57.5]]]}, "properties": {"cell_id": "44_59", "lon": 111.25, "lat": 58.75}}, {"type": "Feature", "geometry": {"type": "Polygon", "coordinates": [[[110.0, 60.0], [110.0, 62.5], [112.5, 62.5], [112.5, 60.0], [110.0, 60.0]]]}, "properties": {"cell_id": "44_60", "lon": 111.25, "lat": 61.25}}, {"type": "Feature", "geometry": {"type": "Polygon", "coordinates": [[[110.0, 62.5], [110.0, 65.0], [112.5, 65.0], [112.5, 62.5], [110.0, 62.5]]]}, "properties": {"cell_id": "44_61", "lon": 111.25, "lat": 63.75}}, {"type": "Feature", "geometry": {"type": "Polygon", "coordinates": [[[110.0, 65.0], [110.0, 67.5], [112.5, 67.5], [112.5, 65.0], [110.0, 65.0]]]}, "properties": {"cell_id": "44_62", "lon": 111.25, "lat": 66.25}}, {"type": "Feature", "geometry": {"type": "Polygon", "coordinates": [[[110.0, 67.5], [110.0, 70.0], [112.5, 70.0], [112.5, 67.5], [110.0, 67.5]]]}, "properties": {"cell_id": "44_63", "lon": 111.25, "lat": 68.75}}, {"type": "Feature", "geometry": {"type": "Polygon", "coordinates": [[[110.0, 70.0], [110.0, 72.5], [112.5, 72.5], [112.5, 70.0], [110.0, 70.0]]]}, "properties": {"cell_id": "44_64", "lon": 111.25, "lat": 71.25}}, {"type": "Feature", "geometry": {"type": "Polygon", "coordinates": [[[110.0, 72.5], [110.0, 75.0], [112.5, 75.0], [112.5, 72.5], [110.0, 72.5]]]}, "properties": {"cell_id": "44_65", "lon": 111.25, "lat": 73.75}}, {"type": "Feature", "geometry": {"type": "Polygon", "coordinates": [[[110.0, 75.0], [110.0, 77.5], [112.5, 77.5], [112.5, 75.0], [110.0, 75.0]]]}, "properties": {"cell_id": "44_66", "lon": 111.25, "lat": 76.25}}, {"type": "Feature", "geometry": {"type": "Polygon", "coordinates": [[[112.5, -27.5], [112.5, -25.0], [115.0, -25.0], [115.0, -27.5], [112.5, -27.5]]]}, "properties": {"cell_id": "45_25", "lon": 113.75, "lat": -26.25}}, {"type": "Feature", "geometry": {"type": "Polygon", "coordinates": [[[112.5, -25.0], [112.5, -22.5], [115.0, -22.5], [115.0, -25.0], [112.5, -25.0]]]}, "properties": {"cell_id": "45_26", "lon": 113.75, "lat": -23.75}}, {"type": "Feature", "geometry": {"type": "Polygon", "coordinates": [[[112.5, -2.5], [112.5, 0.0], [115.0, 0.0], [115.0, -2.5], [112.5, -2.5]]]}, "properties": {"cell_id": "45_35", "lon": 113.75, "lat": -1.25}}, {"type": "Feature", "geometry": {"type": "Polygon", "coordinates": [[[112.5, 0.0], [112.5, 2.5], [115.0, 2.5], [115.0, 0.0], [112.5, 0.0]]]}, "properties": {"cell_id": "45_36", "lon": 113.75, "lat": 1.25}}, {"type": "Feature", "geometry": {"type": "Polygon", "coordinates": [[[112.5, 2.5], [112.5, 5.0], [115.0, 5.0], [115.0, 2.5], [112.5, 2.5]]]}, "properties": {"cell_id": "45_37", "lon": 113.75, "lat": 3.75}}, {"type": "Feature", "geometry": {"type": "Polygon", "coordinates": [[[112.5, 22.5], [112.5, 25.0], [115.0, 25.0], [115.0, 22.5], [112.5, 22.5]]]}, "properties": {"cell_id": "45_45", "lon": 113.75, "lat": 23.75}}, {"type": "Feature", "geometry": {"type": "Polygon", "coordinates": [[[112.5, 25.0], [112.5, 27.5], [115.0, 27.5], [115.0, 25.0], [112.5, 25.0]]]}, "properties": {"cell_id": "45_46", "lon": 113.75, "lat": 26.25}}, {"type": "Feature", "geometry": {"type": "Polygon", "coordinates": [[[112.5, 27.5], [112.5, 30.0], [115.0, 30.0], [115.0, 27.5], [112.5, 27.5]]]}, "properties": {"cell_id": "45_47", "lon": 113.75, "lat": 28.75}}, {"type": "Feature", "geometry": {"type": "Polygon", "coordinates": [[[112.5, 30.0], [112.5, 32.5], [115.0, 32.5], [115.0, 30.0], [112.5, 30.0]]]}, "properties": {"cell_id": "45_48", "lon": 113.75, "lat": 31.25}}, {"type": "Feature", "geometry": {"type": "Polygon", "coordinates": [[[112.5, 32.5], [112.5, 35.0], [115.0, 35.0], [115.0, 32.5], [112.5, 32.5]]]}, "properties": {"cell_id": "45_49", "lon": 113.75, "lat": 33.75}}, {"type": "Feature", "geometry": {"type": "Polygon", "coordinates": [[[112.5, 35.0], [112.5, 37.5], [115.0, 37.5], [115.0, 35.0], [112.5, 35.0]]]}, "properties": {"cell_id": "45_50", "lon": 113.75, "lat": 36.25}}, {"type": "Feature", "geometry": {"type": "Polygon", "coordinates": [[[112.5, 37.5], [112.5, 40.0], [115.0, 40.0], [115.0, 37.5], [112.5, 37.5]]]}, "properties": {"cell_id": "45_51", "lon": 113.75, "lat": 38.75}}, {"type": "Feature", "geometry": {"type": "Polygon", "coordinates": [[[112.5, 40.0], [112.5, 42.5], [115.0, 42.5], [115.0, 40.0], [112.5, 40.0]]]}, "properties": {"cell_id": "45_52", "lon": 113.75, "lat": 41.25}}, {"type": "Feature", "geometry": {"type": "Polygon", "coordinates": [[[112.5, 42.5], [112.5, 45.0], [115.0, 45.0], [115.0, 42.5], [112.5, 42.5]]]}, "properties": {"cell_id": "45_53", "lon": 113.75, "lat": 43.75}}, {"type": "Feature", "geometry": {"type": "Polygon", "coordinates": [[[112.5, 45.0], [112.5, 47.5], [115.0, 47.5], [115.0, 45.0], [112.5, 45.0]]]}, "properties": {"cell_id": "45_54", "lon": 113.75, "lat": 46.25}}, {"type": "Feature", "geometry": {"type": "Polygon", "coordinates": [[[112.5, 47.5], [112.5, 50.0], [115.0, 50.0], [115.0, 47.5], [112.5, 47.5]]]}, "properties": {"cell_id": "45_55", "lon": 113.75, "lat": 48.75}}, {"type": "Feature", "geometry": {"type": "Polygon", "coordinates": [[[112.5, 50.0], [112.5, 52.5], [115.0, 52.5], [115.0, 50.0], [112.5, 50.0]]]}, "properties": {"cell_id": "45_56", "lon": 113.75, "lat": 51.25}}, {"type": "Feature", "geometry": {"type": "Polygon", "coordinates": [[[112.5, 52.5], [112.5, 55.0], [115.0, 55.0], [115.0, 52.5], [112.5, 52.5]]]}, "properties": {"cell_id": "45_57", "lon": 113.75, "lat": 53.75}}, {"type": "Feature", "geometry": {"type": "Polygon", "coordinates": [[[112.5, 55.0], [112.5, 57.5], [115.0, 57.5], [115.0, 55.0], [112.5, 55.0]]]}, "properties": {"cell_id": "45_58", "lon": 113.75, "lat": 56.25}}, {"type": "Feature", "geometry": {"type": "Polygon", "coordinates": [[[112.5, 57.5], [112.5, 60.0], [115.0, 60.0], [115.0, 57.5], [112.5, 57.5]]]}, "properties": {"cell_id": "45_59", "lon": 113.75, "lat": 58.75}}, {"type": "Feature", "geometry": {"type": "Polygon", "coordinates": [[[112.5, 60.0], [112.5, 62.5], [115.0, 62.5], [115.0, 60.0], [112.5, 60.0]]]}, "properties": {"cell_id": "45_60", "lon": 113.75, "lat": 61.25}}, {"type": "Feature", "geometry": {"type": "Polygon", "coordinates": [[[112.5, 62.5], [112.5, 65.0], [115.0, 65.0], [115.0, 62.5], [112.5, 62.5]]]}, "properties": {"cell_id": "45_61", "lon": 113.75, "lat": 63.75}}, {"type": "Feature", "geometry": {"type": "Polygon", "coordinates": [[[112.5, 65.0], [112.5, 67.5], [115.0, 67.5], [115.0, 65.0], [112.5, 65.0]]]}, "properties": {"cell_id": "45_62", "lon": 113.75, "lat": 66.25}}, {"type": "Feature", "geometry": {"type": "Polygon", "coordinates": [[[112.5, 67.5], [112.5, 70.0], [115.0, 70.0], [115.0, 67.5], [112.5, 67.5]]]}, "properties": {"cell_id": "45_63", "lon": 113.75, "lat": 68.75}}, {"type": "Feature", "geometry": {"type": "Polygon", "coordinates": [[[112.5, 70.0], [112.5, 72.5], [115.0, 72.5], [115.0, 70.0], [112.5, 70.0]]]}, "properties": {"cell_id": "45_64", "lon": 113.75, "lat": 71.25}}, {"type": "Feature", "geometry": {"type": "Polygon", "coordinates": [[[115.0, -35.0], [115.0, -32.5], [117.5, -32.5], [117.5, -35.0], [115.0, -35.0]]]}, "properties": {"cell_id": "46_22", "lon": 116.25, "lat": -33.75}}, {"type": "Feature", "geometry": {"type": "Polygon", "coordinates": [[[115.0, -32.5], [115.0, -30.0], [117.5, -30.0], [117.5, -32.5], [115.0, -32.5]]]}, "properties": {"cell_id": "46_23", "lon": 116.25, "lat": -31.25}}, {"type": "Feature", "geometry": {"type": "Polygon", "coordinates": [[[115.0, -30.0], [115.0, -27.5], [117.5, -27.5], [117.5, -30.0], [115.0, -30.0]]]}, "properties": {"cell_id": "46_24", "lon": 116.25, "lat": -28.75}}, {"type": "Feature", "geometry": {"type": "Polygon", "coordinates": [[[115.0, -27.5], [115.0, -25.0], [117.5, -25.0], [117.5, -27.5], [115.0, -27.5]]]}, "properties": {"cell_id": "46_25", "lon": 116.25, "lat": -26.25}}, {"type": "Feature", "geometry": {"type": "Polygon", "coordinates": [[[115.0, -25.0], [115.0, -22.5], [117.5, -22.5], [117.5, -25.0], [115.0, -25.0]]]}, "properties": {"cell_id": "46_26", "lon": 116.25, "lat": -23.75}}, {"type": "Feature", "geometry": {"type": "Polygon", "coordinates": [[[115.0, -22.5], [115.0, -20.0], [117.5, -20.0], [117.5, -22.5], [115.0, -22.5]]]}, "properties": {"cell_id": "46_27", "lon": 116.25, "lat": -21.25}}, {"type": "Feature", "geometry": {"type": "Polygon", "coordinates": [[[115.0, -2.5], [115.0, 0.0], [117.5, 0.0], [117.5, -2.5], [115.0, -2.5]]]}, "properties": {"cell_id": "46_35", "lon": 116.25, "lat": -1.25}}, {"type": "Feature", "geometry": {"type": "Polygon", "coordinates": [[[115.0, 0.0], [115.0, 2.5], [117.5, 2.5], [117.5, 0.0], [115.0, 0.0]]]}, "properties": {"cell_id": "46_36", "lon": 116.25, "lat": 1.25}}, {"type": "Feature", "geometry": {"type": "Polygon", "coordinates": [[[115.0, 2.5], [115.0, 5.0], [117.5, 5.0], [117.5, 2.5], [115.0, 2.5]]]}, "properties": {"cell_id": "46_37", "lon": 116.25, "lat": 3.75}}, {"type": "Feature", "geometry": {"type": "Polygon", "coordinates": [[[115.0, 22.5], [115.0, 25.0], [117.5, 25.0], [117.5, 22.5], [115.0, 22.5]]]}, "properties": {"cell_id": "46_45", "lon": 116.25, "lat": 23.75}}, {"type": "Feature", "geometry": {"type": "Polygon", "coordinates": [[[115.0, 25.0], [115.0, 27.5], [117.5, 27.5], [117.5, 25.0], [115.0, 25.0]]]}, "properties": {"cell_id": "46_46", "lon": 116.25, "lat": 26.25}}, {"type": "Feature", "geometry": {"type": "Polygon", "coordinates": [[[115.0, 27.5], [115.0, 30.0], [117.5, 30.0], [117.5, 27.5], [115.0, 27.5]]]}, "properties": {"cell_id": "46_47", "lon": 116.25, "lat": 28.75}}, {"type": "Feature", "geometry": {"type": "Polygon", "coordinates": [[[115.0, 30.0], [115.0, 32.5], [117.5, 32.5], [117.5, 30.0], [115.0, 30.0]]]}, "properties": {"cell_id": "46_48", "lon": 116.25, "lat": 31.25}}, {"type": "Feature", "geometry": {"type": "Polygon", "coordinates": [[[115.0, 32.5], [115.0, 35.0], [117.5, 35.0], [117.5, 32.5], [115.0, 32.5]]]}, "properties": {"cell_id": "46_49", "lon": 116.25, "lat": 33.75}}, {"type": "Feature", "geometry": {"type": "Polygon", "coordinates": [[[115.0, 35.0], [115.0, 37.5], [117.5, 37.5], [117.5, 35.0], [115.0, 35.0]]]}, "properties": {"cell_id": "46_50", "lon": 116.25, "lat": 36.25}}, {"type": "Feature", "geometry": {"type": "Polygon", "coordinates": [[[115.0, 37.5], [115.0, 40.0], [117.5, 40.0], [117.5, 37.5], [115.0, 37.5]]]}, "properties": {"cell_id": "46_51", "lon": 116.25, "lat": 38.75}}, {"type": "Feature", "geometry": {"type": "Polygon", "coordinates": [[[115.0, 40.0], [115.0, 42.5], [117.5, 42.5], [117.5, 40.0], [115.0, 40.0]]]}, "properties": {"cell_id": "46_52", "lon": 116.25, "lat": 41.25}}, {"type": "Feature", "geometry": {"type": "Polygon", "coordinates": [[[115.0, 42.5], [115.0, 45.0], [117.5, 45.0], [117.5, 42.5], [115.0, 42.5]]]}, "properties": {"cell_id": "46_53", "lon": 116.25, "lat": 43.75}}, {"type": "Feature", "geometry": {"type": "Polygon", "coordinates": [[[115.0, 45.0], [115.0, 47.5], [117.5, 47.5], [117.5, 45.0], [115.0, 45.0]]]}, "properties": {"cell_id": "46_54", "lon": 116.25, "lat": 46.25}}, {"type": "Feature", "geometry": {"type": "Polygon", "coordinates": [[[115.0, 47.5], [115.0, 50.0], [117.5, 50.0], [117.5, 47.5], [115.0, 47.5]]]}, "properties": {"cell_id": "46_55", "lon": 116.25, "lat": 48.75}}, {"type": "Feature", "geometry": {"type": "Polygon", "coordinates": [[[115.0, 50.0], [115.0, 52.5], [117.5, 52.5], [117.5, 50.0], [115.0, 50.0]]]}, "properties": {"cell_id": "46_56", "lon": 116.25, "lat": 51.25}}, {"type": "Feature", "geometry": {"type": "Polygon", "coordinates": [[[115.0, 52.5], [115.0, 55.0], [117.5, 55.0], [117.5, 52.5], [115.0, 52.5]]]}, "properties": {"cell_id": "46_57", "lon": 116.25, "lat": 53.75}}, {"type": "Feature", "geometry": {"type": "Polygon", "coordinates": [[[115.0, 55.0], [115.0, 57.5], [117.5, 57.5], [117.5, 55.0], [115.0, 55.0]]]}, "properties": {"cell_id": "46_58", "lon": 116.25, "lat": 56.25}}, {"type": "Feature", "geometry": {"type": "Polygon", "coordinates": [[[115.0, 57.5], [115.0, 60.0], [117.5, 60.0], [117.5, 57.5], [115.0, 57.5]]]}, "properties": {"cell_id": "46_59", "lon": 116.25, "lat": 58.75}}, {"type": "Feature", "geometry": {"type": "Polygon", "coordinates": [[[115.0, 60.0], [115.0, 62.5], [117.5, 62.5], [117.5, 60.0], [115.0, 60.0]]]}, "properties": {"cell_id": "46_60", "lon": 116.25, "lat": 61.25}}, {"type": "Feature", "geometry": {"type": "Polygon", "coordinates": [[[115.0, 62.5], [115.0, 65.0], [117.5, 65.0], [117.5, 62.5], [115.0, 62.5]]]}, "properties": {"cell_id": "46_61", "lon": 116.25, "lat": 63.75}}, {"type": "Feature", "geometry": {"type": "Polygon", "coordinates": [[[115.0, 65.0], [115.0, 67.5], [117.5, 67.5], [117.5, 65.0], [115.0, 65.0]]]}, "properties": {"cell_id": "46_62", "lon": 116.25, "lat": 66.25}}, {"type": "Feature", "geometry": {"type": "Polygon", "coordinates": [[[115.0, 67.5], [115.0, 70.0], [117.5, 70.0], [117.5, 67.5], [115.0, 67.5]]]}, "properties": {"cell_id": "46_63", "lon": 116.25, "lat": 68.75}}, {"type": "Feature", "geometry": {"type": "Polygon", "coordinates": [[[115.0, 70.0], [115.0, 72.5], [117.5, 72.5], [117.5, 70.0], [115.0, 70.0]]]}, "properties": {"cell_id": "46_64", "lon": 116.25, "lat": 71.25}}, {"type": "Feature", "geometry": {"type": "Polygon", "coordinates": [[[117.5, -35.0], [117.5, -32.5], [120.0, -32.5], [120.0, -35.0], [117.5, -35.0]]]}, "properties": {"cell_id": "47_22", "lon": 118.75, "lat": -33.75}}, {"type": "Feature", "geometry": {"type": "Polygon", "coordinates": [[[117.5, -32.5], [117.5, -30.0], [120.0, -30.0], [120.0, -32.5], [117.5, -32.5]]]}, "properties": {"cell_id": "47_23", "lon": 118.75, "lat": -31.25}}, {"type": "Feature", "geometry": {"type": "Polygon", "coordinates": [[[117.5, -30.0], [117.5, -27.5], [120.0, -27.5], [120.0, -30.0], [117.5, -30.0]]]}, "properties": {"cell_id": "47_24", "lon": 118.75, "lat": -28.75}}, {"type": "Feature", "geometry": {"type": "Polygon", "coordinates": [[[117.5, -27.5], [117.5, -25.0], [120.0, -25.0], [120.0, -27.5], [117.5, -27.5]]]}, "properties": {"cell_id": "47_25", "lon": 118.75, "lat": -26.25}}, {"type": "Feature", "geometry": {"type": "Polygon", "coordinates": [[[117.5, -25.0], [117.5, -22.5], [120.0, -22.5], [120.0, -25.0], [117.5, -25.0]]]}, "properties": {"cell_id": "47_26", "lon": 118.75, "lat": -23.75}}, {"type": "Feature", "geometry": {"type": "Polygon", "coordinates": [[[117.5, -22.5], [117.5, -20.0], [120.0, -20.0], [120.0, -22.5], [117.5, -22.5]]]}, "properties": {"cell_id": "47_27", "lon": 118.75, "lat": -21.25}}, {"type": "Feature", "geometry": {"type": "Polygon", "coordinates": [[[117.5, -10.0], [117.5, -7.5], [120.0, -7.5], [120.0, -10.0], [117.5, -10.0]]]}, "properties": {"cell_id": "47_32", "lon": 118.75, "lat": -8.75}}, {"type": "Feature", "geometry": {"type": "Polygon", "coordinates": [[[117.5, 25.0], [117.5, 27.5], [120.0, 27.5], [120.0, 25.0], [117.5, 25.0]]]}, "properties": {"cell_id": "47_46", "lon": 118.75, "lat": 26.25}}, {"type": "Feature", "geometry": {"type": "Polygon", "coordinates": [[[117.5, 27.5], [117.5, 30.0], [120.0, 30.0], [120.0, 27.5], [117.5, 27.5]]]}, "properties": {"cell_id": "47_47", "lon": 118.75, "lat": 28.75}}, {"type": "Feature", "geometry": {"type": "Polygon", "coordinates": [[[117.5, 30.0], [117.5, 32.5], [120.0, 32.5], [120.0, 30.0], [117.5, 30.0]]]}, "properties": {"cell_id": "47_48", "lon": 118.75, "lat": 31.25}}, {"type": "Feature", "geometry": {"type": "Polygon", "coordinates": [[[117.5, 32.5], [117.5, 35.0], [120.0, 35.0], [120.0, 32.5], [117.5, 32.5]]]}, "properties": {"cell_id": "47_49", "lon": 118.75, "lat": 33.75}}, {"type": "Feature", "geometry": {"type": "Polygon", "coordinates": [[[117.5, 35.0], [117.5, 37.5], [120.0, 37.5], [120.0, 35.0], [117.5, 35.0]]]}, "properties": {"cell_id": "47_50", "lon": 118.75, "lat": 36.25}}, {"type": "Feature", "geometry": {"type": "Polygon", "coordinates": [[[117.5, 40.0], [117.5, 42.5], [120.0, 42.5], [120.0, 40.0], [117.5, 40.0]]]}, "properties": {"cell_id": "47_52", "lon": 118.75, "lat": 41.25}}, {"type": "Feature", "geometry": {"type": "Polygon", "coordinates": [[[117.5, 42.5], [117.5, 45.0], [120.0, 45.0], [120.0, 42.5], [117.5, 42.5]]]}, "properties": {"cell_id": "47_53", "lon": 118.75, "lat": 43.75}}, {"type": "Feature", "geometry": {"type": "Polygon", "coordinates": [[[117.5, 45.0], [117.5, 47.5], [120.0, 47.5], [120.0, 45.0], [117.5, 45.0]]]}, "properties": {"cell_id": "47_54", "lon": 118.75, "lat": 46.25}}, {"type": "Feature", "geometry": {"type": "Polygon", "coordinates": [[[117.5, 47.5], [117.5, 50.0], [120.0, 50.0], [120.0, 47.5], [117.5, 47.5]]]}, "properties": {"cell_id": "47_55", "lon": 118.75, "lat": 48.75}}, {"type": "Feature", "geometry": {"type": "Polygon", "coordinates": [[[117.5, 50.0], [117.5, 52.5], [120.0, 52.5], [120.0, 50.0], [117.5, 50.0]]]}, "properties": {"cell_id": "47_56", "lon": 118.75, "lat": 51.25}}, {"type": "Feature", "geometry": {"type": "Polygon", "coordinates": [[[117.5, 52.5], [117.5, 55.0], [120.0, 55.0], [120.0, 52.5], [117.5, 52.5]]]}, "properties": {"cell_id": "47_57", "lon": 118.75, "lat": 53.75}}, {"type": "Feature", "geometry": {"type": "Polygon", "coordinates": [[[117.5, 55.0], [117.5, 57.5], [120.0, 57.5], [120.0, 55.0], [117.5, 55.0]]]}, "properties": {"cell_id": "47_58", "lon": 118.75, "lat": 56.25}}, {"type": "Feature", "geometry": {"type": "Polygon", "coordinates": [[[117.5, 57.5], [117.5, 60.0], [120.0, 60.0], [120.0, 57.5], [117.5, 57.5]]]}, "properties": {"cell_id": "47_59", "lon": 118.75, "lat": 58.75}}, {"type": "Feature", "geometry": {"type": "Polygon", "coordinates": [[[117.5, 60.0], [117.5, 62.5], [120.0, 62.5], [120.0, 60.0], [117.5, 60.0]]]}, "properties": {"cell_id": "47_60", "lon": 118.75, "lat": 61.25}}, {"type": "Feature", "geometry": {"type": "Polygon", "coordinates": [[[117.5, 62.5], [117.5, 65.0], [120.0, 65.0], [120.0, 62.5], [117.5, 62.5]]]}, "properties": {"cell_id": "47_61", "lon": 118.75, "lat": 63.75}}, {"type": "Feature", "geometry": {"type": "Polygon", "coordinates": [[[117.5, 65.0], [117.5, 67.5], [120.0, 67.5], [120.0, 65.0], [117.5, 65.0]]]}, "properties": {"cell_id": "47_62", "lon": 118.75, "lat": 66.25}}, {"type": "Feature", "geometry": {"type": "Polygon", "coordinates": [[[117.5, 67.5], [117.5, 70.0], [120.0, 70.0], [120.0, 67.5], [117.5, 67.5]]]}, "properties": {"cell_id": "47_63", "lon": 118.75, "lat": 68.75}}, {"type": "Feature", "geometry": {"type": "Polygon", "coordinates": [[[117.5, 70.0], [117.5, 72.5], [120.0, 72.5], [120.0, 70.0], [117.5, 70.0]]]}, "properties": {"cell_id": "47_64", "lon": 118.75, "lat": 71.25}}, {"type": "Feature", "geometry": {"type": "Polygon", "coordinates": [[[120.0, -35.0], [120.0, -32.5], [122.5, -32.5], [122.5, -35.0], [120.0, -35.0]]]}, "properties": {"cell_id": "48_22", "lon": 121.25, "lat": -33.75}}, {"type": "Feature", "geometry": {"type": "Polygon", "coordinates": [[[120.0, -32.5], [120.0, -30.0], [122.5, -30.0], [122.5, -32.5], [120.0, -32.5]]]}, "properties": {"cell_id": "48_23", "lon": 121.25, "lat": -31.25}}, {"type": "Feature", "geometry": {"type": "Polygon", "coordinates": [[[120.0, -30.0], [120.0, -27.5], [122.5, -27.5], [122.5, -30.0], [120.0, -30.0]]]}, "properties": {"cell_id": "48_24", "lon": 121.25, "lat": -28.75}}, {"type": "Feature", "geometry": {"type": "Polygon", "coordinates": [[[120.0, -27.5], [120.0, -25.0], [122.5, -25.0], [122.5, -27.5], [120.0, -27.5]]]}, "properties": {"cell_id": "48_25", "lon": 121.25, "lat": -26.25}}, {"type": "Feature", "geometry": {"type": "Polygon", "coordinates": [[[120.0, -25.0], [120.0, -22.5], [122.5, -22.5], [122.5, -25.0], [120.0, -25.0]]]}, "properties": {"cell_id": "48_26", "lon": 121.25, "lat": -23.75}}, {"type": "Feature", "geometry": {"type": "Polygon", "coordinates": [[[120.0, -22.5], [120.0, -20.0], [122.5, -20.0], [122.5, -22.5], [120.0, -22.5]]]}, "properties": {"cell_id": "48_27", "lon": 121.25, "lat": -21.25}}, {"type": "Feature", "geometry": {"type": "Polygon", "coordinates": [[[120.0, -10.0], [120.0, -7.5], [122.5, -7.5], [122.5, -10.0], [120.0, -10.0]]]}, "properties": {"cell_id": "48_32", "lon": 121.25, "lat": -8.75}}, {"type": "Feature", "geometry": {"type": "Polygon", "coordinates": [[[120.0, -5.0], [120.0, -2.5], [122.5, -2.5], [122.5, -5.0], [120.0, -5.0]]]}, "properties": {"cell_id": "48_34", "lon": 121.25, "lat": -3.75}}, {"type": "Feature", "geometry": {"type": "Polygon", "coordinates": [[[120.0, -2.5], [120.0, 0.0], [122.5, 0.0], [122.5, -2.5], [120.0, -2.5]]]}, "properties": {"cell_id": "48_35", "lon": 121.25, "lat": -1.25}}, {"type": "Feature", "geometry": {"type": "Polygon", "coordinates": [[[120.0, 12.5], [120.0, 15.0], [122.5, 15.0], [122.5, 12.5], [120.0, 12.5]]]}, "properties": {"cell_id": "48_41", "lon": 121.25, "lat": 13.75}}, {"type": "Feature", "geometry": {"type": "Polygon", "coordinates": [[[120.0, 15.0], [120.0, 17.5], [122.5, 17.5], [122.5, 15.0], [120.0, 15.0]]]}, "properties": {"cell_id": "48_42", "lon": 121.25, "lat": 16.25}}, {"type": "Feature", "geometry": {"type": "Polygon", "coordinates": [[[120.0, 22.5], [120.0, 25.0], [122.5, 25.0], [122.5, 22.5], [120.0, 22.5]]]}, "properties": {"cell_id": "48_45", "lon": 121.25, "lat": 23.75}}, {"type": "Feature", "geometry": {"type": "Polygon", "coordinates": [[[120.0, 27.5], [120.0, 30.0], [122.5, 30.0], [122.5, 27.5], [120.0, 27.5]]]}, "properties": {"cell_id": "48_47", "lon": 121.25, "lat": 28.75}}, {"type": "Feature", "geometry": {"type": "Polygon", "coordinates": [[[120.0, 30.0], [120.0, 32.5], [122.5, 32.5], [122.5, 30.0], [120.0, 30.0]]]}, "properties": {"cell_id": "48_48", "lon": 121.25, "lat": 31.25}}, {"type": "Feature", "geometry": {"type": "Polygon", "coordinates": [[[120.0, 40.0], [120.0, 42.5], [122.5, 42.5], [122.5, 40.0], [120.0, 40.0]]]}, "properties": {"cell_id": "48_52", "lon": 121.25, "lat": 41.25}}, {"type": "Feature", "geometry": {"type": "Polygon", "coordinates": [[[120.0, 42.5], [120.0, 45.0], [122.5, 45.0], [122.5, 42.5], [120.0, 42.5]]]}, "properties": {"cell_id": "48_53", "lon": 121.25, "lat": 43.75}}, {"type": "Feature", "geometry": {"type": "Polygon", "coordinates": [[[120.0, 45.0], [120.0, 47.5], [122.5, 47.5], [122.5, 45.0], [120.0, 45.0]]]}, "properties": {"cell_id": "48_54", "lon": 121.25, "lat": 46.25}}, {"type": "Feature", "geometry": {"type": "Polygon", "coordinates": [[[120.0, 47.5], [120.0, 50.0], [122.5, 50.0], [122.5, 47.5], [120.0, 47.5]]]}, "properties": {"cell_id": "48_55", "lon": 121.25, "lat": 48.75}}, {"type": "Feature", "geometry": {"type": "Polygon", "coordinates": [[[120.0, 50.0], [120.0, 52.5], [122.5, 52.5], [122.5, 50.0], [120.0, 50.0]]]}, "properties": {"cell_id": "48_56", "lon": 121.25, "lat": 51.25}}, {"type": "Feature", "geometry": {"type": "Polygon", "coordinates": [[[120.0, 52.5], [120.0, 55.0], [122.5, 55.0], [122.5, 52.5], [120.0, 52.5]]]}, "properties": {"cell_id": "48_57", "lon": 121.25, "lat": 53.75}}, {"type": "Feature", "geometry": {"type": "Polygon", "coordinates": [[[120.0, 55.0], [120.0, 57.5], [122.5, 57.5], [122.5, 55.0], [120.0, 55.0]]]}, "properties": {"cell_id": "48_58", "lon": 121.25, "lat": 56.25}}, {"type": "Feature", "geometry": {"type": "Polygon", "coordinates": [[[120.0, 57.5], [120.0, 60.0], [122.5, 60.0], [122.5, 57.5], [120.0, 57.5]]]}, "properties": {"cell_id": "48_59", "lon": 121.25, "lat": 58.75}}, {"type": "Feature", "geometry": {"type": "Polygon", "coordinates": [[[120.0, 60.0], [120.0, 62.5], [122.5, 62.5], [122.5, 60.0], [120.0, 60.0]]]}, "properties": {"cell_id": "48_60", "lon": 121.25, "lat": 61.25}}, {"type": "Feature", "geometry": {"type": "Polygon", "coordinates": [[[120.0, 62.5], [120.0, 65.0], [122.5, 65.0], [122.5, 62.5], [120.0, 62.5]]]}, "properties": {"cell_id": "48_61", "lon": 121.25, "lat": 63.75}}, {"type": "Feature", "geometry": {"type": "Polygon", "coordinates": [[[120.0, 65.0], [120.0, 67.5], [122.5, 67.5], [122.5, 65.0], [120.0, 65.0]]]}, "properties": {"cell_id": "48_62", "lon": 121.25, "lat": 66.25}}, {"type": "Feature", "geometry": {"type": "Polygon", "coordinates": [[[120.0, 67.5], [120.0, 70.0], [122.5, 70.0], [122.5, 67.5], [120.0, 67.5]]]}, "properties": {"cell_id": "48_63", "lon": 121.25, "lat": 68.75}}, {"type": "Feature", "geometry": {"type": "Polygon", "coordinates": [[[120.0, 70.0], [120.0, 72.5], [122.5, 72.5], [122.5, 70.0], [120.0, 70.0]]]}, "properties": {"cell_id": "48_64", "lon": 121.25, "lat": 71.25}}, {"type": "Feature", "geometry": {"type": "Polygon", "coordinates": [[[122.5, -35.0], [122.5, -32.5], [125.0, -32.5], [125.0, -35.0], [122.5, -35.0]]]}, "properties": {"cell_id": "49_22", "lon": 123.75, "lat": -33.75}}, {"type": "Feature", "geometry": {"type": "Polygon", "coordinates": [[[122.5, -32.5], [122.5, -30.0], [125.0, -30.0], [125.0, -32.5], [122.5, -32.5]]]}, "properties": {"cell_id": "49_23", "lon": 123.75, "lat": -31.25}}, {"type": "Feature", "geometry": {"type": "Polygon", "coordinates": [[[122.5, -30.0], [122.5, -27.5], [125.0, -27.5], [125.0, -30.0], [122.5, -30.0]]]}, "properties": {"cell_id": "49_24", "lon": 123.75, "lat": -28.75}}, {"type": "Feature", "geometry": {"type": "Polygon", "coordinates": [[[122.5, -27.5], [122.5, -25.0], [125.0, -25.0], [125.0, -27.5], [122.5, -27.5]]]}, "properties": {"cell_id": "49_25", "lon": 123.75, "lat": -26.25}}, {"type": "Feature", "geometry": {"type": "Polygon", "coordinates": [[[122.5, -25.0], [122.5, -22.5], [125.0, -22.5], [125.0, -25.0], [122.5, -25.0]]]}, "properties": {"cell_id": "49_26", "lon": 123.75, "lat": -23.75}}, {"type": "Feature", "geometry": {"type": "Polygon", "coordinates": [[[122.5, -22.5], [122.5, -20.0], [125.0, -20.0], [125.0, -22.5], [122.5, -22.5]]]}, "properties": {"cell_id": "49_27", "lon": 123.75, "lat": -21.25}}, {"type": "Feature", "geometry": {"type": "Polygon", "coordinates": [[[122.5, -20.0], [122.5, -17.5], [125.0, -17.5], [125.0, -20.0], [122.5, -20.0]]]}, "properties": {"cell_id": "49_28", "lon": 123.75, "lat": -18.75}}, {"type": "Feature", "geometry": {"type": "Polygon", "coordinates": [[[122.5, -17.5], [122.5, -15.0], [125.0, -15.0], [125.0, -17.5], [122.5, -17.5]]]}, "properties": {"cell_id": "49_29", "lon": 123.75, "lat": -16.25}}, {"type": "Feature", "geometry": {"type": "Polygon", "coordinates": [[[122.5, 12.5], [122.5, 15.0], [125.0, 15.0], [125.0, 12.5], [122.5, 12.5]]]}, "properties": {"cell_id": "49_41", "lon": 123.75, "lat": 13.75}}, {"type": "Feature", "geometry": {"type": "Polygon", "coordinates": [[[122.5, 40.0], [122.5, 42.5], [125.0, 42.5], [125.0, 40.0], [122.5, 40.0]]]}, "properties": {"cell_id": "49_52", "lon": 123.75, "lat": 41.25}}, {"type": "Feature", "geometry": {"type": "Polygon", "coordinates": [[[122.5, 42.5], [122.5, 45.0], [125.0, 45.0], [125.0, 42.5], [122.5, 42.5]]]}, "properties": {"cell_id": "49_53", "lon": 123.75, "lat": 43.75}}, {"type": "Feature", "geometry": {"type": "Polygon", "coordinates": [[[122.5, 45.0], [122.5, 47.5], [125.0, 47.5], [125.0, 45.0], [122.5, 45.0]]]}, "properties": {"cell_id": "49_54", "lon": 123.75, "lat": 46.25}}, {"type": "Feature", "geometry": {"type": "Polygon", "coordinates": [[[122.5, 47.5], [122.5, 50.0], [125.0, 50.0], [125.0, 47.5], [122.5, 47.5]]]}, "properties": {"cell_id": "49_55", "lon": 123.75, "lat": 48.75}}, {"type": "Feature", "geometry": {"type": "Polygon", "coordinates": [[[122.5, 50.0], [122.5, 52.5], [125.0, 52.5], [125.0, 50.0], [122.5, 50.0]]]}, "properties": {"cell_id": "49_56", "lon": 123.75, "lat": 51.25}}, {"type": "Feature", "geometry": {"type": "Polygon", "coordinates": [[[122.5, 52.5], [122.5, 55.0], [125.0, 55.0], [125.0, 52.5], [122.5, 52.5]]]}, "properties": {"cell_id": "49_57", "lon": 123.75, "lat": 53.75}}, {"type": "Feature", "geometry": {"type": "Polygon", "coordinates": [[[122.5, 55.0], [122.5, 57.5], [125.0, 57.5], [125.0, 55.0], [122.5, 55.0]]]}, "properties": {"cell_id": "49_58", "lon": 123.75, "lat": 56.25}}, {"type": "Feature", "geometry": {"type": "Polygon", "coordinates": [[[122.5, 57.5], [122.5, 60.0], [125.0, 60.0], [125.0, 57.5], [122.5, 57.5]]]}, "properties": {"cell_id": "49_59", "lon": 123.75, "lat": 58.75}}, {"type": "Feature", "geometry": {"type": "Polygon", "coordinates": [[[122.5, 60.0], [122.5, 62.5], [125.0, 62.5], [125.0, 60.0], [122.5, 60.0]]]}, "properties": {"cell_id": "49_60", "lon": 123.75, "lat": 61.25}}, {"type": "Feature", "geometry": {"type": "Polygon", "coordinates": [[[122.5, 62.5], [122.5, 65.0], [125.0, 65.0], [125.0, 62.5], [122.5, 62.5]]]}, "properties": {"cell_id": "49_61", "lon": 123.75, "lat": 63.75}}, {"type": "Feature", "geometry": {"type": "Polygon", "coordinates": [[[122.5, 65.0], [122.5, 67.5], [125.0, 67.5], [125.0, 65.0], [122.5, 65.0]]]}, "properties": {"cell_id": "49_62", "lon": 123.75, "lat": 66.25}}, {"type": "Feature", "geometry": {"type": "Polygon", "coordinates": [[[122.5, 67.5], [122.5, 70.0], [125.0, 70.0], [125.0, 67.5], [122.5, 67.5]]]}, "properties": {"cell_id": "49_63", "lon": 123.75, "lat": 68.75}}, {"type": "Feature", "geometry": {"type": "Polygon", "coordinates": [[[122.5, 70.0], [122.5, 72.5], [125.0, 72.5], [125.0, 70.0], [122.5, 70.0]]]}, "properties": {"cell_id": "49_64", "lon": 123.75, "lat": 71.25}}, {"type": "Feature", "geometry": {"type": "Polygon", "coordinates": [[[125.0, -32.5], [125.0, -30.0], [127.5, -30.0], [127.5, -32.5], [125.0, -32.5]]]}, "properties": {"cell_id": "50_23", "lon": 126.25, "lat": -31.25}}, {"type": "Feature", "geometry": {"type": "Polygon", "coordinates": [[[125.0, -30.0], [125.0, -27.5], [127.5, -27.5], [127.5, -30.0], [125.0, -30.0]]]}, "properties": {"cell_id": "50_24", "lon": 126.25, "lat": -28.75}}, {"type": "Feature", "geometry": {"type": "Polygon", "coordinates": [[[125.0, -27.5], [125.0, -25.0], [127.5, -25.0], [127.5, -27.5], [125.0, -27.5]]]}, "properties": {"cell_id": "50_25", "lon": 126.25, "lat": -26.25}}, {"type": "Feature", "geometry": {"type": "Polygon", "coordinates": [[[125.0, -25.0], [125.0, -22.5], [127.5, -22.5], [127.5, -25.0], [125.0, -25.0]]]}, "properties": {"cell_id": "50_26", "lon": 126.25, "lat": -23.75}}, {"type": "Feature", "geometry": {"type": "Polygon", "coordinates": [[[125.0, -22.5], [125.0, -20.0], [127.5, -20.0], [127.5, -22.5], [125.0, -22.5]]]}, "properties": {"cell_id": "50_27", "lon": 126.25, "lat": -21.25}}, {"type": "Feature", "geometry": {"type": "Polygon", "coordinates": [[[125.0, -20.0], [125.0, -17.5], [127.5, -17.5], [127.5, -20.0], [125.0, -20.0]]]}, "properties": {"cell_id": "50_28", "lon": 126.25, "lat": -18.75}}, {"type": "Feature", "geometry": {"type": "Polygon", "coordinates": [[[125.0, -17.5], [125.0, -15.0], [127.5, -15.0], [127.5, -17.5], [125.0, -17.5]]]}, "properties": {"cell_id": "50_29", "lon": 126.25, "lat": -16.25}}, {"type": "Feature", "geometry": {"type": "Polygon", "coordinates": [[[125.0, -10.0], [125.0, -7.5], [127.5, -7.5], [127.5, -10.0], [125.0, -10.0]]]}, "properties": {"cell_id": "50_32", "lon": 126.25, "lat": -8.75}}, {"type": "Feature", "geometry": {"type": "Polygon", "coordinates": [[[125.0, 7.5], [125.0, 10.0], [127.5, 10.0], [127.5, 7.5], [125.0, 7.5]]]}, "properties": {"cell_id": "50_39", "lon": 126.25, "lat": 8.75}}, {"type": "Feature", "geometry": {"type": "Polygon", "coordinates": [[[125.0, 37.5], [125.0, 40.0], [127.5, 40.0], [127.5, 37.5], [125.0, 37.5]]]}, "properties": {"cell_id": "50_51", "lon": 126.25, "lat": 38.75}}, {"type": "Feature", "geometry": {"type": "Polygon", "coordinates": [[[125.0, 40.0], [125.0, 42.5], [127.5, 42.5], [127.5, 40.0], [125.0, 40.0]]]}, "properties": {"cell_id": "50_52", "lon": 126.25, "lat": 41.25}}, {"type": "Feature", "geometry": {"type": "Polygon", "coordinates": [[[125.0, 42.5], [125.0, 45.0], [127.5, 45.0], [127.5, 42.5], [125.0, 42.5]]]}, "properties": {"cell_id": "50_53", "lon": 126.25, "lat": 43.75}}, {"type": "Feature", "geometry": {"type": "Polygon", "coordinates": [[[125.0, 45.0], [125.0, 47.5], [127.5, 47.5], [127.5, 45.0], [125.0, 45.0]]]}, "properties": {"cell_id": "50_54", "lon": 126.25, "lat": 46.25}}, {"type": "Feature", "geometry": {"type": "Polygon", "coordinates": [[[125.0, 47.5], [125.0, 50.0], [127.5, 50.0], [127.5, 47.5], [125.0, 47.5]]]}, "properties": {"cell_id": "50_55", "lon": 126.25, "lat": 48.75}}, {"type": "Feature", "geometry": {"type": "Polygon", "coordinates": [[[125.0, 50.0], [125.0, 52.5], [127.5, 52.5], [127.5, 50.0], [125.0, 50.0]]]}, "properties": {"cell_id": "50_56", "lon": 126.25, "lat": 51.25}}, {"type": "Feature", "geometry": {"type": "Polygon", "coordinates": [[[125.0, 52.5], [125.0, 55.0], [127.5, 55.0], [127.5, 52.5], [125.0, 52.5]]]}, "properties": {"cell_id": "50_57", "lon": 126.25, "lat": 53.75}}, {"type": "Feature", "geometry": {"type": "Polygon", "coordinates": [[[125.0, 55.0], [125.0, 57.5], [127.5, 57.5], [127.5, 55.0], [125.0, 55.0]]]}, "properties": {"cell_id": "50_58", "lon": 126.25, "lat": 56.25}}, {"type": "Feature", "geometry": {"type": "Polygon", "coordinates": [[[125.0, 57.5], [125.0, 60.0], [127.5, 60.0], [127.5, 57.5], [125.0, 57.5]]]}, "properties": {"cell_id": "50_59", "lon": 126.25, "lat": 58.75}}, {"type": "Feature", "geometry": {"type": "Polygon", "coordinates": [[[125.0, 60.0], [125.0, 62.5], [127.5, 62.5], [127.5, 60.0], [125.0, 60.0]]]}, "properties": {"cell_id": "50_60", "lon": 126.25, "lat": 61.25}}, {"type": "Feature", "geometry": {"type": "Polygon", "coordinates": [[[125.0, 62.5], [125.0, 65.0], [127.5, 65.0], [127.5, 62.5], [125.0, 62.5]]]}, "properties": {"cell_id": "50_61", "lon": 126.25, "lat": 63.75}}, {"type": "Feature", "geometry": {"type": "Polygon", "coordinates": [[[125.0, 65.0], [125.0, 67.5], [127.5, 67.5], [127.5, 65.0], [125.0, 65.0]]]}, "properties": {"cell_id": "50_62", "lon": 126.25, "lat": 66.25}}, {"type": "Feature", "geometry": {"type": "Polygon", "coordinates": [[[125.0, 67.5], [125.0, 70.0], [127.5, 70.0], [127.5, 67.5], [125.0, 67.5]]]}, "properties": {"cell_id": "50_63", "lon": 126.25, "lat": 68.75}}, {"type": "Feature", "geometry": {"type": "Polygon", "coordinates": [[[125.0, 70.0], [125.0, 72.5], [127.5, 72.5], [127.5, 70.0], [125.0, 70.0]]]}, "properties": {"cell_id": "50_64", "lon": 126.25, "lat": 71.25}}, {"type": "Feature", "geometry": {"type": "Polygon", "coordinates": [[[127.5, -32.5], [127.5, -30.0], [130.0, -30.0], [130.0, -32.5], [127.5, -32.5]]]}, "properties": {"cell_id": "51_23", "lon": 128.75, "lat": -31.25}}, {"type": "Feature", "geometry": {"type": "Polygon", "coordinates": [[[127.5, -30.0], [127.5, -27.5], [130.0, -27.5], [130.0, -30.0], [127.5, -30.0]]]}, "properties": {"cell_id": "51_24", "lon": 128.75, "lat": -28.75}}, {"type": "Feature", "geometry": {"type": "Polygon", "coordinates": [[[127.5, -27.5], [127.5, -25.0], [130.0, -25.0], [130.0, -27.5], [127.5, -27.5]]]}, "properties": {"cell_id": "51_25", "lon": 128.75, "lat": -26.25}}, {"type": "Feature", "geometry": {"type": "Polygon", "coordinates": [[[127.5, -25.0], [127.5, -22.5], [130.0, -22.5], [130.0, -25.0], [127.5, -25.0]]]}, "properties": {"cell_id": "51_26", "lon": 128.75, "lat": -23.75}}, {"type": "Feature", "geometry": {"type": "Polygon", "coordinates": [[[127.5, -22.5], [127.5, -20.0], [130.0, -20.0], [130.0, -22.5], [127.5, -22.5]]]}, "properties": {"cell_id": "51_27", "lon": 128.75, "lat": -21.25}}, {"type": "Feature", "geometry": {"type": "Polygon", "coordinates": [[[127.5, -20.0], [127.5, -17.5], [130.0, -17.5], [130.0, -20.0], [127.5, -20.0]]]}, "properties": {"cell_id": "51_28", "lon": 128.75, "lat": -18.75}}, {"type": "Feature", "geometry": {"type": "Polygon", "coordinates": [[[127.5, -17.5], [127.5, -15.0], [130.0, -15.0], [130.0, -17.5], [127.5, -17.5]]]}, "properties": {"cell_id": "51_29", "lon": 128.75, "lat": -16.25}}, {"type": "Feature", "geometry": {"type": "Polygon", "coordinates": [[[127.5, 35.0], [127.5, 37.5], [130.0, 37.5], [130.0, 35.0], [127.5, 35.0]]]}, "properties": {"cell_id": "51_50", "lon": 128.75, "lat": 36.25}}, {"type": "Feature", "geometry": {"type": "Polygon", "coordinates": [[[127.5, 40.0], [127.5, 42.5], [130.0, 42.5], [130.0, 40.0], [127.5, 40.0]]]}, "properties": {"cell_id": "51_52", "lon": 128.75, "lat": 41.25}}, {"type": "Feature", "geometry": {"type": "Polygon", "coordinates": [[[127.5, 42.5], [127.5, 45.0], [130.0, 45.0], [130.0, 42.5], [127.5, 42.5]]]}, "properties": {"cell_id": "51_53", "lon": 128.75, "lat": 43.75}}, {"type": "Feature", "geometry": {"type": "Polygon", "coordinates": [[[127.5, 45.0], [127.5, 47.5], [130.0, 47.5], [130.0, 45.0], [127.5, 45.0]]]}, "properties": {"cell_id": "51_54", "lon": 128.75, "lat": 46.25}}, {"type": "Feature", "geometry": {"type": "Polygon", "coordinates": [[[127.5, 47.5], [127.5, 50.0], [130.0, 50.0], [130.0, 47.5], [127.5, 47.5]]]}, "properties": {"cell_id": "51_55", "lon": 128.75, "lat": 48.75}}, {"type": "Feature", "geometry": {"type": "Polygon", "coordinates": [[[127.5, 50.0], [127.5, 52.5], [130.0, 52.5], [130.0, 50.0], [127.5, 50.0]]]}, "properties": {"cell_id": "51_56", "lon": 128.75, "lat": 51.25}}, {"type": "Feature", "geometry": {"type": "Polygon", "coordinates": [[[127.5, 52.5], [127.5, 55.0], [130.0, 55.0], [130.0, 52.5], [127.5, 52.5]]]}, "properties": {"cell_id": "51_57", "lon": 128.75, "lat": 53.75}}, {"type": "Feature", "geometry": {"type": "Polygon", "coordinates": [[[127.5, 55.0], [127.5, 57.5], [130.0, 57.5], [130.0, 55.0], [127.5, 55.0]]]}, "properties": {"cell_id": "51_58", "lon": 128.75, "lat": 56.25}}, {"type": "Feature", "geometry": {"type": "Polygon", "coordinates": [[[127.5, 57.5], [127.5, 60.0], [130.0, 60.0], [130.0, 57.5], [127.5, 57.5]]]}, "properties": {"cell_id": "51_59", "lon": 128.75, "lat": 58.75}}, {"type": "Feature", "geometry": {"type": "Polygon", "coordinates": [[[127.5, 60.0], [127.5, 62.5], [130.0, 62.5], [130.0, 60.0], [127.5, 60.0]]]}, "properties": {"cell_id": "51_60", "lon": 128.75, "lat": 61.25}}, {"type": "Feature", "geometry": {"type": "Polygon", "coordinates": [[[127.5, 62.5], [127.5, 65.0], [130.0, 65.0], [130.0, 62.5], [127.5, 62.5]]]}, "properties": {"cell_id": "51_61", "lon": 128.75, "lat": 63.75}}, {"type": "Feature", "geometry": {"type": "Polygon", "coordinates": [[[127.5, 65.0], [127.5, 67.5], [130.0, 67.5], [130.0, 65.0], [127.5, 65.0]]]}, "properties": {"cell_id": "51_62", "lon": 128.75, "lat": 66.25}}, {"type": "Feature", "geometry": {"type": "Polygon", "coordinates": [[[127.5, 67.5], [127.5, 70.0], [130.0, 70.0], [130.0, 67.5], [127.5, 67.5]]]}, "properties": {"cell_id": "51_63", "lon": 128.75, "lat": 68.75}}, {"type": "Feature", "geometry": {"type": "Polygon", "coordinates": [[[127.5, 70.0], [127.5, 72.5], [130.0, 72.5], [130.0, 70.0], [127.5, 70.0]]]}, "properties": {"cell_id": "51_64", "lon": 128.75, "lat": 71.25}}, {"type": "Feature", "geometry": {"type": "Polygon", "coordinates": [[[130.0, -32.5], [130.0, -30.0], [132.5, -30.0], [132.5, -32.5], [130.0, -32.5]]]}, "properties": {"cell_id": "52_23", "lon": 131.25, "lat": -31.25}}, {"type": "Feature", "geometry": {"type": "Polygon", "coordinates": [[[130.0, -30.0], [130.0, -27.5], [132.5, -27.5], [132.5, -30.0], [130.0, -30.0]]]}, "properties": {"cell_id": "52_24", "lon": 131.25, "lat": -28.75}}, {"type": "Feature", "geometry": {"type": "Polygon", "coordinates": [[[130.0, -27.5], [130.0, -25.0], [132.5, -25.0], [132.5, -27.5], [130.0, -27.5]]]}, "properties": {"cell_id": "52_25", "lon": 131.25, "lat": -26.25}}, {"type": "Feature", "geometry": {"type": "Polygon", "coordinates": [[[130.0, -25.0], [130.0, -22.5], [132.5, -22.5], [132.5, -25.0], [130.0, -25.0]]]}, "properties": {"cell_id": "52_26", "lon": 131.25, "lat": -23.75}}, {"type": "Feature", "geometry": {"type": "Polygon", "coordinates": [[[130.0, -22.5], [130.0, -20.0], [132.5, -20.0], [132.5, -22.5], [130.0, -22.5]]]}, "properties": {"cell_id": "52_27", "lon": 131.25, "lat": -21.25}}, {"type": "Feature", "geometry": {"type": "Polygon", "coordinates": [[[130.0, -20.0], [130.0, -17.5], [132.5, -17.5], [132.5, -20.0], [130.0, -20.0]]]}, "properties": {"cell_id": "52_28", "lon": 131.25, "lat": -18.75}}, {"type": "Feature", "geometry": {"type": "Polygon", "coordinates": [[[130.0, -17.5], [130.0, -15.0], [132.5, -15.0], [132.5, -17.5], [130.0, -17.5]]]}, "properties": {"cell_id": "52_29", "lon": 131.25, "lat": -16.25}}, {"type": "Feature", "geometry": {"type": "Polygon", "coordinates": [[[130.0, -15.0], [130.0, -12.5], [132.5, -12.5], [132.5, -15.0], [130.0, -15.0]]]}, "properties": {"cell_id": "52_30", "lon": 131.25, "lat": -13.75}}, {"type": "Feature", "geometry": {"type": "Polygon", "coordinates": [[[130.0, -2.5], [130.0, 0.0], [132.5, 0.0], [132.5, -2.5], [130.0, -2.5]]]}, "properties": {"cell_id": "52_35", "lon": 131.25, "lat": -1.25}}, {"type": "Feature", "geometry": {"type": "Polygon", "coordinates": [[[130.0, 42.5], [130.0, 45.0], [132.5, 45.0], [132.5, 42.5], [130.0, 42.5]]]}, "properties": {"cell_id": "52_53", "lon": 131.25, "lat": 43.75}}, {"type": "Feature", "geometry": {"type": "Polygon", "coordinates": [[[130.0, 45.0], [130.0, 47.5], [132.5, 47.5], [132.5, 45.0], [130.0, 45.0]]]}, "properties": {"cell_id": "52_54", "lon": 131.25, "lat": 46.25}}, {"type": "Feature", "geometry": {"type": "Polygon", "coordinates": [[[130.0, 47.5], [130.0, 50.0], [132.5, 50.0], [132.5, 47.5], [130.0, 47.5]]]}, "properties": {"cell_id": "52_55", "lon": 131.25, "lat": 48.75}}, {"type": "Feature", "geometry": {"type": "Polygon", "coordinates": [[[130.0, 50.0], [130.0, 52.5], [132.5, 52.5], [132.5, 50.0], [130.0, 50.0]]]}, "properties": {"cell_id": "52_56", "lon": 131.25, "lat": 51.25}}, {"type": "Feature", "geometry": {"type": "Polygon", "coordinates": [[[130.0, 52.5], [130.0, 55.0], [132.5, 55.0], [132.5, 52.5], [130.0, 52.5]]]}, "properties": {"cell_id": "52_57", "lon": 131.25, "lat": 53.75}}, {"type": "Feature", "geometry": {"type": "Polygon", "coordinates": [[[130.0, 55.0], [130.0, 57.5], [132.5, 57.5], [132.5, 55.0], [130.0, 55.0]]]}, "properties": {"cell_id": "52_58", "lon": 131.25, "lat": 56.25}}, {"type": "Feature", "geometry": {"type": "Polygon", "coordinates": [[[130.0, 57.5], [130.0, 60.0], [132.5, 60.0], [132.5, 57.5], [130.0, 57.5]]]}, "properties": {"cell_id": "52_59", "lon": 131.25, "lat": 58.75}}, {"type": "Feature", "geometry": {"type": "Polygon", "coordinates": [[[130.0, 60.0], [130.0, 62.5], [132.5, 62.5], [132.5, 60.0], [130.0, 60.0]]]}, "properties": {"cell_id": "52_60", "lon": 131.25, "lat": 61.25}}, {"type": "Feature", "geometry": {"type": "Polygon", "coordinates": [[[130.0, 62.5], [130.0, 65.0], [132.5, 65.0], [132.5, 62.5], [130.0, 62.5]]]}, "properties": {"cell_id": "52_61", "lon": 131.25, "lat": 63.75}}, {"type": "Feature", "geometry": {"type": "Polygon", "coordinates": [[[130.0, 65.0], [130.0, 67.5], [132.5, 67.5], [132.5, 65.0], [130.0, 65.0]]]}, "properties": {"cell_id": "52_62", "lon": 131.25, "lat": 66.25}}, {"type": "Feature", "geometry": {"type": "Polygon", "coordinates": [[[130.0, 67.5], [130.0, 70.0], [132.5, 70.0], [132.5, 67.5], [130.0, 67.5]]]}, "properties": {"cell_id": "52_63", "lon": 131.25, "lat": 68.75}}, {"type": "Feature", "geometry": {"type": "Polygon", "coordinates": [[[132.5, -32.5], [132.5, -30.0], [135.0, -30.0], [135.0, -32.5], [132.5, -32.5]]]}, "properties": {"cell_id": "53_23", "lon": 133.75, "lat": -31.25}}, {"type": "Feature", "geometry": {"type": "Polygon", "coordinates": [[[132.5, -30.0], [132.5, -27.5], [135.0, -27.5], [135.0, -30.0], [132.5, -30.0]]]}, "properties": {"cell_id": "53_24", "lon": 133.75, "lat": -28.75}}, {"type": "Feature", "geometry": {"type": "Polygon", "coordinates": [[[132.5, -27.5], [132.5, -25.0], [135.0, -25.0], [135.0, -27.5], [132.5, -27.5]]]}, "properties": {"cell_id": "53_25", "lon": 133.75, "lat": -26.25}}, {"type": "Feature", "geometry": {"type": "Polygon", "coordinates": [[[132.5, -25.0], [132.5, -22.5], [135.0, -22.5], [135.0, -25.0], [132.5, -25.0]]]}, "properties": {"cell_id": "53_26", "lon": 133.75, "lat": -23.75}}, {"type": "Feature", "geometry": {"type": "Polygon", "coordinates": [[[132.5, -22.5], [132.5, -20.0], [135.0, -20.0], [135.0, -22.5], [132.5, -22.5]]]}, "properties": {"cell_id": "53_27", "lon": 133.75, "lat": -21.25}}, {"type": "Feature", "geometry": {"type": "Polygon", "coordinates": [[[132.5, -20.0], [132.5, -17.5], [135.0, -17.5], [135.0, -20.0], [132.5, -20.0]]]}, "properties": {"cell_id": "53_28", "lon": 133.75, "lat": -18.75}}, {"type": "Feature", "geometry": {"type": "Polygon", "coordinates": [[[132.5, -17.5], [132.5, -15.0], [135.0, -15.0], [135.0, -17.5], [132.5, -17.5]]]}, "properties": {"cell_id": "53_29", "lon": 133.75, "lat": -16.25}}, {"type": "Feature", "geometry": {"type": "Polygon", "coordinates": [[[132.5, -15.0], [132.5, -12.5], [135.0, -12.5], [135.0, -15.0], [132.5, -15.0]]]}, "properties": {"cell_id": "53_30", "lon": 133.75, "lat": -13.75}}, {"type": "Feature", "geometry": {"type": "Polygon", "coordinates": [[[132.5, -2.5], [132.5, 0.0], [135.0, 0.0], [135.0, -2.5], [132.5, -2.5]]]}, "properties": {"cell_id": "53_35", "lon": 133.75, "lat": -1.25}}, {"type": "Feature", "geometry": {"type": "Polygon", "coordinates": [[[132.5, 32.5], [132.5, 35.0], [135.0, 35.0], [135.0, 32.5], [132.5, 32.5]]]}, "properties": {"cell_id": "53_49", "lon": 133.75, "lat": 33.75}}, {"type": "Feature", "geometry": {"type": "Polygon", "coordinates": [[[132.5, 42.5], [132.5, 45.0], [135.0, 45.0], [135.0, 42.5], [132.5, 42.5]]]}, "properties": {"cell_id": "53_53", "lon": 133.75, "lat": 43.75}}, {"type": "Feature", "geometry": {"type": "Polygon", "coordinates": [[[132.5, 45.0], [132.5, 47.5], [135.0, 47.5], [135.0, 45.0], [132.5, 45.0]]]}, "properties": {"cell_id": "53_54", "lon": 133.75, "lat": 46.25}}, {"type": "Feature", "geometry": {"type": "Polygon", "coordinates": [[[132.5, 47.5], [132.5, 50.0], [135.0, 50.0], [135.0, 47.5], [132.5, 47.5]]]}, "properties": {"cell_id": "53_55", "lon": 133.75, "lat": 48.75}}, {"type": "Feature", "geometry": {"type": "Polygon", "coordinates": [[[132.5, 50.0], [132.5, 52.5], [135.0, 52.5], [135.0, 50.0], [132.5, 50.0]]]}, "properties": {"cell_id": "53_56", "lon": 133.75, "lat": 51.25}}, {"type": "Feature", "geometry": {"type": "Polygon", "coordinates": [[[132.5, 52.5], [132.5, 55.0], [135.0, 55.0], [135.0, 52.5], [132.5, 52.5]]]}, "properties": {"cell_id": "53_57", "lon": 133.75, "lat": 53.75}}, {"type": "Feature", "geometry": {"type": "Polygon", "coordinates": [[[132.5, 55.0], [132.5, 57.5], [135.0, 57.5], [135.0, 55.0], [132.5, 55.0]]]}, "properties": {"cell_id": "53_58", "lon": 133.75, "lat": 56.25}}, {"type": "Feature", "geometry": {"type": "Polygon", "coordinates": [[[132.5, 57.5], [132.5, 60.0], [135.0, 60.0], [135.0, 57.5], [132.5, 57.5]]]}, "properties": {"cell_id": "53_59", "lon": 133.75, "lat": 58.75}}, {"type": "Feature", "geometry": {"type": "Polygon", "coordinates": [[[132.5, 60.0], [132.5, 62.5], [135.0, 62.5], [135.0, 60.0], [132.5, 60.0]]]}, "properties": {"cell_id": "53_60", "lon": 133.75, "lat": 61.25}}, {"type": "Feature", "geometry": {"type": "Polygon", "coordinates": [[[132.5, 62.5], [132.5, 65.0], [135.0, 65.0], [135.0, 62.5], [132.5, 62.5]]]}, "properties": {"cell_id": "53_61", "lon": 133.75, "lat": 63.75}}, {"type": "Feature", "geometry": {"type": "Polygon", "coordinates": [[[132.5, 65.0], [132.5, 67.5], [135.0, 67.5], [135.0, 65.0], [132.5, 65.0]]]}, "properties": {"cell_id": "53_62", "lon": 133.75, "lat": 66.25}}, {"type": "Feature", "geometry": {"type": "Polygon", "coordinates": [[[132.5, 67.5], [132.5, 70.0], [135.0, 70.0], [135.0, 67.5], [132.5, 67.5]]]}, "properties": {"cell_id": "53_63", "lon": 133.75, "lat": 68.75}}, {"type": "Feature", "geometry": {"type": "Polygon", "coordinates": [[[132.5, 70.0], [132.5, 72.5], [135.0, 72.5], [135.0, 70.0], [132.5, 70.0]]]}, "properties": {"cell_id": "53_64", "lon": 133.75, "lat": 71.25}}, {"type": "Feature", "geometry": {"type": "Polygon", "coordinates": [[[135.0, -35.0], [135.0, -32.5], [137.5, -32.5], [137.5, -35.0], [135.0, -35.0]]]}, "properties": {"cell_id": "54_22", "lon": 136.25, "lat": -33.75}}, {"type": "Feature", "geometry": {"type": "Polygon", "coordinates": [[[135.0, -32.5], [135.0, -30.0], [137.5, -30.0], [137.5, -32.5], [135.0, -32.5]]]}, "properties": {"cell_id": "54_23", "lon": 136.25, "lat": -31.25}}, {"type": "Feature", "geometry": {"type": "Polygon", "coordinates": [[[135.0, -30.0], [135.0, -27.5], [137.5, -27.5], [137.5, -30.0], [135.0, -30.0]]]}, "properties": {"cell_id": "54_24", "lon": 136.25, "lat": -28.75}}, {"type": "Feature", "geometry": {"type": "Polygon", "coordinates": [[[135.0, -27.5], [135.0, -25.0], [137.5, -25.0], [137.5, -27.5], [135.0, -27.5]]]}, "properties": {"cell_id": "54_25", "lon": 136.25, "lat": -26.25}}, {"type": "Feature", "geometry": {"type": "Polygon", "coordinates": [[[135.0, -25.0], [135.0, -22.5], [137.5, -22.5], [137.5, -25.0], [135.0, -25.0]]]}, "properties": {"cell_id": "54_26", "lon": 136.25, "lat": -23.75}}, {"type": "Feature", "geometry": {"type": "Polygon", "coordinates": [[[135.0, -22.5], [135.0, -20.0], [137.5, -20.0], [137.5, -22.5], [135.0, -22.5]]]}, "properties": {"cell_id": "54_27", "lon": 136.25, "lat": -21.25}}, {"type": "Feature", "geometry": {"type": "Polygon", "coordinates": [[[135.0, -20.0], [135.0, -17.5], [137.5, -17.5], [137.5, -20.0], [135.0, -20.0]]]}, "properties": {"cell_id": "54_28", "lon": 136.25, "lat": -18.75}}, {"type": "Feature", "geometry": {"type": "Polygon", "coordinates": [[[135.0, -17.5], [135.0, -15.0], [137.5, -15.0], [137.5, -17.5], [135.0, -17.5]]]}, "properties": {"cell_id": "54_29", "lon": 136.25, "lat": -16.25}}, {"type": "Feature", "geometry": {"type": "Polygon", "coordinates": [[[135.0, -5.0], [135.0, -2.5], [137.5, -2.5], [137.5, -5.0], [135.0, -5.0]]]}, "properties": {"cell_id": "54_34", "lon": 136.25, "lat": -3.75}}, {"type": "Feature", "geometry": {"type": "Polygon", "coordinates": [[[135.0, 35.0], [135.0, 37.5], [137.5, 37.5], [137.5, 35.0], [135.0, 35.0]]]}, "properties": {"cell_id": "54_50", "lon": 136.25, "lat": 36.25}}, {"type": "Feature", "geometry": {"type": "Polygon", "coordinates": [[[135.0, 45.0], [135.0, 47.5], [137.5, 47.5], [137.5, 45.0], [135.0, 45.0]]]}, "properties": {"cell_id": "54_54", "lon": 136.25, "lat": 46.25}}, {"type": "Feature", "geometry": {"type": "Polygon", "coordinates": [[[135.0, 47.5], [135.0, 50.0], [137.5, 50.0], [137.5, 47.5], [135.0, 47.5]]]}, "properties": {"cell_id": "54_55", "lon": 136.25, "lat": 48.75}}, {"type": "Feature", "geometry": {"type": "Polygon", "coordinates": [[[135.0, 50.0], [135.0, 52.5], [137.5, 52.5], [137.5, 50.0], [135.0, 50.0]]]}, "properties": {"cell_id": "54_56", "lon": 136.25, "lat": 51.25}}, {"type": "Feature", "geometry": {"type": "Polygon", "coordinates": [[[135.0, 52.5], [135.0, 55.0], [137.5, 55.0], [137.5, 52.5], [135.0, 52.5]]]}, "properties": {"cell_id": "54_57", "lon": 136.25, "lat": 53.75}}, {"type": "Feature", "geometry": {"type": "Polygon", "coordinates": [[[135.0, 55.0], [135.0, 57.5], [137.5, 57.5], [137.5, 55.0], [135.0, 55.0]]]}, "properties": {"cell_id": "54_58", "lon": 136.25, "lat": 56.25}}, {"type": "Feature", "geometry": {"type": "Polygon", "coordinates": [[[135.0, 57.5], [135.0, 60.0], [137.5, 60.0], [137.5, 57.5], [135.0, 57.5]]]}, "properties": {"cell_id": "54_59", "lon": 136.25, "lat": 58.75}}, {"type": "Feature", "geometry": {"type": "Polygon", "coordinates": [[[135.0, 60.0], [135.0, 62.5], [137.5, 62.5], [137.5, 60.0], [135.0, 60.0]]]}, "properties": {"cell_id": "54_60", "lon": 136.25, "lat": 61.25}}, {"type": "Feature", "geometry": {"type": "Polygon", "coordinates": [[[135.0, 62.5], [135.0, 65.0], [137.5, 65.0], [137.5, 62.5], [135.0, 62.5]]]}, "properties": {"cell_id": "54_61", "lon": 136.25, "lat": 63.75}}, {"type": "Feature", "geometry": {"type": "Polygon", "coordinates": [[[135.0, 65.0], [135.0, 67.5], [137.5, 67.5], [137.5, 65.0], [135.0, 65.0]]]}, "properties": {"cell_id": "54_62", "lon": 136.25, "lat": 66.25}}, {"type": "Feature", "geometry": {"type": "Polygon", "coordinates": [[[135.0, 67.5], [135.0, 70.0], [137.5, 70.0], [137.5, 67.5], [135.0, 67.5]]]}, "properties": {"cell_id": "54_63", "lon": 136.25, "lat": 68.75}}, {"type": "Feature", "geometry": {"type": "Polygon", "coordinates": [[[135.0, 70.0], [135.0, 72.5], [137.5, 72.5], [137.5, 70.0], [135.0, 70.0]]]}, "properties": {"cell_id": "54_64", "lon": 136.25, "lat": 71.25}}, {"type": "Feature", "geometry": {"type": "Polygon", "coordinates": [[[137.5, -35.0], [137.5, -32.5], [140.0, -32.5], [140.0, -35.0], [137.5, -35.0]]]}, "properties": {"cell_id": "55_22", "lon": 138.75, "lat": -33.75}}, {"type": "Feature", "geometry": {"type": "Polygon", "coordinates": [[[137.5, -32.5], [137.5, -30.0], [140.0, -30.0], [140.0, -32.5], [137.5, -32.5]]]}, "properties": {"cell_id": "55_23", "lon": 138.75, "lat": -31.25}}, {"type": "Feature", "geometry": {"type": "Polygon", "coordinates": [[[137.5, -30.0], [137.5, -27.5], [140.0, -27.5], [140.0, -30.0], [137.5, -30.0]]]}, "properties": {"cell_id": "55_24", "lon": 138.75, "lat": -28.75}}, {"type": "Feature", "geometry": {"type": "Polygon", "coordinates": [[[137.5, -27.5], [137.5, -25.0], [140.0, -25.0], [140.0, -27.5], [137.5, -27.5]]]}, "properties": {"cell_id": "55_25", "lon": 138.75, "lat": -26.25}}, {"type": "Feature", "geometry": {"type": "Polygon", "coordinates": [[[137.5, -25.0], [137.5, -22.5], [140.0, -22.5], [140.0, -25.0], [137.5, -25.0]]]}, "properties": {"cell_id": "55_26", "lon": 138.75, "lat": -23.75}}, {"type": "Feature", "geometry": {"type": "Polygon", "coordinates": [[[137.5, -22.5], [137.5, -20.0], [140.0, -20.0], [140.0, -22.5], [137.5, -22.5]]]}, "properties": {"cell_id": "55_27", "lon": 138.75, "lat": -21.25}}, {"type": "Feature", "geometry": {"type": "Polygon", "coordinates": [[[137.5, -20.0], [137.5, -17.5], [140.0, -17.5], [140.0, -20.0], [137.5, -20.0]]]}, "properties": {"cell_id": "55_28", "lon": 138.75, "lat": -18.75}}, {"type": "Feature", "geometry": {"type": "Polygon", "coordinates": [[[137.5, -7.5], [137.5, -5.0], [140.0, -5.0], [140.0, -7.5], [137.5, -7.5]]]}, "properties": {"cell_id": "55_33", "lon": 138.75, "lat": -6.25}}, {"type": "Feature", "geometry": {"type": "Polygon", "coordinates": [[[137.5, -5.0], [137.5, -2.5], [140.0, -2.5], [140.0, -5.0], [137.5, -5.0]]]}, "properties": {"cell_id": "55_34", "lon": 138.75, "lat": -3.75}}, {"type": "Feature", "geometry": {"type": "Polygon", "coordinates": [[[137.5, 35.0], [137.5, 37.5], [140.0, 37.5], [140.0, 35.0], [137.5, 35.0]]]}, "properties": {"cell_id": "55_50", "lon": 138.75, "lat": 36.25}}, {"type": "Feature", "geometry": {"type": "Polygon", "coordinates": [[[137.5, 47.5], [137.5, 50.0], [140.0, 50.0], [140.0, 47.5], [137.5, 47.5]]]}, "properties": {"cell_id": "55_55", "lon": 138.75, "lat": 48.75}}, {"type": "Feature", "geometry": {"type": "Polygon", "coordinates": [[[137.5, 50.0], [137.5, 52.5], [140.0, 52.5], [140.0, 50.0], [137.5, 50.0]]]}, "properties": {"cell_id": "55_56", "lon": 138.75, "lat": 51.25}}, {"type": "Feature", "geometry": {"type": "Polygon", "coordinates": [[[137.5, 52.5], [137.5, 55.0], [140.0, 55.0], [140.0, 52.5], [137.5, 52.5]]]}, "properties": {"cell_id": "55_57", "lon": 138.75, "lat": 53.75}}, {"type": "Feature", "geometry": {"type": "Polygon", "coordinates": [[[137.5, 57.5], [137.5, 60.0], [140.0, 60.0], [140.0, 57.5], [137.5, 57.5]]]}, "properties": {"cell_id": "55_59", "lon": 138.75, "lat": 58.75}}, {"type": "Feature", "geometry": {"type": "Polygon", "coordinates": [[[137.5, 60.0], [137.5, 62.5], [140.0, 62.5], [140.0, 60.0], [137.5, 60.0]]]}, "properties": {"cell_id": "55_60", "lon": 138.75, "lat": 61.25}}, {"type": "Feature", "geometry": {"type": "Polygon", "coordinates": [[[137.5, 62.5], [137.5, 65.0], [140.0, 65.0], [140.0, 62.5], [137.5, 62.5]]]}, "properties": {"cell_id": "55_61", "lon": 138.75, "lat": 63.75}}, {"type": "Feature", "geometry": {"type": "Polygon", "coordinates": [[[137.5, 65.0], [137.5, 67.5], [140.0, 67.5], [140.0, 65.0], [137.5, 65.0]]]}, "properties": {"cell_id": "55_62", "lon": 138.75, "lat": 66.25}}, {"type": "Feature", "geometry": {"type": "Polygon", "coordinates": [[[137.5, 67.5], [137.5, 70.0], [140.0, 70.0], [140.0, 67.5], [137.5, 67.5]]]}, "properties": {"cell_id": "55_63", "lon": 138.75, "lat": 68.75}}, {"type": "Feature", "geometry": {"type": "Polygon", "coordinates": [[[137.5, 70.0], [137.5, 72.5], [140.0, 72.5], [140.0, 70.0], [137.5, 70.0]]]}, "properties": {"cell_id": "55_64", "lon": 138.75, "lat": 71.25}}, {"type": "Feature", "geometry": {"type": "Polygon", "coordinates": [[[140.0, -37.5], [140.0, -35.0], [142.5, -35.0], [142.5, -37.5], [140.0, -37.5]]]}, "properties": {"cell_id": "56_21", "lon": 141.25, "lat": -36.25}}, {"type": "Feature", "geometry": {"type": "Polygon", "coordinates": [[[140.0, -35.0], [140.0, -32.5], [142.5, -32.5], [142.5, -35.0], [140.0, -35.0]]]}, "properties": {"cell_id": "56_22", "lon": 141.25, "lat": -33.75}}, {"type": "Feature", "geometry": {"type": "Polygon", "coordinates": [[[140.0, -32.5], [140.0, -30.0], [142.5, -30.0], [142.5, -32.5], [140.0, -32.5]]]}, "properties": {"cell_id": "56_23", "lon": 141.25, "lat": -31.25}}, {"type": "Feature", "geometry": {"type": "Polygon", "coordinates": [[[140.0, -30.0], [140.0, -27.5], [142.5, -27.5], [142.5, -30.0], [140.0, -30.0]]]}, "properties": {"cell_id": "56_24", "lon": 141.25, "lat": -28.75}}, {"type": "Feature", "geometry": {"type": "Polygon", "coordinates": [[[140.0, -27.5], [140.0, -25.0], [142.5, -25.0], [142.5, -27.5], [140.0, -27.5]]]}, "properties": {"cell_id": "56_25", "lon": 141.25, "lat": -26.25}}, {"type": "Feature", "geometry": {"type": "Polygon", "coordinates": [[[140.0, -25.0], [140.0, -22.5], [142.5, -22.5], [142.5, -25.0], [140.0, -25.0]]]}, "properties": {"cell_id": "56_26", "lon": 141.25, "lat": -23.75}}, {"type": "Feature", "geometry": {"type": "Polygon", "coordinates": [[[140.0, -22.5], [140.0, -20.0], [142.5, -20.0], [142.5, -22.5], [140.0, -22.5]]]}, "properties": {"cell_id": "56_27", "lon": 141.25, "lat": -21.25}}, {"type": "Feature", "geometry": {"type": "Polygon", "coordinates": [[[140.0, -20.0], [140.0, -17.5], [142.5, -17.5], [142.5, -20.0], [140.0, -20.0]]]}, "properties": {"cell_id": "56_28", "lon": 141.25, "lat": -18.75}}, {"type": "Feature", "geometry": {"type": "Polygon", "coordinates": [[[140.0, -10.0], [140.0, -7.5], [142.5, -7.5], [142.5, -10.0], [140.0, -10.0]]]}, "properties": {"cell_id": "56_32", "lon": 141.25, "lat": -8.75}}, {"type": "Feature", "geometry": {"type": "Polygon", "coordinates": [[[140.0, -7.5], [140.0, -5.0], [142.5, -5.0], [142.5, -7.5], [140.0, -7.5]]]}, "properties": {"cell_id": "56_33", "lon": 141.25, "lat": -6.25}}, {"type": "Feature", "geometry": {"type": "Polygon", "coordinates": [[[140.0, -5.0], [140.0, -2.5], [142.5, -2.5], [142.5, -5.0], [140.0, -5.0]]]}, "properties": {"cell_id": "56_34", "lon": 141.25, "lat": -3.75}}, {"type": "Feature", "geometry": {"type": "Polygon", "coordinates": [[[140.0, 37.5], [140.0, 40.0], [142.5, 40.0], [142.5, 37.5], [140.0, 37.5]]]}, "properties": {"cell_id": "56_51", "lon": 141.25, "lat": 38.75}}, {"type": "Feature", "geometry": {"type": "Polygon", "coordinates": [[[140.0, 40.0], [140.0, 42.5], [142.5, 42.5], [142.5, 40.0], [140.0, 40.0]]]}, "properties": {"cell_id": "56_52", "lon": 141.25, "lat": 41.25}}, {"type": "Feature", "geometry": {"type": "Polygon", "coordinates": [[[140.0, 57.5], [140.0, 60.0], [142.5, 60.0], [142.5, 57.5], [140.0, 57.5]]]}, "properties": {"cell_id": "56_59", "lon": 141.25, "lat": 58.75}}, {"type": "Feature", "geometry": {"type": "Polygon", "coordinates": [[[140.0, 60.0], [140.0, 62.5], [142.5, 62.5], [142.5, 60.0], [140.0, 60.0]]]}, "properties": {"cell_id": "56_60", "lon": 141.25, "lat": 61.25}}, {"type": "Feature", "geometry": {"type": "Polygon", "coordinates": [[[140.0, 62.5], [140.0, 65.0], [142.5, 65.0], [142.5, 62.5], [140.0, 62.5]]]}, "properties": {"cell_id": "56_61", "lon": 141.25, "lat": 63.75}}, {"type": "Feature", "geometry": {"type": "Polygon", "coordinates": [[[140.0, 65.0], [140.0, 67.5], [142.5, 67.5], [142.5, 65.0], [140.0, 65.0]]]}, "properties": {"cell_id": "56_62", "lon": 141.25, "lat": 66.25}}, {"type": "Feature", "geometry": {"type": "Polygon", "coordinates": [[[140.0, 67.5], [140.0, 70.0], [142.5, 70.0], [142.5, 67.5], [140.0, 67.5]]]}, "properties": {"cell_id": "56_63", "lon": 141.25, "lat": 68.75}}, {"type": "Feature", "geometry": {"type": "Polygon", "coordinates": [[[140.0, 70.0], [140.0, 72.5], [142.5, 72.5], [142.5, 70.0], [140.0, 70.0]]]}, "properties": {"cell_id": "56_64", "lon": 141.25, "lat": 71.25}}, {"type": "Feature", "geometry": {"type": "Polygon", "coordinates": [[[140.0, 72.5], [140.0, 75.0], [142.5, 75.0], [142.5, 72.5], [140.0, 72.5]]]}, "properties": {"cell_id": "56_65", "lon": 141.25, "lat": 73.75}}, {"type": "Feature", "geometry": {"type": "Polygon", "coordinates": [[[142.5, -37.5], [142.5, -35.0], [145.0, -35.0], [145.0, -37.5], [142.5, -37.5]]]}, "properties": {"cell_id": "57_21", "lon": 143.75, "lat": -36.25}}, {"type": "Feature", "geometry": {"type": "Polygon", "coordinates": [[[142.5, -35.0], [142.5, -32.5], [145.0, -32.5], [145.0, -35.0], [142.5, -35.0]]]}, "properties": {"cell_id": "57_22", "lon": 143.75, "lat": -33.75}}, {"type": "Feature", "geometry": {"type": "Polygon", "coordinates": [[[142.5, -32.5], [142.5, -30.0], [145.0, -30.0], [145.0, -32.5], [142.5, -32.5]]]}, "properties": {"cell_id": "57_23", "lon": 143.75, "lat": -31.25}}, {"type": "Feature", "geometry": {"type": "Polygon", "coordinates": [[[142.5, -30.0], [142.5, -27.5], [145.0, -27.5], [145.0, -30.0], [142.5, -30.0]]]}, "properties": {"cell_id": "57_24", "lon": 143.75, "lat": -28.75}}, {"type": "Feature", "geometry": {"type": "Polygon", "coordinates": [[[142.5, -27.5], [142.5, -25.0], [145.0, -25.0], [145.0, -27.5], [142.5, -27.5]]]}, "properties": {"cell_id": "57_25", "lon": 143.75, "lat": -26.25}}, {"type": "Feature", "geometry": {"type": "Polygon", "coordinates": [[[142.5, -25.0], [142.5, -22.5], [145.0, -22.5], [145.0, -25.0], [142.5, -25.0]]]}, "properties": {"cell_id": "57_26", "lon": 143.75, "lat": -23.75}}, {"type": "Feature", "geometry": {"type": "Polygon", "coordinates": [[[142.5, -22.5], [142.5, -20.0], [145.0, -20.0], [145.0, -22.5], [142.5, -22.5]]]}, "properties": {"cell_id": "57_27", "lon": 143.75, "lat": -21.25}}, {"type": "Feature", "geometry": {"type": "Polygon", "coordinates": [[[142.5, -20.0], [142.5, -17.5], [145.0, -17.5], [145.0, -20.0], [142.5, -20.0]]]}, "properties": {"cell_id": "57_28", "lon": 143.75, "lat": -18.75}}, {"type": "Feature", "geometry": {"type": "Polygon", "coordinates": [[[142.5, -17.5], [142.5, -15.0], [145.0, -15.0], [145.0, -17.5], [142.5, -17.5]]]}, "properties": {"cell_id": "57_29", "lon": 143.75, "lat": -16.25}}, {"type": "Feature", "geometry": {"type": "Polygon", "coordinates": [[[142.5, -7.5], [142.5, -5.0], [145.0, -5.0], [145.0, -7.5], [142.5, -7.5]]]}, "properties": {"cell_id": "57_33", "lon": 143.75, "lat": -6.25}}, {"type": "Feature", "geometry": {"type": "Polygon", "coordinates": [[[142.5, -5.0], [142.5, -2.5], [145.0, -2.5], [145.0, -5.0], [142.5, -5.0]]]}, "properties": {"cell_id": "57_34", "lon": 143.75, "lat": -3.75}}, {"type": "Feature", "geometry": {"type": "Polygon", "coordinates": [[[142.5, 42.5], [142.5, 45.0], [145.0, 45.0], [145.0, 42.5], [142.5, 42.5]]]}, "properties": {"cell_id": "57_53", "lon": 143.75, "lat": 43.75}}, {"type": "Feature", "geometry": {"type": "Polygon", "coordinates": [[[142.5, 60.0], [142.5, 62.5], [145.0, 62.5], [145.0, 60.0], [142.5, 60.0]]]}, "properties": {"cell_id": "57_60", "lon": 143.75, "lat": 61.25}}, {"type": "Feature", "geometry": {"type": "Polygon", "coordinates": [[[142.5, 62.5], [142.5, 65.0], [145.0, 65.0], [145.0, 62.5], [142.5, 62.5]]]}, "properties": {"cell_id": "57_61", "lon": 143.75, "lat": 63.75}}, {"type": "Feature", "geometry": {"type": "Polygon", "coordinates": [[[142.5, 65.0], [142.5, 67.5], [145.0, 67.5], [145.0, 65.0], [142.5, 65.0]]]}, "properties": {"cell_id": "57_62", "lon": 143.75, "lat": 66.25}}, {"type": "Feature", "geometry": {"type": "Polygon", "coordinates": [[[142.5, 67.5], [142.5, 70.0], [145.0, 70.0], [145.0, 67.5], [142.5, 67.5]]]}, "properties": {"cell_id": "57_63", "lon": 143.75, "lat": 68.75}}, {"type": "Feature", "geometry": {"type": "Polygon", "coordinates": [[[142.5, 70.0], [142.5, 72.5], [145.0, 72.5], [145.0, 70.0], [142.5, 70.0]]]}, "properties": {"cell_id": "57_64", "lon": 143.75, "lat": 71.25}}, {"type": "Feature", "geometry": {"type": "Polygon", "coordinates": [[[145.0, -42.5], [145.0, -40.0], [147.5, -40.0], [147.5, -42.5], [145.0, -42.5]]]}, "properties": {"cell_id": "58_19", "lon": 146.25, "lat": -41.25}}, {"type": "Feature", "geometry": {"type": "Polygon", "coordinates": [[[145.0, -40.0], [145.0, -37.5], [147.5, -37.5], [147.5, -40.0], [145.0, -40.0]]]}, "properties": {"cell_id": "58_20", "lon": 146.25, "lat": -38.75}}, {"type": "Feature", "geometry": {"type": "Polygon", "coordinates": [[[145.0, -37.5], [145.0, -35.0], [147.5, -35.0], [147.5, -37.5], [145.0, -37.5]]]}, "properties": {"cell_id": "58_21", "lon": 146.25, "lat": -36.25}}, {"type": "Feature", "geometry": {"type": "Polygon", "coordinates": [[[145.0, -35.0], [145.0, -32.5], [147.5, -32.5], [147.5, -35.0], [145.0, -35.0]]]}, "properties": {"cell_id": "58_22", "lon": 146.25, "lat": -33.75}}, {"type": "Feature", "geometry": {"type": "Polygon", "coordinates": [[[145.0, -32.5], [145.0, -30.0], [147.5, -30.0], [147.5, -32.5], [145.0, -32.5]]]}, "properties": {"cell_id": "58_23", "lon": 146.25, "lat": -31.25}}, {"type": "Feature", "geometry": {"type": "Polygon", "coordinates": [[[145.0, -30.0], [145.0, -27.5], [147.5, -27.5], [147.5, -30.0], [145.0, -30.0]]]}, "properties": {"cell_id": "58_24", "lon": 146.25, "lat": -28.75}}, {"type": "Feature", "geometry": {"type": "Polygon", "coordinates": [[[145.0, -27.5], [145.0, -25.0], [147.5, -25.0], [147.5, -27.5], [145.0, -27.5]]]}, "properties": {"cell_id": "58_25", "lon": 146.25, "lat": -26.25}}, {"type": "Feature", "geometry": {"type": "Polygon", "coordinates": [[[145.0, -25.0], [145.0, -22.5], [147.5, -22.5], [147.5, -25.0], [145.0, -25.0]]]}, "properties": {"cell_id": "58_26", "lon": 146.25, "lat": -23.75}}, {"type": "Feature", "geometry": {"type": "Polygon", "coordinates": [[[145.0, -22.5], [145.0, -20.0], [147.5, -20.0], [147.5, -22.5], [145.0, -22.5]]]}, "properties": {"cell_id": "58_27", "lon": 146.25, "lat": -21.25}}, {"type": "Feature", "geometry": {"type": "Polygon", "coordinates": [[[145.0, -20.0], [145.0, -17.5], [147.5, -17.5], [147.5, -20.0], [145.0, -20.0]]]}, "properties": {"cell_id": "58_28", "lon": 146.25, "lat": -18.75}}, {"type": "Feature", "geometry": {"type": "Polygon", "coordinates": [[[145.0, -7.5], [145.0, -5.0], [147.5, -5.0], [147.5, -7.5], [145.0, -7.5]]]}, "properties": {"cell_id": "58_33", "lon": 146.25, "lat": -6.25}}, {"type": "Feature", "geometry": {"type": "Polygon", "coordinates": [[[145.0, 60.0], [145.0, 62.5], [147.5, 62.5], [147.5, 60.0], [145.0, 60.0]]]}, "properties": {"cell_id": "58_60", "lon": 146.25, "lat": 61.25}}, {"type": "Feature", "geometry": {"type": "Polygon", "coordinates": [[[145.0, 62.5], [145.0, 65.0], [147.5, 65.0], [147.5, 62.5], [145.0, 62.5]]]}, "properties": {"cell_id": "58_61", "lon": 146.25, "lat": 63.75}}, {"type": "Feature", "geometry": {"type": "Polygon", "coordinates": [[[145.0, 65.0], [145.0, 67.5], [147.5, 67.5], [147.5, 65.0], [145.0, 65.0]]]}, "properties": {"cell_id": "58_62", "lon": 146.25, "lat": 66.25}}, {"type": "Feature", "geometry": {"type": "Polygon", "coordinates": [[[145.0, 67.5], [145.0, 70.0], [147.5, 70.0], [147.5, 67.5], [145.0, 67.5]]]}, "properties": {"cell_id": "58_63", "lon": 146.25, "lat": 68.75}}, {"type": "Feature", "geometry": {"type": "Polygon", "coordinates": [[[145.0, 70.0], [145.0, 72.5], [147.5, 72.5], [147.5, 70.0], [145.0, 70.0]]]}, "properties": {"cell_id": "58_64", "lon": 146.25, "lat": 71.25}}, {"type": "Feature", "geometry": {"type": "Polygon", "coordinates": [[[147.5, -37.5], [147.5, -35.0], [150.0, -35.0], [150.0, -37.5], [147.5, -37.5]]]}, "properties": {"cell_id": "59_21", "lon": 148.75, "lat": -36.25}}, {"type": "Feature", "geometry": {"type": "Polygon", "coordinates": [[[147.5, -35.0], [147.5, -32.5], [150.0, -32.5], [150.0, -35.0], [147.5, -35.0]]]}, "properties": {"cell_id": "59_22", "lon": 148.75, "lat": -33.75}}, {"type": "Feature", "geometry": {"type": "Polygon", "coordinates": [[[147.5, -32.5], [147.5, -30.0], [150.0, -30.0], [150.0, -32.5], [147.5, -32.5]]]}, "properties": {"cell_id": "59_23", "lon": 148.75, "lat": -31.25}}, {"type": "Feature", "geometry": {"type": "Polygon", "coordinates": [[[147.5, -30.0], [147.5, -27.5], [150.0, -27.5], [150.0, -30.0], [147.5, -30.0]]]}, "properties": {"cell_id": "59_24", "lon": 148.75, "lat": -28.75}}, {"type": "Feature", "geometry": {"type": "Polygon", "coordinates": [[[147.5, -27.5], [147.5, -25.0], [150.0, -25.0], [150.0, -27.5], [147.5, -27.5]]]}, "properties": {"cell_id": "59_25", "lon": 148.75, "lat": -26.25}}, {"type": "Feature", "geometry": {"type": "Polygon", "coordinates": [[[147.5, -25.0], [147.5, -22.5], [150.0, -22.5], [150.0, -25.0], [147.5, -25.0]]]}, "properties": {"cell_id": "59_26", "lon": 148.75, "lat": -23.75}}, {"type": "Feature", "geometry": {"type": "Polygon", "coordinates": [[[147.5, -22.5], [147.5, -20.0], [150.0, -20.0], [150.0, -22.5], [147.5, -22.5]]]}, "properties": {"cell_id": "59_27", "lon": 148.75, "lat": -21.25}}, {"type": "Feature", "geometry": {"type": "Polygon", "coordinates": [[[147.5, 60.0], [147.5, 62.5], [150.0, 62.5], [150.0, 60.0], [147.5, 60.0]]]}, "properties": {"cell_id": "59_60", "lon": 148.75, "lat": 61.25}}, {"type": "Feature", "geometry": {"type": "Polygon", "coordinates": [[[147.5, 62.5], [147.5, 65.0], [150.0, 65.0], [150.0, 62.5], [147.5, 62.5]]]}, "properties": {"cell_id": "59_61", "lon": 148.75, "lat": 63.75}}, {"type": "Feature", "geometry": {"type": "Polygon", "coordinates": [[[147.5, 65.0], [147.5, 67.5], [150.0, 67.5], [150.0, 65.0], [147.5, 65.0]]]}, "properties": {"cell_id": "59_62", "lon": 148.75, "lat": 66.25}}, {"type": "Feature", "geometry": {"type": "Polygon", "coordinates": [[[147.5, 67.5], [147.5, 70.0], [150.0, 70.0], [150.0, 67.5], [147.5, 67.5]]]}, "properties": {"cell_id": "59_63", "lon": 148.75, "lat": 68.75}}, {"type": "Feature", "geometry": {"type": "Polygon", "coordinates": [[[147.5, 70.0], [147.5, 72.5], [150.0, 72.5], [150.0, 70.0], [147.5, 70.0]]]}, "properties": {"cell_id": "59_64", "lon": 148.75, "lat": 71.25}}, {"type": "Feature", "geometry": {"type": "Polygon", "coordinates": [[[150.0, -35.0], [150.0, -32.5], [152.5, -32.5], [152.5, -35.0], [150.0, -35.0]]]}, "properties": {"cell_id": "60_22", "lon": 151.25, "lat": -33.75}}, {"type": "Feature", "geometry": {"type": "Polygon", "coordinates": [[[150.0, -32.5], [150.0, -30.0], [152.5, -30.0], [152.5, -32.5], [150.0, -32.5]]]}, "properties": {"cell_id": "60_23", "lon": 151.25, "lat": -31.25}}, {"type": "Feature", "geometry": {"type": "Polygon", "coordinates": [[[150.0, -30.0], [150.0, -27.5], [152.5, -27.5], [152.5, -30.0], [150.0, -30.0]]]}, "properties": {"cell_id": "60_24", "lon": 151.25, "lat": -28.75}}, {"type": "Feature", "geometry": {"type": "Polygon", "coordinates": [[[150.0, -27.5], [150.0, -25.0], [152.5, -25.0], [152.5, -27.5], [150.0, -27.5]]]}, "properties": {"cell_id": "60_25", "lon": 151.25, "lat": -26.25}}, {"type": "Feature", "geometry": {"type": "Polygon", "coordinates": [[[150.0, 60.0], [150.0, 62.5], [152.5, 62.5], [152.5, 60.0], [150.0, 60.0]]]}, "properties": {"cell_id": "60_60", "lon": 151.25, "lat": 61.25}}, {"type": "Feature", "geometry": {"type": "Polygon", "coordinates": [[[150.0, 62.5], [150.0, 65.0], [152.5, 65.0], [152.5, 62.5], [150.0, 62.5]]]}, "properties": {"cell_id": "60_61", "lon": 151.25, "lat": 63.75}}, {"type": "Feature", "geometry": {"type": "Polygon", "coordinates": [[[150.0, 65.0], [150.0, 67.5], [152.5, 67.5], [152.5, 65.0], [150.0, 65.0]]]}, "properties": {"cell_id": "60_62", "lon": 151.25, "lat": 66.25}}, {"type": "Feature", "geometry": {"type": "Polygon", "coordinates": [[[150.0, 67.5], [150.0, 70.0], [152.5, 70.0], [152.5, 67.5], [150.0, 67.5]]]}, "properties": {"cell_id": "60_63", "lon": 151.25, "lat": 68.75}}, {"type": "Feature", "geometry": {"type": "Polygon", "coordinates": [[[150.0, 70.0], [150.0, 72.5], [152.5, 72.5], [152.5, 70.0], [150.0, 70.0]]]}, "properties": {"cell_id": "60_64", "lon": 151.25, "lat": 71.25}}, {"type": "Feature", "geometry": {"type": "Polygon", "coordinates": [[[152.5, 60.0], [152.5, 62.5], [155.0, 62.5], [155.0, 60.0], [152.5, 60.0]]]}, "properties": {"cell_id": "61_60", "lon": 153.75, "lat": 61.25}}, {"type": "Feature", "geometry": {"type": "Polygon", "coordinates": [[[152.5, 62.5], [152.5, 65.0], [155.0, 65.0], [155.0, 62.5], [152.5, 62.5]]]}, "properties": {"cell_id": "61_61", "lon": 153.75, "lat": 63.75}}, {"type": "Feature", "geometry": {"type": "Polygon", "coordinates": [[[152.5, 65.0], [152.5, 67.5], [155.0, 67.5], [155.0, 65.0], [152.5, 65.0]]]}, "properties": {"cell_id": "61_62", "lon": 153.75, "lat": 66.25}}, {"type": "Feature", "geometry": {"type": "Polygon", "coordinates": [[[152.5, 67.5], [152.5, 70.0], [155.0, 70.0], [155.0, 67.5], [152.5, 67.5]]]}, "properties": {"cell_id": "61_63", "lon": 153.75, "lat": 68.75}}, {"type": "Feature", "geometry": {"type": "Polygon", "coordinates": [[[155.0, 52.5], [155.0, 55.0], [157.5, 55.0], [157.5, 52.5], [155.0, 52.5]]]}, "properties": {"cell_id": "62_57", "lon": 156.25, "lat": 53.75}}, {"type": "Feature", "geometry": {"type": "Polygon", "coordinates": [[[155.0, 55.0], [155.0, 57.5], [157.5, 57.5], [157.5, 55.0], [155.0, 55.0]]]}, "properties": {"cell_id": "62_58", "lon": 156.25, "lat": 56.25}}, {"type": "Feature", "geometry": {"type": "Polygon", "coordinates": [[[155.0, 60.0], [155.0, 62.5], [157.5, 62.5], [157.5, 60.0], [155.0, 60.0]]]}, "properties": {"cell_id": "62_60", "lon": 156.25, "lat": 61.25}}, {"type": "Feature", "geometry": {"type": "Polygon", "coordinates": [[[155.0, 62.5], [155.0, 65.0], [157.5, 65.0], [157.5, 62.5], [155.0, 62.5]]]}, "properties": {"cell_id": "62_61", "lon": 156.25, "lat": 63.75}}, {"type": "Feature", "geometry": {"type": "Polygon", "coordinates": [[[155.0, 65.0], [155.0, 67.5], [157.5, 67.5], [157.5, 65.0], [155.0, 65.0]]]}, "properties": {"cell_id": "62_62", "lon": 156.25, "lat": 66.25}}, {"type": "Feature", "geometry": {"type": "Polygon", "coordinates": [[[155.0, 67.5], [155.0, 70.0], [157.5, 70.0], [157.5, 67.5], [155.0, 67.5]]]}, "properties": {"cell_id": "62_63", "lon": 156.25, "lat": 68.75}}, {"type": "Feature", "geometry": {"type": "Polygon", "coordinates": [[[157.5, 52.5], [157.5, 55.0], [160.0, 55.0], [160.0, 52.5], [157.5, 52.5]]]}, "properties": {"cell_id": "63_57", "lon": 158.75, "lat": 53.75}}, {"type": "Feature", "geometry": {"type": "Polygon", "coordinates": [[[157.5, 55.0], [157.5, 57.5], [160.0, 57.5], [160.0, 55.0], [157.5, 55.0]]]}, "properties": {"cell_id": "63_58", "lon": 158.75, "lat": 56.25}}, {"type": "Feature", "geometry": {"type": "Polygon", "coordinates": [[[157.5, 62.5], [157.5, 65.0], [160.0, 65.0], [160.0, 62.5], [157.5, 62.5]]]}, "properties": {"cell_id": "63_61", "lon": 158.75, "lat": 63.75}}, {"type": "Feature", "geometry": {"type": "Polygon", "coordinates": [[[157.5, 65.0], [157.5, 67.5], [160.0, 67.5], [160.0, 65.0], [157.5, 65.0]]]}, "properties": {"cell_id": "63_62", "lon": 158.75, "lat": 66.25}}, {"type": "Feature", "geometry": {"type": "Polygon", "coordinates": [[[157.5, 67.5], [157.5, 70.0], [160.0, 70.0], [160.0, 67.5], [157.5, 67.5]]]}, "properties": {"cell_id": "63_63", "lon": 158.75, "lat": 68.75}}, {"type": "Feature", "geometry": {"type": "Polygon", "coordinates": [[[160.0, 55.0], [160.0, 57.5], [162.5, 57.5], [162.5, 55.0], [160.0, 55.0]]]}, "properties": {"cell_id": "64_58", "lon": 161.25, "lat": 56.25}}, {"type": "Feature", "geometry": {"type": "Polygon", "coordinates": [[[160.0, 57.5], [160.0, 60.0], [162.5, 60.0], [162.5, 57.5], [160.0, 57.5]]]}, "properties": {"cell_id": "64_59", "lon": 161.25, "lat": 58.75}}, {"type": "Feature", "geometry": {"type": "Polygon", "coordinates": [[[160.0, 60.0], [160.0, 62.5], [162.5, 62.5], [162.5, 60.0], [160.0, 60.0]]]}, "properties": {"cell_id": "64_60", "lon": 161.25, "lat": 61.25}}, {"type": "Feature", "geometry": {"type": "Polygon", "coordinates": [[[160.0, 62.5], [160.0, 65.0], [162.5, 65.0], [162.5, 62.5], [160.0, 62.5]]]}, "properties": {"cell_id": "64_61", "lon": 161.25, "lat": 63.75}}, {"type": "Feature", "geometry": {"type": "Polygon", "coordinates": [[[160.0, 65.0], [160.0, 67.5], [162.5, 67.5], [162.5, 65.0], [160.0, 65.0]]]}, "properties": {"cell_id": "64_62", "lon": 161.25, "lat": 66.25}}, {"type": "Feature", "geometry": {"type": "Polygon", "coordinates": [[[160.0, 67.5], [160.0, 70.0], [162.5, 70.0], [162.5, 67.5], [160.0, 67.5]]]}, "properties": {"cell_id": "64_63", "lon": 161.25, "lat": 68.75}}, {"type": "Feature", "geometry": {"type": "Polygon", "coordinates": [[[162.5, 60.0], [162.5, 62.5], [165.0, 62.5], [165.0, 60.0], [162.5, 60.0]]]}, "properties": {"cell_id": "65_60", "lon": 163.75, "lat": 61.25}}, {"type": "Feature", "geometry": {"type": "Polygon", "coordinates": [[[162.5, 62.5], [162.5, 65.0], [165.0, 65.0], [165.0, 62.5], [162.5, 62.5]]]}, "properties": {"cell_id": "65_61", "lon": 163.75, "lat": 63.75}}, {"type": "Feature", "geometry": {"type": "Polygon", "coordinates": [[[162.5, 65.0], [162.5, 67.5], [165.0, 67.5], [165.0, 65.0], [162.5, 65.0]]]}, "properties": {"cell_id": "65_62", "lon": 163.75, "lat": 66.25}}, {"type": "Feature", "geometry": {"type": "Polygon", "coordinates": [[[162.5, 67.5], [162.5, 70.0], [165.0, 70.0], [165.0, 67.5], [162.5, 67.5]]]}, "properties": {"cell_id": "65_63", "lon": 163.75, "lat": 68.75}}, {"type": "Feature", "geometry": {"type": "Polygon", "coordinates": [[[165.0, 60.0], [165.0, 62.5], [167.5, 62.5], [167.5, 60.0], [165.0, 60.0]]]}, "properties": {"cell_id": "66_60", "lon": 166.25, "lat": 61.25}}, {"type": "Feature", "geometry": {"type": "Polygon", "coordinates": [[[165.0, 62.5], [165.0, 65.0], [167.5, 65.0], [167.5, 62.5], [165.0, 62.5]]]}, "properties": {"cell_id": "66_61", "lon": 166.25, "lat": 63.75}}, {"type": "Feature", "geometry": {"type": "Polygon", "coordinates": [[[165.0, 65.0], [165.0, 67.5], [167.5, 67.5], [167.5, 65.0], [165.0, 65.0]]]}, "properties": {"cell_id": "66_62", "lon": 166.25, "lat": 66.25}}, {"type": "Feature", "geometry": {"type": "Polygon", "coordinates": [[[165.0, 67.5], [165.0, 70.0], [167.5, 70.0], [167.5, 67.5], [165.0, 67.5]]]}, "properties": {"cell_id": "66_63", "lon": 166.25, "lat": 68.75}}, {"type": "Feature", "geometry": {"type": "Polygon", "coordinates": [[[167.5, -47.5], [167.5, -45.0], [170.0, -45.0], [170.0, -47.5], [167.5, -47.5]]]}, "properties": {"cell_id": "67_17", "lon": 168.75, "lat": -46.25}}, {"type": "Feature", "geometry": {"type": "Polygon", "coordinates": [[[167.5, 60.0], [167.5, 62.5], [170.0, 62.5], [170.0, 60.0], [167.5, 60.0]]]}, "properties": {"cell_id": "67_60", "lon": 168.75, "lat": 61.25}}, {"type": "Feature", "geometry": {"type": "Polygon", "coordinates": [[[167.5, 62.5], [167.5, 65.0], [170.0, 65.0], [170.0, 62.5], [167.5, 62.5]]]}, "properties": {"cell_id": "67_61", "lon": 168.75, "lat": 63.75}}, {"type": "Feature", "geometry": {"type": "Polygon", "coordinates": [[[167.5, 65.0], [167.5, 67.5], [170.0, 67.5], [170.0, 65.0], [167.5, 65.0]]]}, "properties": {"cell_id": "67_62", "lon": 168.75, "lat": 66.25}}, {"type": "Feature", "geometry": {"type": "Polygon", "coordinates": [[[167.5, 67.5], [167.5, 70.0], [170.0, 70.0], [170.0, 67.5], [167.5, 67.5]]]}, "properties": {"cell_id": "67_63", "lon": 168.75, "lat": 68.75}}, {"type": "Feature", "geometry": {"type": "Polygon", "coordinates": [[[170.0, -45.0], [170.0, -42.5], [172.5, -42.5], [172.5, -45.0], [170.0, -45.0]]]}, "properties": {"cell_id": "68_18", "lon": 171.25, "lat": -43.75}}, {"type": "Feature", "geometry": {"type": "Polygon", "coordinates": [[[170.0, 60.0], [170.0, 62.5], [172.5, 62.5], [172.5, 60.0], [170.0, 60.0]]]}, "properties": {"cell_id": "68_60", "lon": 171.25, "lat": 61.25}}, {"type": "Feature", "geometry": {"type": "Polygon", "coordinates": [[[170.0, 62.5], [170.0, 65.0], [172.5, 65.0], [172.5, 62.5], [170.0, 62.5]]]}, "properties": {"cell_id": "68_61", "lon": 171.25, "lat": 63.75}}, {"type": "Feature", "geometry": {"type": "Polygon", "coordinates": [[[170.0, 65.0], [170.0, 67.5], [172.5, 67.5], [172.5, 65.0], [170.0, 65.0]]]}, "properties": {"cell_id": "68_62", "lon": 171.25, "lat": 66.25}}, {"type": "Feature", "geometry": {"type": "Polygon", "coordinates": [[[170.0, 67.5], [170.0, 70.0], [172.5, 70.0], [172.5, 67.5], [170.0, 67.5]]]}, "properties": {"cell_id": "68_63", "lon": 171.25, "lat": 68.75}}, {"type": "Feature", "geometry": {"type": "Polygon", "coordinates": [[[172.5, -42.5], [172.5, -40.0], [175.0, -40.0], [175.0, -42.5], [172.5, -42.5]]]}, "properties": {"cell_id": "69_19", "lon": 173.75, "lat": -41.25}}, {"type": "Feature", "geometry": {"type": "Polygon", "coordinates": [[[172.5, 62.5], [172.5, 65.0], [175.0, 65.0], [175.0, 62.5], [172.5, 62.5]]]}, "properties": {"cell_id": "69_61", "lon": 173.75, "lat": 63.75}}, {"type": "Feature", "geometry": {"type": "Polygon", "coordinates": [[[172.5, 65.0], [172.5, 67.5], [175.0, 67.5], [175.0, 65.0], [172.5, 65.0]]]}, "properties": {"cell_id": "69_62", "lon": 173.75, "lat": 66.25}}, {"type": "Feature", "geometry": {"type": "Polygon", "coordinates": [[[172.5, 67.5], [172.5, 70.0], [175.0, 70.0], [175.0, 67.5], [172.5, 67.5]]]}, "properties": {"cell_id": "69_63", "lon": 173.75, "lat": 68.75}}, {"type": "Feature", "geometry": {"type": "Polygon", "coordinates": [[[175.0, -40.0], [175.0, -37.5], [177.5, -37.5], [177.5, -40.0], [175.0, -40.0]]]}, "properties": {"cell_id": "70_20", "lon": 176.25, "lat": -38.75}}, {"type": "Feature", "geometry": {"type": "Polygon", "coordinates": [[[175.0, 62.5], [175.0, 65.0], [177.5, 65.0], [177.5, 62.5], [175.0, 62.5]]]}, "properties": {"cell_id": "70_61", "lon": 176.25, "lat": 63.75}}, {"type": "Feature", "geometry": {"type": "Polygon", "coordinates": [[[175.0, 65.0], [175.0, 67.5], [177.5, 67.5], [177.5, 65.0], [175.0, 65.0]]]}, "properties": {"cell_id": "70_62", "lon": 176.25, "lat": 66.25}}, {"type": "Feature", "geometry": {"type": "Polygon", "coordinates": [[[175.0, 67.5], [175.0, 70.0], [177.5, 70.0], [177.5, 67.5], [175.0, 67.5]]]}, "properties": {"cell_id": "70_63", "lon": 176.25, "lat": 68.75}}, {"type": "Feature", "geometry": {"type": "Polygon", "coordinates": [[[177.5, 65.0], [177.5, 67.5], [180.0, 67.5], [180.0, 65.0], [177.5, 65.0]]]}, "properties": {"cell_id": "71_62", "lon": 178.75, "lat": 66.25}}, {"type": "Feature", "geometry": {"type": "Polygon", "coordinates": [[[177.5, 67.5], [177.5, 70.0], [180.0, 70.0], [180.0, 67.5], [177.5, 67.5]]]}, "properties": {"cell_id": "71_63", "lon": 178.75, "lat": 68.75}}, {"type": "Feature", "geometry": {"type": "Polygon", "coordinates": [[[-180.0, 65.0], [-180.0, 67.5], [-177.5, 67.5], [-177.5, 65.0], [-180.0, 65.0]]]}, "properties": {"cell_id": "72_62", "lon": -178.75, "lat": 66.25}}, {"type": "Feature", "geometry": {"type": "Polygon", "coordinates": [[[-180.0, 70.0], [-180.0, 72.5], [-177.5, 72.5], [-177.5, 70.0], [-180.0, 70.0]]]}, "properties": {"cell_id": "72_64", "lon": -178.75, "lat": 71.25}}, {"type": "Feature", "geometry": {"type": "Polygon", "coordinates": [[[-177.5, 65.0], [-177.5, 67.5], [-175.0, 67.5], [-175.0, 65.0], [-177.5, 65.0]]]}, "properties": {"cell_id": "73_62", "lon": -176.25, "lat": 66.25}}, {"type": "Feature", "geometry": {"type": "Polygon", "coordinates": [[[-175.0, 65.0], [-175.0, 67.5], [-172.5, 67.5], [-172.5, 65.0], [-175.0, 65.0]]]}, "properties": {"cell_id": "74_62", "lon": -173.75, "lat": 66.25}}, {"type": "Feature", "geometry": {"type": "Polygon", "coordinates": [[[-172.5, 65.0], [-172.5, 67.5], [-170.0, 67.5], [-170.0, 65.0], [-172.5, 65.0]]]}, "properties": {"cell_id": "75_62", "lon": -171.25, "lat": 66.25}}, {"type": "Feature", "geometry": {"type": "Polygon", "coordinates": [[[-167.5, 67.5], [-167.5, 70.0], [-165.0, 70.0], [-165.0, 67.5], [-167.5, 67.5]]]}, "properties": {"cell_id": "77_63", "lon": -166.25, "lat": 68.75}}, {"type": "Feature", "geometry": {"type": "Polygon", "coordinates": [[[-165.0, 60.0], [-165.0, 62.5], [-162.5, 62.5], [-162.5, 60.0], [-165.0, 60.0]]]}, "properties": {"cell_id": "78_60", "lon": -163.75, "lat": 61.25}}, {"type": "Feature", "geometry": {"type": "Polygon", "coordinates": [[[-165.0, 65.0], [-165.0, 67.5], [-162.5, 67.5], [-162.5, 65.0], [-165.0, 65.0]]]}, "properties": {"cell_id": "78_62", "lon": -163.75, "lat": 66.25}}, {"type": "Feature", "geometry": {"type": "Polygon", "coordinates": [[[-165.0, 67.5], [-165.0, 70.0], [-162.5, 70.0], [-162.5, 67.5], [-165.0, 67.5]]]}, "properties": {"cell_id": "78_63", "lon": -163.75, "lat": 68.75}}, {"type": "Feature", "geometry": {"type": "Polygon", "coordinates": [[[-162.5, 57.5], [-162.5, 60.0], [-160.0, 60.0], [-160.0, 57.5], [-162.5, 57.5]]]}, "properties": {"cell_id": "79_59", "lon": -161.25, "lat": 58.75}}, {"type": "Feature", "geometry": {"type": "Polygon", "coordinates": [[[-162.5, 60.0], [-162.5, 62.5], [-160.0, 62.5], [-160.0, 60.0], [-162.5, 60.0]]]}, "properties": {"cell_id": "79_60", "lon": -161.25, "lat": 61.25}}, {"type": "Feature", "geometry": {"type": "Polygon", "coordinates": [[[-162.5, 65.0], [-162.5, 67.5], [-160.0, 67.5], [-160.0, 65.0], [-162.5, 65.0]]]}, "properties": {"cell_id": "79_62", "lon": -161.25, "lat": 66.25}}, {"type": "Feature", "geometry": {"type": "Polygon", "coordinates": [[[-162.5, 67.5], [-162.5, 70.0], [-160.0, 70.0], [-160.0, 67.5], [-162.5, 67.5]]]}, "properties": {"cell_id": "79_63", "lon": -161.25, "lat": 68.75}}, {"type": "Feature", "geometry": {"type": "Polygon", "coordinates": [[[-160.0, 55.0], [-160.0, 57.5], [-157.5, 57.5], [-157.5, 55.0], [-160.0, 55.0]]]}, "properties": {"cell_id": "80_58", "lon": -158.75, "lat": 56.25}}, {"type": "Feature", "geometry": {"type": "Polygon", "coordinates": [[[-160.0, 57.5], [-160.0, 60.0], [-157.5, 60.0], [-157.5, 57.5], [-160.0, 57.5]]]}, "properties": {"cell_id": "80_59", "lon": -158.75, "lat": 58.75}}, {"type": "Feature", "geometry": {"type": "Polygon", "coordinates": [[[-160.0, 60.0], [-160.0, 62.5], [-157.5, 62.5], [-157.5, 60.0], [-160.0, 60.0]]]}, "properties": {"cell_id": "80_60", "lon": -158.75, "lat": 61.25}}, {"type": "Feature", "geometry": {"type": "Polygon", "coordinates": [[[-160.0, 62.5], [-160.0, 65.0], [-157.5, 65.0], [-157.5, 62.5], [-160.0, 62.5]]]}, "properties": {"cell_id": "80_61", "lon": -158.75, "lat": 63.75}}, {"type": "Feature", "geometry": {"type": "Polygon", "coordinates": [[[-160.0, 65.0], [-160.0, 67.5], [-157.5, 67.5], [-157.5, 65.0], [-160.0, 65.0]]]}, "properties": {"cell_id": "80_62", "lon": -158.75, "lat": 66.25}}, {"type": "Feature", "geometry": {"type": "Polygon", "coordinates": [[[-160.0, 67.5], [-160.0, 70.0], [-157.5, 70.0], [-157.5, 67.5], [-160.0, 67.5]]]}, "properties": {"cell_id": "80_63", "lon": -158.75, "lat": 68.75}}, {"type": "Feature", "geometry": {"type": "Polygon", "coordinates": [[[-157.5, 57.5], [-157.5, 60.0], [-155.0, 60.0], [-155.0, 57.5], [-157.5, 57.5]]]}, "properties": {"cell_id": "81_59", "lon": -156.25, "lat": 58.75}}, {"type": "Feature", "geometry": {"type": "Polygon", "coordinates": [[[-157.5, 60.0], [-157.5, 62.5], [-155.0, 62.5], [-155.0, 60.0], [-157.5, 60.0]]]}, "properties": {"cell_id": "81_60", "lon": -156.25, "lat": 61.25}}, {"type": "Feature", "geometry": {"type": "Polygon", "coordinates": [[[-157.5, 62.5], [-157.5, 65.0], [-155.0, 65.0], [-155.0, 62.5], [-157.5, 62.5]]]}, "properties": {"cell_id": "81_61", "lon": -156.25, "lat": 63.75}}, {"type": "Feature", "geometry": {"type": "Polygon", "coordinates": [[[-157.5, 65.0], [-157.5, 67.5], [-155.0, 67.5], [-155.0, 65.0], [-157.5, 65.0]]]}, "properties": {"cell_id": "81_62", "lon": -156.25, "lat": 66.25}}, {"type": "Feature", "geometry": {"type": "Polygon", "coordinates": [[[-157.5, 67.5], [-157.5, 70.0], [-155.0, 70.0], [-155.0, 67.5], [-157.5, 67.5]]]}, "properties": {"cell_id": "81_63", "lon": -156.25, "lat": 68.75}}, {"type": "Feature", "geometry": {"type": "Polygon", "coordinates": [[[-157.5, 70.0], [-157.5, 72.5], [-155.0, 72.5], [-155.0, 70.0], [-157.5, 70.0]]]}, "properties": {"cell_id": "81_64", "lon": -156.25, "lat": 71.25}}, {"type": "Feature", "geometry": {"type": "Polygon", "coordinates": [[[-155.0, 57.5], [-155.0, 60.0], [-152.5, 60.0], [-152.5, 57.5], [-155.0, 57.5]]]}, "properties": {"cell_id": "82_59", "lon": -153.75, "lat": 58.75}}, {"type": "Feature", "geometry": {"type": "Polygon", "coordinates": [[[-155.0, 60.0], [-155.0, 62.5], [-152.5, 62.5], [-152.5, 60.0], [-155.0, 60.0]]]}, "properties": {"cell_id": "82_60", "lon": -153.75, "lat": 61.25}}, {"type": "Feature", "geometry": {"type": "Polygon", "coordinates": [[[-155.0, 62.5], [-155.0, 65.0], [-152.5, 65.0], [-152.5, 62.5], [-155.0, 62.5]]]}, "properties": {"cell_id": "82_61", "lon": -153.75, "lat": 63.75}}, {"type": "Feature", "geometry": {"type": "Polygon", "coordinates": [[[-155.0, 65.0], [-155.0, 67.5], [-152.5, 67.5], [-152.5, 65.0], [-155.0, 65.0]]]}, "properties": {"cell_id": "82_62", "lon": -153.75, "lat": 66.25}}, {"type": "Feature", "geometry": {"type": "Polygon", "coordinates": [[[-155.0, 67.5], [-155.0, 70.0], [-152.5, 70.0], [-152.5, 67.5], [-155.0, 67.5]]]}, "properties": {"cell_id": "82_63", "lon": -153.75, "lat": 68.75}}, {"type": "Feature", "geometry": {"type": "Polygon", "coordinates": [[[-152.5, 60.0], [-152.5, 62.5], [-150.0, 62.5], [-150.0, 60.0], [-152.5, 60.0]]]}, "properties": {"cell_id": "83_60", "lon": -151.25, "lat": 61.25}}, {"type": "Feature", "geometry": {"type": "Polygon", "coordinates": [[[-152.5, 62.5], [-152.5, 65.0], [-150.0, 65.0], [-150.0, 62.5], [-152.5, 62.5]]]}, "properties": {"cell_id": "83_61", "lon": -151.25, "lat": 63.75}}, {"type": "Feature", "geometry": {"type": "Polygon", "coordinates": [[[-152.5, 65.0], [-152.5, 67.5], [-150.0, 67.5], [-150.0, 65.0], [-152.5, 65.0]]]}, "properties": {"cell_id": "83_62", "lon": -151.25, "lat": 66.25}}, {"type": "Feature", "geometry": {"type": "Polygon", "coordinates": [[[-152.5, 67.5], [-152.5, 70.0], [-150.0, 70.0], [-150.0, 67.5], [-152.5, 67.5]]]}, "properties": {"cell_id": "83_63", "lon": -151.25, "lat": 68.75}}, {"type": "Feature", "geometry": {"type": "Polygon", "coordinates": [[[-150.0, 60.0], [-150.0, 62.5], [-147.5, 62.5], [-147.5, 60.0], [-150.0, 60.0]]]}, "properties": {"cell_id": "84_60", "lon": -148.75, "lat": 61.25}}, {"type": "Feature", "geometry": {"type": "Polygon", "coordinates": [[[-150.0, 62.5], [-150.0, 65.0], [-147.5, 65.0], [-147.5, 62.5], [-150.0, 62.5]]]}, "properties": {"cell_id": "84_61", "lon": -148.75, "lat": 63.75}}, {"type": "Feature", "geometry": {"type": "Polygon", "coordinates": [[[-150.0, 65.0], [-150.0, 67.5], [-147.5, 67.5], [-147.5, 65.0], [-150.0, 65.0]]]}, "properties": {"cell_id": "84_62", "lon": -148.75, "lat": 66.25}}, {"type": "Feature", "geometry": {"type": "Polygon", "coordinates": [[[-150.0, 67.5], [-150.0, 70.0], [-147.5, 70.0], [-147.5, 67.5], [-150.0, 67.5]]]}, "properties": {"cell_id": "84_63", "lon": -148.75, "lat": 68.75}}, {"type": "Feature", "geometry": {"type": "Polygon", "coordinates": [[[-147.5, 60.0], [-147.5, 62.5], [-145.0, 62.5], [-145.0, 60.0], [-147.5, 60.0]]]}, "properties": {"cell_id": "85_60", "lon": -146.25, "lat": 61.25}}, {"type": "Feature", "geometry": {"type": "Polygon", "coordinates": [[[-147.5, 62.5], [-147.5, 65.0], [-145.0, 65.0], [-145.0, 62.5], [-147.5, 62.5]]]}, "properties": {"cell_id": "85_61", "lon": -146.25, "lat": 63.75}}, {"type": "Feature", "geometry": {"type": "Polygon", "coordinates": [[[-147.5, 65.0], [-147.5, 67.5], [-145.0, 67.5], [-145.0, 65.0], [-147.5, 65.0]]]}, "properties": {"cell_id": "85_62", "lon": -146.25, "lat": 66.25}}, {"type": "Feature", "geometry": {"type": "Polygon", "coordinates": [[[-147.5, 67.5], [-147.5, 70.0], [-145.0, 70.0], [-145.0, 67.5], [-147.5, 67.5]]]}, "properties": {"cell_id": "85_63", "lon": -146.25, "lat": 68.75}}, {"type": "Feature", "geometry": {"type": "Polygon", "coordinates": [[[-145.0, 60.0], [-145.0, 62.5], [-142.5, 62.5], [-142.5, 60.0], [-145.0, 60.0]]]}, "properties": {"cell_id": "86_60", "lon": -143.75, "lat": 61.25}}, {"type": "Feature", "geometry": {"type": "Polygon", "coordinates": [[[-145.0, 62.5], [-145.0, 65.0], [-142.5, 65.0], [-142.5, 62.5], [-145.0, 62.5]]]}, "properties": {"cell_id": "86_61", "lon": -143.75, "lat": 63.75}}, {"type": "Feature", "geometry": {"type": "Polygon", "coordinates": [[[-145.0, 65.0], [-145.0, 67.5], [-142.5, 67.5], [-142.5, 65.0], [-145.0, 65.0]]]}, "properties": {"cell_id": "86_62", "lon": -143.75, "lat": 66.25}}, {"type": "Feature", "geometry": {"type": "Polygon", "coordinates": [[[-145.0, 67.5], [-145.0, 70.0], [-142.5, 70.0], [-142.5, 67.5], [-145.0, 67.5]]]}, "properties": {"cell_id": "86_63", "lon": -143.75, "lat": 68.75}}, {"type": "Feature", "geometry": {"type": "Polygon", "coordinates": [[[-142.5, 60.0], [-142.5, 62.5], [-140.0, 62.5], [-140.0, 60.0], [-142.5, 60.0]]]}, "properties": {"cell_id": "87_60", "lon": -141.25, "lat": 61.25}}, {"type": "Feature", "geometry": {"type": "Polygon", "coordinates": [[[-142.5, 62.5], [-142.5, 65.0], [-140.0, 65.0], [-140.0, 62.5], [-142.5, 62.5]]]}, "properties": {"cell_id": "87_61", "lon": -141.25, "lat": 63.75}}, {"type": "Feature", "geometry": {"type": "Polygon", "coordinates": [[[-142.5, 65.0], [-142.5, 67.5], [-140.0, 67.5], [-140.0, 65.0], [-142.5, 65.0]]]}, "properties": {"cell_id": "87_62", "lon": -141.25, "lat": 66.25}}, {"type": "Feature", "geometry": {"type": "Polygon", "coordinates": [[[-142.5, 67.5], [-142.5, 70.0], [-140.0, 70.0], [-140.0, 67.5], [-142.5, 67.5]]]}, "properties": {"cell_id": "87_63", "lon": -141.25, "lat": 68.75}}, {"type": "Feature", "geometry": {"type": "Polygon", "coordinates": [[[-140.0, 60.0], [-140.0, 62.5], [-137.5, 62.5], [-137.5, 60.0], [-140.0, 60.0]]]}, "properties": {"cell_id": "88_60", "lon": -138.75, "lat": 61.25}}, {"type": "Feature", "geometry": {"type": "Polygon", "coordinates": [[[-140.0, 62.5], [-140.0, 65.0], [-137.5, 65.0], [-137.5, 62.5], [-140.0, 62.5]]]}, "properties": {"cell_id": "88_61", "lon": -138.75, "lat": 63.75}}, {"type": "Feature", "geometry": {"type": "Polygon", "coordinates": [[[-140.0, 65.0], [-140.0, 67.5], [-137.5, 67.5], [-137.5, 65.0], [-140.0, 65.0]]]}, "properties": {"cell_id": "88_62", "lon": -138.75, "lat": 66.25}}, {"type": "Feature", "geometry": {"type": "Polygon", "coordinates": [[[-140.0, 67.5], [-140.0, 70.0], [-137.5, 70.0], [-137.5, 67.5], [-140.0, 67.5]]]}, "properties": {"cell_id": "88_63", "lon": -138.75, "lat": 68.75}}, {"type": "Feature", "geometry": {"type": "Polygon", "coordinates": [[[-137.5, 57.5], [-137.5, 60.0], [-135.0, 60.0], [-135.0, 57.5], [-137.5, 57.5]]]}, "properties": {"cell_id": "89_59", "lon": -136.25, "lat": 58.75}}, {"type": "Feature", "geometry": {"type": "Polygon", "coordinates": [[[-137.5, 60.0], [-137.5, 62.5], [-135.0, 62.5], [-135.0, 60.0], [-137.5, 60.0]]]}, "properties": {"cell_id": "89_60", "lon": -136.25, "lat": 61.25}}, {"type": "Feature", "geometry": {"type": "Polygon", "coordinates": [[[-137.5, 62.5], [-137.5, 65.0], [-135.0, 65.0], [-135.0, 62.5], [-137.5, 62.5]]]}, "properties": {"cell_id": "89_61", "lon": -136.25, "lat": 63.75}}, {"type": "Feature", "geometry": {"type": "Polygon", "coordinates": [[[-137.5, 65.0], [-137.5, 67.5], [-135.0, 67.5], [-135.0, 65.0], [-137.5, 65.0]]]}, "properties": {"cell_id": "89_62", "lon": -136.25, "lat": 66.25}}, {"type": "Feature", "geometry": {"type": "Polygon", "coordinates": [[[-137.5, 67.5], [-137.5, 70.0], [-135.0, 70.0], [-135.0, 67.5], [-137.5, 67.5]]]}, "properties": {"cell_id": "89_63", "lon": -136.25, "lat": 68.75}}, {"type": "Feature", "geometry": {"type": "Polygon", "coordinates": [[[-135.0, 57.5], [-135.0, 60.0], [-132.5, 60.0], [-132.5, 57.5], [-135.0, 57.5]]]}, "properties": {"cell_id": "90_59", "lon": -133.75, "lat": 58.75}}, {"type": "Feature", "geometry": {"type": "Polygon", "coordinates": [[[-135.0, 60.0], [-135.0, 62.5], [-132.5, 62.5], [-132.5, 60.0], [-135.0, 60.0]]]}, "properties": {"cell_id": "90_60", "lon": -133.75, "lat": 61.25}}, {"type": "Feature", "geometry": {"type": "Polygon", "coordinates": [[[-135.0, 62.5], [-135.0, 65.0], [-132.5, 65.0], [-132.5, 62.5], [-135.0, 62.5]]]}, "properties": {"cell_id": "90_61", "lon": -133.75, "lat": 63.75}}, {"type": "Feature", "geometry": {"type": "Polygon", "coordinates": [[[-135.0, 65.0], [-135.0, 67.5], [-132.5, 67.5], [-132.5, 65.0], [-135.0, 65.0]]]}, "properties": {"cell_id": "90_62", "lon": -133.75, "lat": 66.25}}, {"type": "Feature", "geometry": {"type": "Polygon", "coordinates": [[[-135.0, 67.5], [-135.0, 70.0], [-132.5, 70.0], [-132.5, 67.5], [-135.0, 67.5]]]}, "properties": {"cell_id": "90_63", "lon": -133.75, "lat": 68.75}}, {"type": "Feature", "geometry": {"type": "Polygon", "coordinates": [[[-132.5, 55.0], [-132.5, 57.5], [-130.0, 57.5], [-130.0, 55.0], [-132.5, 55.0]]]}, "properties": {"cell_id": "91_58", "lon": -131.25, "lat": 56.25}}, {"type": "Feature", "geometry": {"type": "Polygon", "coordinates": [[[-132.5, 57.5], [-132.5, 60.0], [-130.0, 60.0], [-130.0, 57.5], [-132.5, 57.5]]]}, "properties": {"cell_id": "91_59", "lon": -131.25, "lat": 58.75}}, {"type": "Feature", "geometry": {"type": "Polygon", "coordinates": [[[-132.5, 60.0], [-132.5, 62.5], [-130.0, 62.5], [-130.0, 60.0], [-132.5, 60.0]]]}, "properties": {"cell_id": "91_60", "lon": -131.25, "lat": 61.25}}, {"type": "Feature", "geometry": {"type": "Polygon", "coordinates": [[[-132.5, 62.5], [-132.5, 65.0], [-130.0, 65.0], [-130.0, 62.5], [-132.5, 62.5]]]}, "properties": {"cell_id": "91_61", "lon": -131.25, "lat": 63.75}}, {"type": "Feature", "geometry": {"type": "Polygon", "coordinates": [[[-132.5, 65.0], [-132.5, 67.5], [-130.0, 67.5], [-130.0, 65.0], [-132.5, 65.0]]]}, "properties": {"cell_id": "91_62", "lon": -131.25, "lat": 66.25}}, {"type": "Feature", "geometry": {"type": "Polygon", "coordinates": [[[-132.5, 67.5], [-132.5, 70.0], [-130.0, 70.0], [-130.0, 67.5], [-132.5, 67.5]]]}, "properties": {"cell_id": "91_63", "lon": -131.25, "lat": 68.75}}, {"type": "Feature", "geometry": {"type": "Polygon", "coordinates": [[[-130.0, 52.5], [-130.0, 55.0], [-127.5, 55.0], [-127.5, 52.5], [-130.0, 52.5]]]}, "properties": {"cell_id": "92_57", "lon": -128.75, "lat": 53.75}}, {"type": "Feature", "geometry": {"type": "Polygon", "coordinates": [[[-130.0, 55.0], [-130.0, 57.5], [-127.5, 57.5], [-127.5, 55.0], [-130.0, 55.0]]]}, "properties": {"cell_id": "92_58", "lon": -128.75, "lat": 56.25}}, {"type": "Feature", "geometry": {"type": "Polygon", "coordinates": [[[-130.0, 57.5], [-130.0, 60.0], [-127.5, 60.0], [-127.5, 57.5], [-130.0, 57.5]]]}, "properties": {"cell_id": "92_59", "lon": -128.75, "lat": 58.75}}, {"type": "Feature", "geometry": {"type": "Polygon", "coordinates": [[[-130.0, 60.0], [-130.0, 62.5], [-127.5, 62.5], [-127.5, 60.0], [-130.0, 60.0]]]}, "properties": {"cell_id": "92_60", "lon": -128.75, "lat": 61.25}}, {"type": "Feature", "geometry": {"type": "Polygon", "coordinates": [[[-130.0, 62.5], [-130.0, 65.0], [-127.5, 65.0], [-127.5, 62.5], [-130.0, 62.5]]]}, "properties": {"cell_id": "92_61", "lon": -128.75, "lat": 63.75}}, {"type": "Feature", "geometry": {"type": "Polygon", "coordinates": [[[-130.0, 65.0], [-130.0, 67.5], [-127.5, 67.5], [-127.5, 65.0], [-130.0, 65.0]]]}, "properties": {"cell_id": "92_62", "lon": -128.75, "lat": 66.25}}, {"type": "Feature", "geometry": {"type": "Polygon", "coordinates": [[[-130.0, 67.5], [-130.0, 70.0], [-127.5, 70.0], [-127.5, 67.5], [-130.0, 67.5]]]}, "properties": {"cell_id": "92_63", "lon": -128.75, "lat": 68.75}}, {"type": "Feature", "geometry": {"type": "Polygon", "coordinates": [[[-127.5, 50.0], [-127.5, 52.5], [-125.0, 52.5], [-125.0, 50.0], [-127.5, 50.0]]]}, "properties": {"cell_id": "93_56", "lon": -126.25, "lat": 51.25}}, {"type": "Feature", "geometry": {"type": "Polygon", "coordinates": [[[-127.5, 52.5], [-127.5, 55.0], [-125.0, 55.0], [-125.0, 52.5], [-127.5, 52.5]]]}, "properties": {"cell_id": "93_57", "lon": -126.25, "lat": 53.75}}, {"type": "Feature", "geometry": {"type": "Polygon", "coordinates": [[[-127.5, 55.0], [-127.5, 57.5], [-125.0, 57.5], [-125.0, 55.0], [-127.5, 55.0]]]}, "properties": {"cell_id": "93_58", "lon": -126.25, "lat": 56.25}}, {"type": "Feature", "geometry": {"type": "Polygon", "coordinates": [[[-127.5, 57.5], [-127.5, 60.0], [-125.0, 60.0], [-125.0, 57.5], [-127.5, 57.5]]]}, "properties": {"cell_id": "93_59", "lon": -126.25, "lat": 58.75}}, {"type": "Feature", "geometry": {"type": "Polygon", "coordinates": [[[-127.5, 60.0], [-127.5, 62.5], [-125.0, 62.5], [-125.0, 60.0], [-127.5, 60.0]]]}, "properties": {"cell_id": "93_60", "lon": -126.25, "lat": 61.25}}, {"type": "Feature", "geometry": {"type": "Polygon", "coordinates": [[[-127.5, 62.5], [-127.5, 65.0], [-125.0, 65.0], [-125.0, 62.5], [-127.5, 62.5]]]}, "properties": {"cell_id": "93_61", "lon": -126.25, "lat": 63.75}}, {"type": "Feature", "geometry": {"type": "Polygon", "coordinates": [[[-127.5, 65.0], [-127.5, 67.5], [-125.0, 67.5], [-125.0, 65.0], [-127.5, 65.0]]]}, "properties": {"cell_id": "93_62", "lon": -126.25, "lat": 66.25}}, {"type": "Feature", "geometry": {"type": "Polygon", "coordinates": [[[-127.5, 67.5], [-127.5, 70.0], [-125.0, 70.0], [-125.0, 67.5], [-127.5, 67.5]]]}, "properties": {"cell_id": "93_63", "lon": -126.25, "lat": 68.75}}, {"type": "Feature", "geometry": {"type": "Polygon", "coordinates": [[[-125.0, 40.0], [-125.0, 42.5], [-122.5, 42.5], [-122.5, 40.0], [-125.0, 40.0]]]}, "properties": {"cell_id": "94_52", "lon": -123.75, "lat": 41.25}}, {"type": "Feature", "geometry": {"type": "Polygon", "coordinates": [[[-125.0, 42.5], [-125.0, 45.0], [-122.5, 45.0], [-122.5, 42.5], [-125.0, 42.5]]]}, "properties": {"cell_id": "94_53", "lon": -123.75, "lat": 43.75}}, {"type": "Feature", "geometry": {"type": "Polygon", "coordinates": [[[-125.0, 45.0], [-125.0, 47.5], [-122.5, 47.5], [-122.5, 45.0], [-125.0, 45.0]]]}, "properties": {"cell_id": "94_54", "lon": -123.75, "lat": 46.25}}, {"type": "Feature", "geometry": {"type": "Polygon", "coordinates": [[[-125.0, 47.5], [-125.0, 50.0], [-122.5, 50.0], [-122.5, 47.5], [-125.0, 47.5]]]}, "properties": {"cell_id": "94_55", "lon": -123.75, "lat": 48.75}}, {"type": "Feature", "geometry": {"type": "Polygon", "coordinates": [[[-125.0, 50.0], [-125.0, 52.5], [-122.5, 52.5], [-122.5, 50.0], [-125.0, 50.0]]]}, "properties": {"cell_id": "94_56", "lon": -123.75, "lat": 51.25}}, {"type": "Feature", "geometry": {"type": "Polygon", "coordinates": [[[-125.0, 52.5], [-125.0, 55.0], [-122.5, 55.0], [-122.5, 52.5], [-125.0, 52.5]]]}, "properties": {"cell_id": "94_57", "lon": -123.75, "lat": 53.75}}, {"type": "Feature", "geometry": {"type": "Polygon", "coordinates": [[[-125.0, 55.0], [-125.0, 57.5], [-122.5, 57.5], [-122.5, 55.0], [-125.0, 55.0]]]}, "properties": {"cell_id": "94_58", "lon": -123.75, "lat": 56.25}}, {"type": "Feature", "geometry": {"type": "Polygon", "coordinates": [[[-125.0, 57.5], [-125.0, 60.0], [-122.5, 60.0], [-122.5, 57.5], [-125.0, 57.5]]]}, "properties": {"cell_id": "94_59", "lon": -123.75, "lat": 58.75}}, {"type": "Feature", "geometry": {"type": "Polygon", "coordinates": [[[-125.0, 60.0], [-125.0, 62.5], [-122.5, 62.5], [-122.5, 60.0], [-125.0, 60.0]]]}, "properties": {"cell_id": "94_60", "lon": -123.75, "lat": 61.25}}, {"type": "Feature", "geometry": {"type": "Polygon", "coordinates": [[[-125.0, 62.5], [-125.0, 65.0], [-122.5, 65.0], [-122.5, 62.5], [-125.0, 62.5]]]}, "properties": {"cell_id": "94_61", "lon": -123.75, "lat": 63.75}}, {"type": "Feature", "geometry": {"type": "Polygon", "coordinates": [[[-125.0, 65.0], [-125.0, 67.5], [-122.5, 67.5], [-122.5, 65.0], [-125.0, 65.0]]]}, "properties": {"cell_id": "94_62", "lon": -123.75, "lat": 66.25}}, {"type": "Feature", "geometry": {"type": "Polygon", "coordinates": [[[-125.0, 67.5], [-125.0, 70.0], [-122.5, 70.0], [-122.5, 67.5], [-125.0, 67.5]]]}, "properties": {"cell_id": "94_63", "lon": -123.75, "lat": 68.75}}, {"type": "Feature", "geometry": {"type": "Polygon", "coordinates": [[[-125.0, 72.5], [-125.0, 75.0], [-122.5, 75.0], [-122.5, 72.5], [-125.0, 72.5]]]}, "properties": {"cell_id": "94_65", "lon": -123.75, "lat": 73.75}}, {"type": "Feature", "geometry": {"type": "Polygon", "coordinates": [[[-122.5, 35.0], [-122.5, 37.5], [-120.0, 37.5], [-120.0, 35.0], [-122.5, 35.0]]]}, "properties": {"cell_id": "95_50", "lon": -121.25, "lat": 36.25}}, {"type": "Feature", "geometry": {"type": "Polygon", "coordinates": [[[-122.5, 37.5], [-122.5, 40.0], [-120.0, 40.0], [-120.0, 37.5], [-122.5, 37.5]]]}, "properties": {"cell_id": "95_51", "lon": -121.25, "lat": 38.75}}, {"type": "Feature", "geometry": {"type": "Polygon", "coordinates": [[[-122.5, 40.0], [-122.5, 42.5], [-120.0, 42.5], [-120.0, 40.0], [-122.5, 40.0]]]}, "properties": {"cell_id": "95_52", "lon": -121.25, "lat": 41.25}}, {"type": "Feature", "geometry": {"type": "Polygon", "coordinates": [[[-122.5, 42.5], [-122.5, 45.0], [-120.0, 45.0], [-120.0, 42.5], [-122.5, 42.5]]]}, "properties": {"cell_id": "95_53", "lon": -121.25, "lat": 43.75}}, {"type": "Feature", "geometry": {"type": "Polygon", "coordinates": [[[-122.5, 45.0], [-122.5, 47.5], [-120.0, 47.5], [-120.0, 45.0], [-122.5, 45.0]]]}, "properties": {"cell_id": "95_54", "lon": -121.25, "lat": 46.25}}, {"type": "Feature", "geometry": {"type": "Polygon", "coordinates": [[[-122.5, 47.5], [-122.5, 50.0], [-120.0, 50.0], [-120.0, 47.5], [-122.5, 47.5]]]}, "properties": {"cell_id": "95_55", "lon": -121.25, "lat": 48.75}}, {"type": "Feature", "geometry": {"type": "Polygon", "coordinates": [[[-122.5, 50.0], [-122.5, 52.5], [-120.0, 52.5], [-120.0, 50.0], [-122.5, 50.0]]]}, "properties": {"cell_id": "95_56", "lon": -121.25, "lat": 51.25}}, {"type": "Feature", "geometry": {"type": "Polygon", "coordinates": [[[-122.5, 52.5], [-122.5, 55.0], [-120.0, 55.0], [-120.0, 52.5], [-122.5, 52.5]]]}, "properties": {"cell_id": "95_57", "lon": -121.25, "lat": 53.75}}, {"type": "Feature", "geometry": {"type": "Polygon", "coordinates": [[[-122.5, 55.0], [-122.5, 57.5], [-120.0, 57.5], [-120.0, 55.0], [-122.5, 55.0]]]}, "properties": {"cell_id": "95_58", "lon": -121.25, "lat": 56.25}}, {"type": "Feature", "geometry": {"type": "Polygon", "coordinates": [[[-122.5, 57.5], [-122.5, 60.0], [-120.0, 60.0], [-120.0, 57.5], [-122.5, 57.5]]]}, "properties": {"cell_id": "95_59", "lon": -121.25, "lat": 58.75}}, {"type": "Feature", "geometry": {"type": "Polygon", "coordinates": [[[-122.5, 60.0], [-122.5, 62.5], [-120.0, 62.5], [-120.0, 60.0], [-122.5, 60.0]]]}, "properties": {"cell_id": "95_60", "lon": -121.25, "lat": 61.25}}, {"type": "Feature", "geometry": {"type": "Polygon", "coordinates": [[[-122.5, 62.5], [-122.5, 65.0], [-120.0, 65.0], [-120.0, 62.5], [-122.5, 62.5]]]}, "properties": {"cell_id": "95_61", "lon": -121.25, "lat": 63.75}}, {"type": "Feature", "geometry": {"type": "Polygon", "coordinates": [[[-122.5, 65.0], [-122.5, 67.5], [-120.0, 67.5], [-120.0, 65.0], [-122.5, 65.0]]]}, "properties": {"cell_id": "95_62", "lon": -121.25, "lat": 66.25}}, {"type": "Feature", "geometry": {"type": "Polygon", "coordinates": [[[-122.5, 67.5], [-122.5, 70.0], [-120.0, 70.0], [-120.0, 67.5], [-122.5, 67.5]]]}, "properties": {"cell_id": "95_63", "lon": -121.25, "lat": 68.75}}, {"type": "Feature", "geometry": {"type": "Polygon", "coordinates": [[[-122.5, 72.5], [-122.5, 75.0], [-120.0, 75.0], [-120.0, 72.5], [-122.5, 72.5]]]}, "properties": {"cell_id": "95_65", "lon": -121.25, "lat": 73.75}}, {"type": "Feature", "geometry": {"type": "Polygon", "coordinates": [[[-122.5, 75.0], [-122.5, 77.5], [-120.0, 77.5], [-120.0, 75.0], [-122.5, 75.0]]]}, "properties": {"cell_id": "95_66", "lon": -121.25, "lat": 76.25}}, {"type": "Feature", "geometry": {"type": "Polygon", "coordinates": [[[-120.0, 35.0], [-120.0, 37.5], [-117.5, 37.5], [-117.5, 35.0], [-120.0, 35.0]]]}, "properties": {"cell_id": "96_50", "lon": -118.75, "lat": 36.25}}, {"type": "Feature", "geometry": {"type": "Polygon", "coordinates": [[[-120.0, 37.5], [-120.0, 40.0], [-117.5, 40.0], [-117.5, 37.5], [-120.0, 37.5]]]}, "properties": {"cell_id": "96_51", "lon": -118.75, "lat": 38.75}}, {"type": "Feature", "geometry": {"type": "Polygon", "coordinates": [[[-120.0, 40.0], [-120.0, 42.5], [-117.5, 42.5], [-117.5, 40.0], [-120.0, 40.0]]]}, "properties": {"cell_id": "96_52", "lon": -118.75, "lat": 41.25}}, {"type": "Feature", "geometry": {"type": "Polygon", "coordinates": [[[-120.0, 42.5], [-120.0, 45.0], [-117.5, 45.0], [-117.5, 42.5], [-120.0, 42.5]]]}, "properties": {"cell_id": "96_53", "lon": -118.75, "lat": 43.75}}, {"type": "Feature", "geometry": {"type": "Polygon", "coordinates": [[[-120.0, 45.0], [-120.0, 47.5], [-117.5, 47.5], [-117.5, 45.0], [-120.0, 45.0]]]}, "properties": {"cell_id": "96_54", "lon": -118.75, "lat": 46.25}}, {"type": "Feature", "geometry": {"type": "Polygon", "coordinates": [[[-120.0, 47.5], [-120.0, 50.0], [-117.5, 50.0], [-117.5, 47.5], [-120.0, 47.5]]]}, "properties": {"cell_id": "96_55", "lon": -118.75, "lat": 48.75}}, {"type": "Feature", "geometry": {"type": "Polygon", "coordinates": [[[-120.0, 50.0], [-120.0, 52.5], [-117.5, 52.5], [-117.5, 50.0], [-120.0, 50.0]]]}, "properties": {"cell_id": "96_56", "lon": -118.75, "lat": 51.25}}, {"type": "Feature", "geometry": {"type": "Polygon", "coordinates": [[[-120.0, 52.5], [-120.0, 55.0], [-117.5, 55.0], [-117.5, 52.5], [-120.0, 52.5]]]}, "properties": {"cell_id": "96_57", "lon": -118.75, "lat": 53.75}}, {"type": "Feature", "geometry": {"type": "Polygon", "coordinates": [[[-120.0, 55.0], [-120.0, 57.5], [-117.5, 57.5], [-117.5, 55.0], [-120.0, 55.0]]]}, "properties": {"cell_id": "96_58", "lon": -118.75, "lat": 56.25}}, {"type": "Feature", "geometry": {"type": "Polygon", "coordinates": [[[-120.0, 57.5], [-120.0, 60.0], [-117.5, 60.0], [-117.5, 57.5], [-120.0, 57.5]]]}, "properties": {"cell_id": "96_59", "lon": -118.75, "lat": 58.75}}, {"type": "Feature", "geometry": {"type": "Polygon", "coordinates": [[[-120.0, 60.0], [-120.0, 62.5], [-117.5, 62.5], [-117.5, 60.0], [-120.0, 60.0]]]}, "properties": {"cell_id": "96_60", "lon": -118.75, "lat": 61.25}}, {"type": "Feature", "geometry": {"type": "Polygon", "coordinates": [[[-120.0, 62.5], [-120.0, 65.0], [-117.5, 65.0], [-117.5, 62.5], [-120.0, 62.5]]]}, "properties": {"cell_id": "96_61", "lon": -118.75, "lat": 63.75}}, {"type": "Feature", "geometry": {"type": "Polygon", "coordinates": [[[-120.0, 65.0], [-120.0, 67.5], [-117.5, 67.5], [-117.5, 65.0], [-120.0, 65.0]]]}, "properties": {"cell_id": "96_62", "lon": -118.75, "lat": 66.25}}, {"type": "Feature", "geometry": {"type": "Polygon", "coordinates": [[[-120.0, 67.5], [-120.0, 70.0], [-117.5, 70.0], [-117.5, 67.5], [-120.0, 67.5]]]}, "properties": {"cell_id": "96_63", "lon": -118.75, "lat": 68.75}}, {"type": "Feature", "geometry": {"type": "Polygon", "coordinates": [[[-120.0, 72.5], [-120.0, 75.0], [-117.5, 75.0], [-117.5, 72.5], [-120.0, 72.5]]]}, "properties": {"cell_id": "96_65", "lon": -118.75, "lat": 73.75}}, {"type": "Feature", "geometry": {"type": "Polygon", "coordinates": [[[-117.5, 30.0], [-117.5, 32.5], [-115.0, 32.5], [-115.0, 30.0], [-117.5, 30.0]]]}, "properties": {"cell_id": "97_48", "lon": -116.25, "lat": 31.25}}, {"type": "Feature", "geometry": {"type": "Polygon", "coordinates": [[[-117.5, 32.5], [-117.5, 35.0], [-115.0, 35.0], [-115.0, 32.5], [-117.5, 32.5]]]}, "properties": {"cell_id": "97_49", "lon": -116.25, "lat": 33.75}}, {"type": "Feature", "geometry": {"type": "Polygon", "coordinates": [[[-117.5, 35.0], [-117.5, 37.5], [-115.0, 37.5], [-115.0, 35.0], [-117.5, 35.0]]]}, "properties": {"cell_id": "97_50", "lon": -116.25, "lat": 36.25}}, {"type": "Feature", "geometry": {"type": "Polygon", "coordinates": [[[-117.5, 37.5], [-117.5, 40.0], [-115.0, 40.0], [-115.0, 37.5], [-117.5, 37.5]]]}, "properties": {"cell_id": "97_51", "lon": -116.25, "lat": 38.75}}, {"type": "Feature", "geometry": {"type": "Polygon", "coordinates": [[[-117.5, 40.0], [-117.5, 42.5], [-115.0, 42.5], [-115.0, 40.0], [-117.5, 40.0]]]}, "properties": {"cell_id": "97_52", "lon": -116.25, "lat": 41.25}}, {"type": "Feature", "geometry": {"type": "Polygon", "coordinates": [[[-117.5, 42.5], [-117.5, 45.0], [-115.0, 45.0], [-115.0, 42.5], [-117.5, 42.5]]]}, "properties": {"cell_id": "97_53", "lon": -116.25, "lat": 43.75}}, {"type": "Feature", "geometry": {"type": "Polygon", "coordinates": [[[-117.5, 45.0], [-117.5, 47.5], [-115.0, 47.5], [-115.0, 45.0], [-117.5, 45.0]]]}, "properties": {"cell_id": "97_54", "lon": -116.25, "lat": 46.25}}, {"type": "Feature", "geometry": {"type": "Polygon", "coordinates": [[[-117.5, 47.5], [-117.5, 50.0], [-115.0, 50.0], [-115.0, 47.5], [-117.5, 47.5]]]}, "properties": {"cell_id": "97_55", "lon": -116.25, "lat": 48.75}}, {"type": "Feature", "geometry": {"type": "Polygon", "coordinates": [[[-117.5, 50.0], [-117.5, 52.5], [-115.0, 52.5], [-115.0, 50.0], [-117.5, 50.0]]]}, "properties": {"cell_id": "97_56", "lon": -116.25, "lat": 51.25}}, {"type": "Feature", "geometry": {"type": "Polygon", "coordinates": [[[-117.5, 52.5], [-117.5, 55.0], [-115.0, 55.0], [-115.0, 52.5], [-117.5, 52.5]]]}, "properties": {"cell_id": "97_57", "lon": -116.25, "lat": 53.75}}, {"type": "Feature", "geometry": {"type": "Polygon", "coordinates": [[[-117.5, 55.0], [-117.5, 57.5], [-115.0, 57.5], [-115.0, 55.0], [-117.5, 55.0]]]}, "properties": {"cell_id": "97_58", "lon": -116.25, "lat": 56.25}}, {"type": "Feature", "geometry": {"type": "Polygon", "coordinates": [[[-117.5, 57.5], [-117.5, 60.0], [-115.0, 60.0], [-115.0, 57.5], [-117.5, 57.5]]]}, "properties": {"cell_id": "97_59", "lon": -116.25, "lat": 58.75}}, {"type": "Feature", "geometry": {"type": "Polygon", "coordinates": [[[-117.5, 60.0], [-117.5, 62.5], [-115.0, 62.5], [-115.0, 60.0], [-117.5, 60.0]]]}, "properties": {"cell_id": "97_60", "lon": -116.25, "lat": 61.25}}, {"type": "Feature", "geometry": {"type": "Polygon", "coordinates": [[[-117.5, 62.5], [-117.5, 65.0], [-115.0, 65.0], [-115.0, 62.5], [-117.5, 62.5]]]}, "properties": {"cell_id": "97_61", "lon": -116.25, "lat": 63.75}}, {"type": "Feature", "geometry": {"type": "Polygon", "coordinates": [[[-117.5, 65.0], [-117.5, 67.5], [-115.0, 67.5], [-115.0, 65.0], [-117.5, 65.0]]]}, "properties": {"cell_id": "97_62", "lon": -116.25, "lat": 66.25}}, {"type": "Feature", "geometry": {"type": "Polygon", "coordinates": [[[-117.5, 67.5], [-117.5, 70.0], [-115.0, 70.0], [-115.0, 67.5], [-117.5, 67.5]]]}, "properties": {"cell_id": "97_63", "lon": -116.25, "lat": 68.75}}, {"type": "Feature", "geometry": {"type": "Polygon", "coordinates": [[[-117.5, 70.0], [-117.5, 72.5], [-115.0, 72.5], [-115.0, 70.0], [-117.5, 70.0]]]}, "properties": {"cell_id": "97_64", "lon": -116.25, "lat": 71.25}}, {"type": "Feature", "geometry": {"type": "Polygon", "coordinates": [[[-117.5, 72.5], [-117.5, 75.0], [-115.0, 75.0], [-115.0, 72.5], [-117.5, 72.5]]]}, "properties": {"cell_id": "97_65", "lon": -116.25, "lat": 73.75}}, {"type": "Feature", "geometry": {"type": "Polygon", "coordinates": [[[-115.0, 27.5], [-115.0, 30.0], [-112.5, 30.0], [-112.5, 27.5], [-115.0, 27.5]]]}, "properties": {"cell_id": "98_47", "lon": -113.75, "lat": 28.75}}, {"type": "Feature", "geometry": {"type": "Polygon", "coordinates": [[[-115.0, 32.5], [-115.0, 35.0], [-112.5, 35.0], [-112.5, 32.5], [-115.0, 32.5]]]}, "properties": {"cell_id": "98_49", "lon": -113.75, "lat": 33.75}}, {"type": "Feature", "geometry": {"type": "Polygon", "coordinates": [[[-115.0, 35.0], [-115.0, 37.5], [-112.5, 37.5], [-112.5, 35.0], [-115.0, 35.0]]]}, "properties": {"cell_id": "98_50", "lon": -113.75, "lat": 36.25}}, {"type": "Feature", "geometry": {"type": "Polygon", "coordinates": [[[-115.0, 37.5], [-115.0, 40.0], [-112.5, 40.0], [-112.5, 37.5], [-115.0, 37.5]]]}, "properties": {"cell_id": "98_51", "lon": -113.75, "lat": 38.75}}, {"type": "Feature", "geometry": {"type": "Polygon", "coordinates": [[[-115.0, 40.0], [-115.0, 42.5], [-112.5, 42.5], [-112.5, 40.0], [-115.0, 40.0]]]}, "properties": {"cell_id": "98_52", "lon": -113.75, "lat": 41.25}}, {"type": "Feature", "geometry": {"type": "Polygon", "coordinates": [[[-115.0, 42.5], [-115.0, 45.0], [-112.5, 45.0], [-112.5, 42.5], [-115.0, 42.5]]]}, "properties": {"cell_id": "98_53", "lon": -113.75, "lat": 43.75}}, {"type": "Feature", "geometry": {"type": "Polygon", "coordinates": [[[-115.0, 45.0], [-115.0, 47.5], [-112.5, 47.5], [-112.5, 45.0], [-115.0, 45.0]]]}, "properties": {"cell_id": "98_54", "lon": -113.75, "lat": 46.25}}, {"type": "Feature", "geometry": {"type": "Polygon", "coordinates": [[[-115.0, 47.5], [-115.0, 50.0], [-112.5, 50.0], [-112.5, 47.5], [-115.0, 47.5]]]}, "properties": {"cell_id": "98_55", "lon": -113.75, "lat": 48.75}}, {"type": "Feature", "geometry": {"type": "Polygon", "coordinates": [[[-115.0, 50.0], [-115.0, 52.5], [-112.5, 52.5], [-112.5, 50.0], [-115.0, 50.0]]]}, "properties": {"cell_id": "98_56", "lon": -113.75, "lat": 51.25}}, {"type": "Feature", "geometry": {"type": "Polygon", "coordinates": [[[-115.0, 52.5], [-115.0, 55.0], [-112.5, 55.0], [-112.5, 52.5], [-115.0, 52.5]]]}, "properties": {"cell_id": "98_57", "lon": -113.75, "lat": 53.75}}, {"type": "Feature", "geometry": {"type": "Polygon", "coordinates": [[[-115.0, 55.0], [-115.0, 57.5], [-112.5, 57.5], [-112.5, 55.0], [-115.0, 55.0]]]}, "properties": {"cell_id": "98_58", "lon": -113.75, "lat": 56.25}}, {"type": "Feature", "geometry": {"type": "Polygon", "coordinates": [[[-115.0, 57.5], [-115.0, 60.0], [-112.5, 60.0], [-112.5, 57.5], [-115.0, 57.5]]]}, "properties": {"cell_id": "98_59", "lon": -113.75, "lat": 58.75}}, {"type": "Feature", "geometry": {"type": "Polygon", "coordinates": [[[-115.0, 60.0], [-115.0, 62.5], [-112.5, 62.5], [-112.5, 60.0], [-115.0, 60.0]]]}, "properties": {"cell_id": "98_60", "lon": -113.75, "lat": 61.25}}, {"type": "Feature", "geometry": {"type": "Polygon", "coordinates": [[[-115.0, 62.5], [-115.0, 65.0], [-112.5, 65.0], [-112.5, 62.5], [-115.0, 62.5]]]}, "properties": {"cell_id": "98_61", "lon": -113.75, "lat": 63.75}}, {"type": "Feature", "geometry": {"type": "Polygon", "coordinates": [[[-115.0, 65.0], [-115.0, 67.5], [-112.5, 67.5], [-112.5, 65.0], [-115.0, 65.0]]]}, "properties": {"cell_id": "98_62", "lon": -113.75, "lat": 66.25}}, {"type": "Feature", "geometry": {"type": "Polygon", "coordinates": [[[-115.0, 70.0], [-115.0, 72.5], [-112.5, 72.5], [-112.5, 70.0], [-115.0, 70.0]]]}, "properties": {"cell_id": "98_64", "lon": -113.75, "lat": 71.25}}, {"type": "Feature", "geometry": {"type": "Polygon", "coordinates": [[[-115.0, 75.0], [-115.0, 77.5], [-112.5, 77.5], [-112.5, 75.0], [-115.0, 75.0]]]}, "properties": {"cell_id": "98_66", "lon": -113.75, "lat": 76.25}}, {"type": "Feature", "geometry": {"type": "Polygon", "coordinates": [[[-112.5, 27.5], [-112.5, 30.0], [-110.0, 30.0], [-110.0, 27.5], [-112.5, 27.5]]]}, "properties": {"cell_id": "99_47", "lon": -111.25, "lat": 28.75}}, {"type": "Feature", "geometry": {"type": "Polygon", "coordinates": [[[-112.5, 30.0], [-112.5, 32.5], [-110.0, 32.5], [-110.0, 30.0], [-112.5, 30.0]]]}, "properties": {"cell_id": "99_48", "lon": -111.25, "lat": 31.25}}, {"type": "Feature", "geometry": {"type": "Polygon", "coordinates": [[[-112.5, 32.5], [-112.5, 35.0], [-110.0, 35.0], [-110.0, 32.5], [-112.5, 32.5]]]}, "properties": {"cell_id": "99_49", "lon": -111.25, "lat": 33.75}}, {"type": "Feature", "geometry": {"type": "Polygon", "coordinates": [[[-112.5, 35.0], [-112.5, 37.5], [-110.0, 37.5], [-110.0, 35.0], [-112.5, 35.0]]]}, "properties": {"cell_id": "99_50", "lon": -111.25, "lat": 36.25}}, {"type": "Feature", "geometry": {"type": "Polygon", "coordinates": [[[-112.5, 37.5], [-112.5, 40.0], [-110.0, 40.0], [-110.0, 37.5], [-112.5, 37.5]]]}, "properties": {"cell_id": "99_51", "lon": -111.25, "lat": 38.75}}, {"type": "Feature", "geometry": {"type": "Polygon", "coordinates": [[[-112.5, 40.0], [-112.5, 42.5], [-110.0, 42.5], [-110.0, 40.0], [-112.5, 40.0]]]}, "properties": {"cell_id": "99_52", "lon": -111.25, "lat": 41.25}}, {"type": "Feature", "geometry": {"type": "Polygon", "coordinates": [[[-112.5, 42.5], [-112.5, 45.0], [-110.0, 45.0], [-110.0, 42.5], [-112.5, 42.5]]]}, "properties": {"cell_id": "99_53", "lon": -111.25, "lat": 43.75}}, {"type": "Feature", "geometry": {"type": "Polygon", "coordinates": [[[-112.5, 45.0], [-112.5, 47.5], [-110.0, 47.5], [-110.0, 45.0], [-112.5, 45.0]]]}, "properties": {"cell_id": "99_54", "lon": -111.25, "lat": 46.25}}, {"type": "Feature", "geometry": {"type": "Polygon", "coordinates": [[[-112.5, 47.5], [-112.5, 50.0], [-110.0, 50.0], [-110.0, 47.5], [-112.5, 47.5]]]}, "properties": {"cell_id": "99_55", "lon": -111.25, "lat": 48.75}}, {"type": "Feature", "geometry": {"type": "Polygon", "coordinates": [[[-112.5, 50.0], [-112.5, 52.5], [-110.0, 52.5], [-110.0, 50.0], [-112.5, 50.0]]]}, "properties": {"cell_id": "99_56", "lon": -111.25, "lat": 51.25}}, {"type": "Feature", "geometry": {"type": "Polygon", "coordinates": [[[-112.5, 52.5], [-112.5, 55.0], [-110.0, 55.0], [-110.0, 52.5], [-112.5, 52.5]]]}, "properties": {"cell_id": "99_57", "lon": -111.25, "lat": 53.75}}, {"type": "Feature", "geometry": {"type": "Polygon", "coordinates": [[[-112.5, 55.0], [-112.5, 57.5], [-110.0, 57.5], [-110.0, 55.0], [-112.5, 55.0]]]}, "properties": {"cell_id": "99_58", "lon": -111.25, "lat": 56.25}}, {"type": "Feature", "geometry": {"type": "Polygon", "coordinates": [[[-112.5, 57.5], [-112.5, 60.0], [-110.0, 60.0], [-110.0, 57.5], [-112.5, 57.5]]]}, "properties": {"cell_id": "99_59", "lon": -111.25, "lat": 58.75}}, {"type": "Feature", "geometry": {"type": "Polygon", "coordinates": [[[-112.5, 60.0], [-112.5, 62.5], [-110.0, 62.5], [-110.0, 60.0], [-112.5, 60.0]]]}, "properties": {"cell_id": "99_60", "lon": -111.25, "lat": 61.25}}, {"type": "Feature", "geometry": {"type": "Polygon", "coordinates": [[[-112.5, 62.5], [-112.5, 65.0], [-110.0, 65.0], [-110.0, 62.5], [-112.5, 62.5]]]}, "properties": {"cell_id": "99_61", "lon": -111.25, "lat": 63.75}}, {"type": "Feature", "geometry": {"type": "Polygon", "coordinates": [[[-112.5, 65.0], [-112.5, 67.5], [-110.0, 67.5], [-110.0, 65.0], [-112.5, 65.0]]]}, "properties": {"cell_id": "99_62", "lon": -111.25, "lat": 66.25}}, {"type": "Feature", "geometry": {"type": "Polygon", "coordinates": [[[-112.5, 67.5], [-112.5, 70.0], [-110.0, 70.0], [-110.0, 67.5], [-112.5, 67.5]]]}, "properties": {"cell_id": "99_63", "lon": -111.25, "lat": 68.75}}, {"type": "Feature", "geometry": {"type": "Polygon", "coordinates": [[[-112.5, 70.0], [-112.5, 72.5], [-110.0, 72.5], [-110.0, 70.0], [-112.5, 70.0]]]}, "properties": {"cell_id": "99_64", "lon": -111.25, "lat": 71.25}}, {"type": "Feature", "geometry": {"type": "Polygon", "coordinates": [[[-112.5, 77.5], [-112.5, 80.0], [-110.0, 80.0], [-110.0, 77.5], [-112.5, 77.5]]]}, "properties": {"cell_id": "99_67", "lon": -111.25, "lat": 78.75}}, {"type": "Feature", "geometry": {"type": "Polygon", "coordinates": [[[-110.0, 25.0], [-110.0, 27.5], [-107.5, 27.5], [-107.5, 25.0], [-110.0, 25.0]]]}, "properties": {"cell_id": "100_46", "lon": -108.75, "lat": 26.25}}, {"type": "Feature", "geometry": {"type": "Polygon", "coordinates": [[[-110.0, 27.5], [-110.0, 30.0], [-107.5, 30.0], [-107.5, 27.5], [-110.0, 27.5]]]}, "properties": {"cell_id": "100_47", "lon": -108.75, "lat": 28.75}}, {"type": "Feature", "geometry": {"type": "Polygon", "coordinates": [[[-110.0, 30.0], [-110.0, 32.5], [-107.5, 32.5], [-107.5, 30.0], [-110.0, 30.0]]]}, "properties": {"cell_id": "100_48", "lon": -108.75, "lat": 31.25}}, {"type": "Feature", "geometry": {"type": "Polygon", "coordinates": [[[-110.0, 32.5], [-110.0, 35.0], [-107.5, 35.0], [-107.5, 32.5], [-110.0, 32.5]]]}, "properties": {"cell_id": "100_49", "lon": -108.75, "lat": 33.75}}, {"type": "Feature", "geometry": {"type": "Polygon", "coordinates": [[[-110.0, 35.0], [-110.0, 37.5], [-107.5, 37.5], [-107.5, 35.0], [-110.0, 35.0]]]}, "properties": {"cell_id": "100_50", "lon": -108.75, "lat": 36.25}}, {"type": "Feature", "geometry": {"type": "Polygon", "coordinates": [[[-110.0, 37.5], [-110.0, 40.0], [-107.5, 40.0], [-107.5, 37.5], [-110.0, 37.5]]]}, "properties": {"cell_id": "100_51", "lon": -108.75, "lat": 38.75}}, {"type": "Feature", "geometry": {"type": "Polygon", "coordinates": [[[-110.0, 40.0], [-110.0, 42.5], [-107.5, 42.5], [-107.5, 40.0], [-110.0, 40.0]]]}, "properties": {"cell_id": "100_52", "lon": -108.75, "lat": 41.25}}, {"type": "Feature", "geometry": {"type": "Polygon", "coordinates": [[[-110.0, 42.5], [-110.0, 45.0], [-107.5, 45.0], [-107.5, 42.5], [-110.0, 42.5]]]}, "properties": {"cell_id": "100_53", "lon": -108.75, "lat": 43.75}}, {"type": "Feature", "geometry": {"type": "Polygon", "coordinates": [[[-110.0, 45.0], [-110.0, 47.5], [-107.5, 47.5], [-107.5, 45.0], [-110.0, 45.0]]]}, "properties": {"cell_id": "100_54", "lon": -108.75, "lat": 46.25}}, {"type": "Feature", "geometry": {"type": "Polygon", "coordinates": [[[-110.0, 47.5], [-110.0, 50.0], [-107.5, 50.0], [-107.5, 47.5], [-110.0, 47.5]]]}, "properties": {"cell_id": "100_55", "lon": -108.75, "lat": 48.75}}, {"type": "Feature", "geometry": {"type": "Polygon", "coordinates": [[[-110.0, 50.0], [-110.0, 52.5], [-107.5, 52.5], [-107.5, 50.0], [-110.0, 50.0]]]}, "properties": {"cell_id": "100_56", "lon": -108.75, "lat": 51.25}}, {"type": "Feature", "geometry": {"type": "Polygon", "coordinates": [[[-110.0, 52.5], [-110.0, 55.0], [-107.5, 55.0], [-107.5, 52.5], [-110.0, 52.5]]]}, "properties": {"cell_id": "100_57", "lon": -108.75, "lat": 53.75}}, {"type": "Feature", "geometry": {"type": "Polygon", "coordinates": [[[-110.0, 55.0], [-110.0, 57.5], [-107.5, 57.5], [-107.5, 55.0], [-110.0, 55.0]]]}, "properties": {"cell_id": "100_58", "lon": -108.75, "lat": 56.25}}, {"type": "Feature", "geometry": {"type": "Polygon", "coordinates": [[[-110.0, 57.5], [-110.0, 60.0], [-107.5, 60.0], [-107.5, 57.5], [-110.0, 57.5]]]}, "properties": {"cell_id": "100_59", "lon": -108.75, "lat": 58.75}}, {"type": "Feature", "geometry": {"type": "Polygon", "coordinates": [[[-110.0, 60.0], [-110.0, 62.5], [-107.5, 62.5], [-107.5, 60.0], [-110.0, 60.0]]]}, "properties": {"cell_id": "100_60", "lon": -108.75, "lat": 61.25}}, {"type": "Feature", "geometry": {"type": "Polygon", "coordinates": [[[-110.0, 62.5], [-110.0, 65.0], [-107.5, 65.0], [-107.5, 62.5], [-110.0, 62.5]]]}, "properties": {"cell_id": "100_61", "lon": -108.75, "lat": 63.75}}, {"type": "Feature", "geometry": {"type": "Polygon", "coordinates": [[[-110.0, 65.0], [-110.0, 67.5], [-107.5, 67.5], [-107.5, 65.0], [-110.0, 65.0]]]}, "properties": {"cell_id": "100_62", "lon": -108.75, "lat": 66.25}}, {"type": "Feature", "geometry": {"type": "Polygon", "coordinates": [[[-110.0, 70.0], [-110.0, 72.5], [-107.5, 72.5], [-107.5, 70.0], [-110.0, 70.0]]]}, "properties": {"cell_id": "100_64", "lon": -108.75, "lat": 71.25}}, {"type": "Feature", "geometry": {"type": "Polygon", "coordinates": [[[-110.0, 75.0], [-110.0, 77.5], [-107.5, 77.5], [-107.5, 75.0], [-110.0, 75.0]]]}, "properties": {"cell_id": "100_66", "lon": -108.75, "lat": 76.25}}, {"type": "Feature", "geometry": {"type": "Polygon", "coordinates": [[[-107.5, 22.5], [-107.5, 25.0], [-105.0, 25.0], [-105.0, 22.5], [-107.5, 22.5]]]}, "properties": {"cell_id": "101_45", "lon": -106.25, "lat": 23.75}}, {"type": "Feature", "geometry": {"type": "Polygon", "coordinates": [[[-107.5, 25.0], [-107.5, 27.5], [-105.0, 27.5], [-105.0, 25.0], [-107.5, 25.0]]]}, "properties": {"cell_id": "101_46", "lon": -106.25, "lat": 26.25}}, {"type": "Feature", "geometry": {"type": "Polygon", "coordinates": [[[-107.5, 27.5], [-107.5, 30.0], [-105.0, 30.0], [-105.0, 27.5], [-107.5, 27.5]]]}, "properties": {"cell_id": "101_47", "lon": -106.25, "lat": 28.75}}, {"type": "Feature", "geometry": {"type": "Polygon", "coordinates": [[[-107.5, 30.0], [-107.5, 32.5], [-105.0, 32.5], [-105.0, 30.0], [-107.5, 30.0]]]}, "properties": {"cell_id": "101_48", "lon": -106.25, "lat": 31.25}}, {"type": "Feature", "geometry": {"type": "Polygon", "coordinates": [[[-107.5, 32.5], [-107.5, 35.0], [-105.0, 35.0], [-105.0, 32.5], [-107.5, 32.5]]]}, "properties": {"cell_id": "101_49", "lon": -106.25, "lat": 33.75}}, {"type": "Feature", "geometry": {"type": "Polygon", "coordinates": [[[-107.5, 35.0], [-107.5, 37.5], [-105.0, 37.5], [-105.0, 35.0], [-107.5, 35.0]]]}, "properties": {"cell_id": "101_50", "lon": -106.25, "lat": 36.25}}, {"type": "Feature", "geometry": {"type": "Polygon", "coordinates": [[[-107.5, 37.5], [-107.5, 40.0], [-105.0, 40.0], [-105.0, 37.5], [-107.5, 37.5]]]}, "properties": {"cell_id": "101_51", "lon": -106.25, "lat": 38.75}}, {"type": "Feature", "geometry": {"type": "Polygon", "coordinates": [[[-107.5, 40.0], [-107.5, 42.5], [-105.0, 42.5], [-105.0, 40.0], [-107.5, 40.0]]]}, "properties": {"cell_id": "101_52", "lon": -106.25, "lat": 41.25}}, {"type": "Feature", "geometry": {"type": "Polygon", "coordinates": [[[-107.5, 42.5], [-107.5, 45.0], [-105.0, 45.0], [-105.0, 42.5], [-107.5, 42.5]]]}, "properties": {"cell_id": "101_53", "lon": -106.25, "lat": 43.75}}, {"type": "Feature", "geometry": {"type": "Polygon", "coordinates": [[[-107.5, 45.0], [-107.5, 47.5], [-105.0, 47.5], [-105.0, 45.0], [-107.5, 45.0]]]}, "properties": {"cell_id": "101_54", "lon": -106.25, "lat": 46.25}}, {"type": "Feature", "geometry": {"type": "Polygon", "coordinates": [[[-107.5, 47.5], [-107.5, 50.0], [-105.0, 50.0], [-105.0, 47.5], [-107.5, 47.5]]]}, "properties": {"cell_id": "101_55", "lon": -106.25, "lat": 48.75}}, {"type": "Feature", "geometry": {"type": "Polygon", "coordinates": [[[-107.5, 50.0], [-107.5, 52.5], [-105.0, 52.5], [-105.0, 50.0], [-107.5, 50.0]]]}, "properties": {"cell_id": "101_56", "lon": -106.25, "lat": 51.25}}, {"type": "Feature", "geometry": {"type": "Polygon", "coordinates": [[[-107.5, 52.5], [-107.5, 55.0], [-105.0, 55.0], [-105.0, 52.5], [-107.5, 52.5]]]}, "properties": {"cell_id": "101_57", "lon": -106.25, "lat": 53.75}}, {"type": "Feature", "geometry": {"type": "Polygon", "coordinates": [[[-107.5, 55.0], [-107.5, 57.5], [-105.0, 57.5], [-105.0, 55.0], [-107.5, 55.0]]]}, "properties": {"cell_id": "101_58", "lon": -106.25, "lat": 56.25}}, {"type": "Feature", "geometry": {"type": "Polygon", "coordinates": [[[-107.5, 57.5], [-107.5, 60.0], [-105.0, 60.0], [-105.0, 57.5], [-107.5, 57.5]]]}, "properties": {"cell_id": "101_59", "lon": -106.25, "lat": 58.75}}, {"type": "Feature", "geometry": {"type": "Polygon", "coordinates": [[[-107.5, 60.0], [-107.5, 62.5], [-105.0, 62.5], [-105.0, 60.0], [-107.5, 60.0]]]}, "properties": {"cell_id": "101_60", "lon": -106.25, "lat": 61.25}}, {"type": "Feature", "geometry": {"type": "Polygon", "coordinates": [[[-107.5, 62.5], [-107.5, 65.0], [-105.0, 65.0], [-105.0, 62.5], [-107.5, 62.5]]]}, "properties": {"cell_id": "101_61", "lon": -106.25, "lat": 63.75}}, {"type": "Feature", "geometry": {"type": "Polygon", "coordinates": [[[-107.5, 65.0], [-107.5, 67.5], [-105.0, 67.5], [-105.0, 65.0], [-107.5, 65.0]]]}, "properties": {"cell_id": "101_62", "lon": -106.25, "lat": 66.25}}, {"type": "Feature", "geometry": {"type": "Polygon", "coordinates": [[[-107.5, 67.5], [-107.5, 70.0], [-105.0, 70.0], [-105.0, 67.5], [-107.5, 67.5]]]}, "properties": {"cell_id": "101_63", "lon": -106.25, "lat": 68.75}}, {"type": "Feature", "geometry": {"type": "Polygon", "coordinates": [[[-107.5, 70.0], [-107.5, 72.5], [-105.0, 72.5], [-105.0, 70.0], [-107.5, 70.0]]]}, "properties": {"cell_id": "101_64", "lon": -106.25, "lat": 71.25}}, {"type": "Feature", "geometry": {"type": "Polygon", "coordinates": [[[-105.0, 17.5], [-105.0, 20.0], [-102.5, 20.0], [-102.5, 17.5], [-105.0, 17.5]]]}, "properties": {"cell_id": "102_43", "lon": -103.75, "lat": 18.75}}, {"type": "Feature", "geometry": {"type": "Polygon", "coordinates": [[[-105.0, 20.0], [-105.0, 22.5], [-102.5, 22.5], [-102.5, 20.0], [-105.0, 20.0]]]}, "properties": {"cell_id": "102_44", "lon": -103.75, "lat": 21.25}}, {"type": "Feature", "geometry": {"type": "Polygon", "coordinates": [[[-105.0, 22.5], [-105.0, 25.0], [-102.5, 25.0], [-102.5, 22.5], [-105.0, 22.5]]]}, "properties": {"cell_id": "102_45", "lon": -103.75, "lat": 23.75}}, {"type": "Feature", "geometry": {"type": "Polygon", "coordinates": [[[-105.0, 25.0], [-105.0, 27.5], [-102.5, 27.5], [-102.5, 25.0], [-105.0, 25.0]]]}, "properties": {"cell_id": "102_46", "lon": -103.75, "lat": 26.25}}, {"type": "Feature", "geometry": {"type": "Polygon", "coordinates": [[[-105.0, 27.5], [-105.0, 30.0], [-102.5, 30.0], [-102.5, 27.5], [-105.0, 27.5]]]}, "properties": {"cell_id": "102_47", "lon": -103.75, "lat": 28.75}}, {"type": "Feature", "geometry": {"type": "Polygon", "coordinates": [[[-105.0, 30.0], [-105.0, 32.5], [-102.5, 32.5], [-102.5, 30.0], [-105.0, 30.0]]]}, "properties": {"cell_id": "102_48", "lon": -103.75, "lat": 31.25}}, {"type": "Feature", "geometry": {"type": "Polygon", "coordinates": [[[-105.0, 32.5], [-105.0, 35.0], [-102.5, 35.0], [-102.5, 32.5], [-105.0, 32.5]]]}, "properties": {"cell_id": "102_49", "lon": -103.75, "lat": 33.75}}, {"type": "Feature", "geometry": {"type": "Polygon", "coordinates": [[[-105.0, 35.0], [-105.0, 37.5], [-102.5, 37.5], [-102.5, 35.0], [-105.0, 35.0]]]}, "properties": {"cell_id": "102_50", "lon": -103.75, "lat": 36.25}}, {"type": "Feature", "geometry": {"type": "Polygon", "coordinates": [[[-105.0, 37.5], [-105.0, 40.0], [-102.5, 40.0], [-102.5, 37.5], [-105.0, 37.5]]]}, "properties": {"cell_id": "102_51", "lon": -103.75, "lat": 38.75}}, {"type": "Feature", "geometry": {"type": "Polygon", "coordinates": [[[-105.0, 40.0], [-105.0, 42.5], [-102.5, 42.5], [-102.5, 40.0], [-105.0, 40.0]]]}, "properties": {"cell_id": "102_52", "lon": -103.75, "lat": 41.25}}, {"type": "Feature", "geometry": {"type": "Polygon", "coordinates": [[[-105.0, 42.5], [-105.0, 45.0], [-102.5, 45.0], [-102.5, 42.5], [-105.0, 42.5]]]}, "properties": {"cell_id": "102_53", "lon": -103.75, "lat": 43.75}}, {"type": "Feature", "geometry": {"type": "Polygon", "coordinates": [[[-105.0, 45.0], [-105.0, 47.5], [-102.5, 47.5], [-102.5, 45.0], [-105.0, 45.0]]]}, "properties": {"cell_id": "102_54", "lon": -103.75, "lat": 46.25}}, {"type": "Feature", "geometry": {"type": "Polygon", "coordinates": [[[-105.0, 47.5], [-105.0, 50.0], [-102.5, 50.0], [-102.5, 47.5], [-105.0, 47.5]]]}, "properties": {"cell_id": "102_55", "lon": -103.75, "lat": 48.75}}, {"type": "Feature", "geometry": {"type": "Polygon", "coordinates": [[[-105.0, 50.0], [-105.0, 52.5], [-102.5, 52.5], [-102.5, 50.0], [-105.0, 50.0]]]}, "properties": {"cell_id": "102_56", "lon": -103.75, "lat": 51.25}}, {"type": "Feature", "geometry": {"type": "Polygon", "coordinates": [[[-105.0, 52.5], [-105.0, 55.0], [-102.5, 55.0], [-102.5, 52.5], [-105.0, 52.5]]]}, "properties": {"cell_id": "102_57", "lon": -103.75, "lat": 53.75}}, {"type": "Feature", "geometry": {"type": "Polygon", "coordinates": [[[-105.0, 55.0], [-105.0, 57.5], [-102.5, 57.5], [-102.5, 55.0], [-105.0, 55.0]]]}, "properties": {"cell_id": "102_58", "lon": -103.75, "lat": 56.25}}, {"type": "Feature", "geometry": {"type": "Polygon", "coordinates": [[[-105.0, 57.5], [-105.0, 60.0], [-102.5, 60.0], [-102.5, 57.5], [-105.0, 57.5]]]}, "properties": {"cell_id": "102_59", "lon": -103.75, "lat": 58.75}}, {"type": "Feature", "geometry": {"type": "Polygon", "coordinates": [[[-105.0, 60.0], [-105.0, 62.5], [-102.5, 62.5], [-102.5, 60.0], [-105.0, 60.0]]]}, "properties": {"cell_id": "102_60", "lon": -103.75, "lat": 61.25}}, {"type": "Feature", "geometry": {"type": "Polygon", "coordinates": [[[-105.0, 62.5], [-105.0, 65.0], [-102.5, 65.0], [-102.5, 62.5], [-105.0, 62.5]]]}, "properties": {"cell_id": "102_61", "lon": -103.75, "lat": 63.75}}, {"type": "Feature", "geometry": {"type": "Polygon", "coordinates": [[[-105.0, 65.0], [-105.0, 67.5], [-102.5, 67.5], [-102.5, 65.0], [-105.0, 65.0]]]}, "properties": {"cell_id": "102_62", "lon": -103.75, "lat": 66.25}}, {"type": "Feature", "geometry": {"type": "Polygon", "coordinates": [[[-105.0, 77.5], [-105.0, 80.0], [-102.5, 80.0], [-102.5, 77.5], [-105.0, 77.5]]]}, "properties": {"cell_id": "102_67", "lon": -103.75, "lat": 78.75}}, {"type": "Feature", "geometry": {"type": "Polygon", "coordinates": [[[-102.5, 17.5], [-102.5, 20.0], [-100.0, 20.0], [-100.0, 17.5], [-102.5, 17.5]]]}, "properties": {"cell_id": "103_43", "lon": -101.25, "lat": 18.75}}, {"type": "Feature", "geometry": {"type": "Polygon", "coordinates": [[[-102.5, 20.0], [-102.5, 22.5], [-100.0, 22.5], [-100.0, 20.0], [-102.5, 20.0]]]}, "properties": {"cell_id": "103_44", "lon": -101.25, "lat": 21.25}}, {"type": "Feature", "geometry": {"type": "Polygon", "coordinates": [[[-102.5, 22.5], [-102.5, 25.0], [-100.0, 25.0], [-100.0, 22.5], [-102.5, 22.5]]]}, "properties": {"cell_id": "103_45", "lon": -101.25, "lat": 23.75}}, {"type": "Feature", "geometry": {"type": "Polygon", "coordinates": [[[-102.5, 25.0], [-102.5, 27.5], [-100.0, 27.5], [-100.0, 25.0], [-102.5, 25.0]]]}, "properties": {"cell_id": "103_46", "lon": -101.25, "lat": 26.25}}, {"type": "Feature", "geometry": {"type": "Polygon", "coordinates": [[[-102.5, 27.5], [-102.5, 30.0], [-100.0, 30.0], [-100.0, 27.5], [-102.5, 27.5]]]}, "properties": {"cell_id": "103_47", "lon": -101.25, "lat": 28.75}}, {"type": "Feature", "geometry": {"type": "Polygon", "coordinates": [[[-102.5, 30.0], [-102.5, 32.5], [-100.0, 32.5], [-100.0, 30.0], [-102.5, 30.0]]]}, "properties": {"cell_id": "103_48", "lon": -101.25, "lat": 31.25}}, {"type": "Feature", "geometry": {"type": "Polygon", "coordinates": [[[-102.5, 32.5], [-102.5, 35.0], [-100.0, 35.0], [-100.0, 32.5], [-102.5, 32.5]]]}, "properties": {"cell_id": "103_49", "lon": -101.25, "lat": 33.75}}, {"type": "Feature", "geometry": {"type": "Polygon", "coordinates": [[[-102.5, 35.0], [-102.5, 37.5], [-100.0, 37.5], [-100.0, 35.0], [-102.5, 35.0]]]}, "properties": {"cell_id": "103_50", "lon": -101.25, "lat": 36.25}}, {"type": "Feature", "geometry": {"type": "Polygon", "coordinates": [[[-102.5, 37.5], [-102.5, 40.0], [-100.0, 40.0], [-100.0, 37.5], [-102.5, 37.5]]]}, "properties": {"cell_id": "103_51", "lon": -101.25, "lat": 38.75}}, {"type": "Feature", "geometry": {"type": "Polygon", "coordinates": [[[-102.5, 40.0], [-102.5, 42.5], [-100.0, 42.5], [-100.0, 40.0], [-102.5, 40.0]]]}, "properties": {"cell_id": "103_52", "lon": -101.25, "lat": 41.25}}, {"type": "Feature", "geometry": {"type": "Polygon", "coordinates": [[[-102.5, 42.5], [-102.5, 45.0], [-100.0, 45.0], [-100.0, 42.5], [-102.5, 42.5]]]}, "properties": {"cell_id": "103_53", "lon": -101.25, "lat": 43.75}}, {"type": "Feature", "geometry": {"type": "Polygon", "coordinates": [[[-102.5, 45.0], [-102.5, 47.5], [-100.0, 47.5], [-100.0, 45.0], [-102.5, 45.0]]]}, "properties": {"cell_id": "103_54", "lon": -101.25, "lat": 46.25}}, {"type": "Feature", "geometry": {"type": "Polygon", "coordinates": [[[-102.5, 47.5], [-102.5, 50.0], [-100.0, 50.0], [-100.0, 47.5], [-102.5, 47.5]]]}, "properties": {"cell_id": "103_55", "lon": -101.25, "lat": 48.75}}, {"type": "Feature", "geometry": {"type": "Polygon", "coordinates": [[[-102.5, 50.0], [-102.5, 52.5], [-100.0, 52.5], [-100.0, 50.0], [-102.5, 50.0]]]}, "properties": {"cell_id": "103_56", "lon": -101.25, "lat": 51.25}}, {"type": "Feature", "geometry": {"type": "Polygon", "coordinates": [[[-102.5, 52.5], [-102.5, 55.0], [-100.0, 55.0], [-100.0, 52.5], [-102.5, 52.5]]]}, "properties": {"cell_id": "103_57", "lon": -101.25, "lat": 53.75}}, {"type": "Feature", "geometry": {"type": "Polygon", "coordinates": [[[-102.5, 55.0], [-102.5, 57.5], [-100.0, 57.5], [-100.0, 55.0], [-102.5, 55.0]]]}, "properties": {"cell_id": "103_58", "lon": -101.25, "lat": 56.25}}, {"type": "Feature", "geometry": {"type": "Polygon", "coordinates": [[[-102.5, 57.5], [-102.5, 60.0], [-100.0, 60.0], [-100.0, 57.5], [-102.5, 57.5]]]}, "properties": {"cell_id": "103_59", "lon": -101.25, "lat": 58.75}}, {"type": "Feature", "geometry": {"type": "Polygon", "coordinates": [[[-102.5, 60.0], [-102.5, 62.5], [-100.0, 62.5], [-100.0, 60.0], [-102.5, 60.0]]]}, "properties": {"cell_id": "103_60", "lon": -101.25, "lat": 61.25}}, {"type": "Feature", "geometry": {"type": "Polygon", "coordinates": [[[-102.5, 62.5], [-102.5, 65.0], [-100.0, 65.0], [-100.0, 62.5], [-102.5, 62.5]]]}, "properties": {"cell_id": "103_61", "lon": -101.25, "lat": 63.75}}, {"type": "Feature", "geometry": {"type": "Polygon", "coordinates": [[[-102.5, 65.0], [-102.5, 67.5], [-100.0, 67.5], [-100.0, 65.0], [-102.5, 65.0]]]}, "properties": {"cell_id": "103_62", "lon": -101.25, "lat": 66.25}}, {"type": "Feature", "geometry": {"type": "Polygon", "coordinates": [[[-102.5, 75.0], [-102.5, 77.5], [-100.0, 77.5], [-100.0, 75.0], [-102.5, 75.0]]]}, "properties": {"cell_id": "103_66", "lon": -101.25, "lat": 76.25}}, {"type": "Feature", "geometry": {"type": "Polygon", "coordinates": [[[-102.5, 77.5], [-102.5, 80.0], [-100.0, 80.0], [-100.0, 77.5], [-102.5, 77.5]]]}, "properties": {"cell_id": "103_67", "lon": -101.25, "lat": 78.75}}, {"type": "Feature", "geometry": {"type": "Polygon", "coordinates": [[[-100.0, 17.5], [-100.0, 20.0], [-97.5, 20.0], [-97.5, 17.5], [-100.0, 17.5]]]}, "properties": {"cell_id": "104_43", "lon": -98.75, "lat": 18.75}}, {"type": "Feature", "geometry": {"type": "Polygon", "coordinates": [[[-100.0, 20.0], [-100.0, 22.5], [-97.5, 22.5], [-97.5, 20.0], [-100.0, 20.0]]]}, "properties": {"cell_id": "104_44", "lon": -98.75, "lat": 21.25}}, {"type": "Feature", "geometry": {"type": "Polygon", "coordinates": [[[-100.0, 22.5], [-100.0, 25.0], [-97.5, 25.0], [-97.5, 22.5], [-100.0, 22.5]]]}, "properties": {"cell_id": "104_45", "lon": -98.75, "lat": 23.75}}, {"type": "Feature", "geometry": {"type": "Polygon", "coordinates": [[[-100.0, 25.0], [-100.0, 27.5], [-97.5, 27.5], [-97.5, 25.0], [-100.0, 25.0]]]}, "properties": {"cell_id": "104_46", "lon": -98.75, "lat": 26.25}}, {"type": "Feature", "geometry": {"type": "Polygon", "coordinates": [[[-100.0, 27.5], [-100.0, 30.0], [-97.5, 30.0], [-97.5, 27.5], [-100.0, 27.5]]]}, "properties": {"cell_id": "104_47", "lon": -98.75, "lat": 28.75}}, {"type": "Feature", "geometry": {"type": "Polygon", "coordinates": [[[-100.0, 30.0], [-100.0, 32.5], [-97.5, 32.5], [-97.5, 30.0], [-100.0, 30.0]]]}, "properties": {"cell_id": "104_48", "lon": -98.75, "lat": 31.25}}, {"type": "Feature", "geometry": {"type": "Polygon", "coordinates": [[[-100.0, 32.5], [-100.0, 35.0], [-97.5, 35.0], [-97.5, 32.5], [-100.0, 32.5]]]}, "properties": {"cell_id": "104_49", "lon": -98.75, "lat": 33.75}}, {"type": "Feature", "geometry": {"type": "Polygon", "coordinates": [[[-100.0, 35.0], [-100.0, 37.5], [-97.5, 37.5], [-97.5, 35.0], [-100.0, 35.0]]]}, "properties": {"cell_id": "104_50", "lon": -98.75, "lat": 36.25}}, {"type": "Feature", "geometry": {"type": "Polygon", "coordinates": [[[-100.0, 37.5], [-100.0, 40.0], [-97.5, 40.0], [-97.5, 37.5], [-100.0, 37.5]]]}, "properties": {"cell_id": "104_51", "lon": -98.75, "lat": 38.75}}, {"type": "Feature", "geometry": {"type": "Polygon", "coordinates": [[[-100.0, 40.0], [-100.0, 42.5], [-97.5, 42.5], [-97.5, 40.0], [-100.0, 40.0]]]}, "properties": {"cell_id": "104_52", "lon": -98.75, "lat": 41.25}}, {"type": "Feature", "geometry": {"type": "Polygon", "coordinates": [[[-100.0, 42.5], [-100.0, 45.0], [-97.5, 45.0], [-97.5, 42.5], [-100.0, 42.5]]]}, "properties": {"cell_id": "104_53", "lon": -98.75, "lat": 43.75}}, {"type": "Feature", "geometry": {"type": "Polygon", "coordinates": [[[-100.0, 45.0], [-100.0, 47.5], [-97.5, 47.5], [-97.5, 45.0], [-100.0, 45.0]]]}, "properties": {"cell_id": "104_54", "lon": -98.75, "lat": 46.25}}, {"type": "Feature", "geometry": {"type": "Polygon", "coordinates": [[[-100.0, 47.5], [-100.0, 50.0], [-97.5, 50.0], [-97.5, 47.5], [-100.0, 47.5]]]}, "properties": {"cell_id": "104_55", "lon": -98.75, "lat": 48.75}}, {"type": "Feature", "geometry": {"type": "Polygon", "coordinates": [[[-100.0, 50.0], [-100.0, 52.5], [-97.5, 52.5], [-97.5, 50.0], [-100.0, 50.0]]]}, "properties": {"cell_id": "104_56", "lon": -98.75, "lat": 51.25}}, {"type": "Feature", "geometry": {"type": "Polygon", "coordinates": [[[-100.0, 52.5], [-100.0, 55.0], [-97.5, 55.0], [-97.5, 52.5], [-100.0, 52.5]]]}, "properties": {"cell_id": "104_57", "lon": -98.75, "lat": 53.75}}, {"type": "Feature", "geometry": {"type": "Polygon", "coordinates": [[[-100.0, 55.0], [-100.0, 57.5], [-97.5, 57.5], [-97.5, 55.0], [-100.0, 55.0]]]}, "properties": {"cell_id": "104_58", "lon": -98.75, "lat": 56.25}}, {"type": "Feature", "geometry": {"type": "Polygon", "coordinates": [[[-100.0, 57.5], [-100.0, 60.0], [-97.5, 60.0], [-97.5, 57.5], [-100.0, 57.5]]]}, "properties": {"cell_id": "104_59", "lon": -98.75, "lat": 58.75}}, {"type": "Feature", "geometry": {"type": "Polygon", "coordinates": [[[-100.0, 60.0], [-100.0, 62.5], [-97.5, 62.5], [-97.5, 60.0], [-100.0, 60.0]]]}, "properties": {"cell_id": "104_60", "lon": -98.75, "lat": 61.25}}, {"type": "Feature", "geometry": {"type": "Polygon", "coordinates": [[[-100.0, 62.5], [-100.0, 65.0], [-97.5, 65.0], [-97.5, 62.5], [-100.0, 62.5]]]}, "properties": {"cell_id": "104_61", "lon": -98.75, "lat": 63.75}}, {"type": "Feature", "geometry": {"type": "Polygon", "coordinates": [[[-100.0, 65.0], [-100.0, 67.5], [-97.5, 67.5], [-97.5, 65.0], [-100.0, 65.0]]]}, "properties": {"cell_id": "104_62", "lon": -98.75, "lat": 66.25}}, {"type": "Feature", "geometry": {"type": "Polygon", "coordinates": [[[-100.0, 75.0], [-100.0, 77.5], [-97.5, 77.5], [-97.5, 75.0], [-100.0, 75.0]]]}, "properties": {"cell_id": "104_66", "lon": -98.75, "lat": 76.25}}, {"type": "Feature", "geometry": {"type": "Polygon", "coordinates": [[[-97.5, 15.0], [-97.5, 17.5], [-95.0, 17.5], [-95.0, 15.0], [-97.5, 15.0]]]}, "properties": {"cell_id": "105_42", "lon": -96.25, "lat": 16.25}}, {"type": "Feature", "geometry": {"type": "Polygon", "coordinates": [[[-97.5, 17.5], [-97.5, 20.0], [-95.0, 20.0], [-95.0, 17.5], [-97.5, 17.5]]]}, "properties": {"cell_id": "105_43", "lon": -96.25, "lat": 18.75}}, {"type": "Feature", "geometry": {"type": "Polygon", "coordinates": [[[-97.5, 27.5], [-97.5, 30.0], [-95.0, 30.0], [-95.0, 27.5], [-97.5, 27.5]]]}, "properties": {"cell_id": "105_47", "lon": -96.25, "lat": 28.75}}, {"type": "Feature", "geometry": {"type": "Polygon", "coordinates": [[[-97.5, 30.0], [-97.5, 32.5], [-95.0, 32.5], [-95.0, 30.0], [-97.5, 30.0]]]}, "properties": {"cell_id": "105_48", "lon": -96.25, "lat": 31.25}}, {"type": "Feature", "geometry": {"type": "Polygon", "coordinates": [[[-97.5, 32.5], [-97.5, 35.0], [-95.0, 35.0], [-95.0, 32.5], [-97.5, 32.5]]]}, "properties": {"cell_id": "105_49", "lon": -96.25, "lat": 33.75}}, {"type": "Feature", "geometry": {"type": "Polygon", "coordinates": [[[-97.5, 35.0], [-97.5, 37.5], [-95.0, 37.5], [-95.0, 35.0], [-97.5, 35.0]]]}, "properties": {"cell_id": "105_50", "lon": -96.25, "lat": 36.25}}, {"type": "Feature", "geometry": {"type": "Polygon", "coordinates": [[[-97.5, 37.5], [-97.5, 40.0], [-95.0, 40.0], [-95.0, 37.5], [-97.5, 37.5]]]}, "properties": {"cell_id": "105_51", "lon": -96.25, "lat": 38.75}}, {"type": "Feature", "geometry": {"type": "Polygon", "coordinates": [[[-97.5, 40.0], [-97.5, 42.5], [-95.0, 42.5], [-95.0, 40.0], [-97.5, 40.0]]]}, "properties": {"cell_id": "105_52", "lon": -96.25, "lat": 41.25}}, {"type": "Feature", "geometry": {"type": "Polygon", "coordinates": [[[-97.5, 42.5], [-97.5, 45.0], [-95.0, 45.0], [-95.0, 42.5], [-97.5, 42.5]]]}, "properties": {"cell_id": "105_53", "lon": -96.25, "lat": 43.75}}, {"type": "Feature", "geometry": {"type": "Polygon", "coordinates": [[[-97.5, 45.0], [-97.5, 47.5], [-95.0, 47.5], [-95.0, 45.0], [-97.5, 45.0]]]}, "properties": {"cell_id": "105_54", "lon": -96.25, "lat": 46.25}}, {"type": "Feature", "geometry": {"type": "Polygon", "coordinates": [[[-97.5, 47.5], [-97.5, 50.0], [-95.0, 50.0], [-95.0, 47.5], [-97.5, 47.5]]]}, "properties": {"cell_id": "105_55", "lon": -96.25, "lat": 48.75}}, {"type": "Feature", "geometry": {"type": "Polygon", "coordinates": [[[-97.5, 50.0], [-97.5, 52.5], [-95.0, 52.5], [-95.0, 50.0], [-97.5, 50.0]]]}, "properties": {"cell_id": "105_56", "lon": -96.25, "lat": 51.25}}, {"type": "Feature", "geometry": {"type": "Polygon", "coordinates": [[[-97.5, 52.5], [-97.5, 55.0], [-95.0, 55.0], [-95.0, 52.5], [-97.5, 52.5]]]}, "properties": {"cell_id": "105_57", "lon": -96.25, "lat": 53.75}}, {"type": "Feature", "geometry": {"type": "Polygon", "coordinates": [[[-97.5, 55.0], [-97.5, 57.5], [-95.0, 57.5], [-95.0, 55.0], [-97.5, 55.0]]]}, "properties": {"cell_id": "105_58", "lon": -96.25, "lat": 56.25}}, {"type": "Feature", "geometry": {"type": "Polygon", "coordinates": [[[-97.5, 57.5], [-97.5, 60.0], [-95.0, 60.0], [-95.0, 57.5], [-97.5, 57.5]]]}, "properties": {"cell_id": "105_59", "lon": -96.25, "lat": 58.75}}, {"type": "Feature", "geometry": {"type": "Polygon", "coordinates": [[[-97.5, 60.0], [-97.5, 62.5], [-95.0, 62.5], [-95.0, 60.0], [-97.5, 60.0]]]}, "properties": {"cell_id": "105_60", "lon": -96.25, "lat": 61.25}}, {"type": "Feature", "geometry": {"type": "Polygon", "coordinates": [[[-97.5, 62.5], [-97.5, 65.0], [-95.0, 65.0], [-95.0, 62.5], [-97.5, 62.5]]]}, "properties": {"cell_id": "105_61", "lon": -96.25, "lat": 63.75}}, {"type": "Feature", "geometry": {"type": "Polygon", "coordinates": [[[-97.5, 65.0], [-97.5, 67.5], [-95.0, 67.5], [-95.0, 65.0], [-97.5, 65.0]]]}, "properties": {"cell_id": "105_62", "lon": -96.25, "lat": 66.25}}, {"type": "Feature", "geometry": {"type": "Polygon", "coordinates": [[[-97.5, 70.0], [-97.5, 72.5], [-95.0, 72.5], [-95.0, 70.0], [-97.5, 70.0]]]}, "properties": {"cell_id": "105_64", "lon": -96.25, "lat": 71.25}}, {"type": "Feature", "geometry": {"type": "Polygon", "coordinates": [[[-95.0, 15.0], [-95.0, 17.5], [-92.5, 17.5], [-92.5, 15.0], [-95.0, 15.0]]]}, "properties": {"cell_id": "106_42", "lon": -93.75, "lat": 16.25}}, {"type": "Feature", "geometry": {"type": "Polygon", "coordinates": [[[-95.0, 30.0], [-95.0, 32.5], [-92.5, 32.5], [-92.5, 30.0], [-95.0, 30.0]]]}, "properties": {"cell_id": "106_48", "lon": -93.75, "lat": 31.25}}, {"type": "Feature", "geometry": {"type": "Polygon", "coordinates": [[[-95.0, 32.5], [-95.0, 35.0], [-92.5, 35.0], [-92.5, 32.5], [-95.0, 32.5]]]}, "properties": {"cell_id": "106_49", "lon": -93.75, "lat": 33.75}}, {"type": "Feature", "geometry": {"type": "Polygon", "coordinates": [[[-95.0, 35.0], [-95.0, 37.5], [-92.5, 37.5], [-92.5, 35.0], [-95.0, 35.0]]]}, "properties": {"cell_id": "106_50", "lon": -93.75, "lat": 36.25}}, {"type": "Feature", "geometry": {"type": "Polygon", "coordinates": [[[-95.0, 37.5], [-95.0, 40.0], [-92.5, 40.0], [-92.5, 37.5], [-95.0, 37.5]]]}, "properties": {"cell_id": "106_51", "lon": -93.75, "lat": 38.75}}, {"type": "Feature", "geometry": {"type": "Polygon", "coordinates": [[[-95.0, 40.0], [-95.0, 42.5], [-92.5, 42.5], [-92.5, 40.0], [-95.0, 40.0]]]}, "properties": {"cell_id": "106_52", "lon": -93.75, "lat": 41.25}}, {"type": "Feature", "geometry": {"type": "Polygon", "coordinates": [[[-95.0, 42.5], [-95.0, 45.0], [-92.5, 45.0], [-92.5, 42.5], [-95.0, 42.5]]]}, "properties": {"cell_id": "106_53", "lon": -93.75, "lat": 43.75}}, {"type": "Feature", "geometry": {"type": "Polygon", "coordinates": [[[-95.0, 45.0], [-95.0, 47.5], [-92.5, 47.5], [-92.5, 45.0], [-95.0, 45.0]]]}, "properties": {"cell_id": "106_54", "lon": -93.75, "lat": 46.25}}, {"type": "Feature", "geometry": {"type": "Polygon", "coordinates": [[[-95.0, 47.5], [-95.0, 50.0], [-92.5, 50.0], [-92.5, 47.5], [-95.0, 47.5]]]}, "properties": {"cell_id": "106_55", "lon": -93.75, "lat": 48.75}}, {"type": "Feature", "geometry": {"type": "Polygon", "coordinates": [[[-95.0, 50.0], [-95.0, 52.5], [-92.5, 52.5], [-92.5, 50.0], [-95.0, 50.0]]]}, "properties": {"cell_id": "106_56", "lon": -93.75, "lat": 51.25}}, {"type": "Feature", "geometry": {"type": "Polygon", "coordinates": [[[-95.0, 52.5], [-95.0, 55.0], [-92.5, 55.0], [-92.5, 52.5], [-95.0, 52.5]]]}, "properties": {"cell_id": "106_57", "lon": -93.75, "lat": 53.75}}, {"type": "Feature", "geometry": {"type": "Polygon", "coordinates": [[[-95.0, 55.0], [-95.0, 57.5], [-92.5, 57.5], [-92.5, 55.0], [-95.0, 55.0]]]}, "properties": {"cell_id": "106_58", "lon": -93.75, "lat": 56.25}}, {"type": "Feature", "geometry": {"type": "Polygon", "coordinates": [[[-95.0, 57.5], [-95.0, 60.0], [-92.5, 60.0], [-92.5, 57.5], [-95.0, 57.5]]]}, "properties": {"cell_id": "106_59", "lon": -93.75, "lat": 58.75}}, {"type": "Feature", "geometry": {"type": "Polygon", "coordinates": [[[-95.0, 62.5], [-95.0, 65.0], [-92.5, 65.0], [-92.5, 62.5], [-95.0, 62.5]]]}, "properties": {"cell_id": "106_61", "lon": -93.75, "lat": 63.75}}, {"type": "Feature", "geometry": {"type": "Polygon", "coordinates": [[[-95.0, 65.0], [-95.0, 67.5], [-92.5, 67.5], [-92.5, 65.0], [-95.0, 65.0]]]}, "properties": {"cell_id": "106_62", "lon": -93.75, "lat": 66.25}}, {"type": "Feature", "geometry": {"type": "Polygon", "coordinates": [[[-95.0, 67.5], [-95.0, 70.0], [-92.5, 70.0], [-92.5, 67.5], [-95.0, 67.5]]]}, "properties": {"cell_id": "106_63", "lon": -93.75, "lat": 68.75}}, {"type": "Feature", "geometry": {"type": "Polygon", "coordinates": [[[-95.0, 70.0], [-95.0, 72.5], [-92.5, 72.5], [-92.5, 70.0], [-95.0, 70.0]]]}, "properties": {"cell_id": "106_64", "lon": -93.75, "lat": 71.25}}, {"type": "Feature", "geometry": {"type": "Polygon", "coordinates": [[[-95.0, 72.5], [-95.0, 75.0], [-92.5, 75.0], [-92.5, 72.5], [-95.0, 72.5]]]}, "properties": {"cell_id": "106_65", "lon": -93.75, "lat": 73.75}}, {"type": "Feature", "geometry": {"type": "Polygon", "coordinates": [[[-95.0, 77.5], [-95.0, 80.0], [-92.5, 80.0], [-92.5, 77.5], [-95.0, 77.5]]]}, "properties": {"cell_id": "106_67", "lon": -93.75, "lat": 78.75}}, {"type": "Feature", "geometry": {"type": "Polygon", "coordinates": [[[-92.5, 15.0], [-92.5, 17.5], [-90.0, 17.5], [-90.0, 15.0], [-92.5, 15.0]]]}, "properties": {"cell_id": "107_42", "lon": -91.25, "lat": 16.25}}, {"type": "Feature", "geometry": {"type": "Polygon", "coordinates": [[[-92.5, 17.5], [-92.5, 20.0], [-90.0, 20.0], [-90.0, 17.5], [-92.5, 17.5]]]}, "properties": {"cell_id": "107_43", "lon": -91.25, "lat": 18.75}}, {"type": "Feature", "geometry": {"type": "Polygon", "coordinates": [[[-92.5, 30.0], [-92.5, 32.5], [-90.0, 32.5], [-90.0, 30.0], [-92.5, 30.0]]]}, "properties": {"cell_id": "107_48", "lon": -91.25, "lat": 31.25}}, {"type": "Feature", "geometry": {"type": "Polygon", "coordinates": [[[-92.5, 32.5], [-92.5, 35.0], [-90.0, 35.0], [-90.0, 32.5], [-92.5, 32.5]]]}, "properties": {"cell_id": "107_49", "lon": -91.25, "lat": 33.75}}, {"type": "Feature", "geometry": {"type": "Polygon", "coordinates": [[[-92.5, 35.0], [-92.5, 37.5], [-90.0, 37.5], [-90.0, 35.0], [-92.5, 35.0]]]}, "properties": {"cell_id": "107_50", "lon": -91.25, "lat": 36.25}}, {"type": "Feature", "geometry": {"type": "Polygon", "coordinates": [[[-92.5, 37.5], [-92.5, 40.0], [-90.0, 40.0], [-90.0, 37.5], [-92.5, 37.5]]]}, "properties": {"cell_id": "107_51", "lon": -91.25, "lat": 38.75}}, {"type": "Feature", "geometry": {"type": "Polygon", "coordinates": [[[-92.5, 40.0], [-92.5, 42.5], [-90.0, 42.5], [-90.0, 40.0], [-92.5, 40.0]]]}, "properties": {"cell_id": "107_52", "lon": -91.25, "lat": 41.25}}, {"type": "Feature", "geometry": {"type": "Polygon", "coordinates": [[[-92.5, 42.5], [-92.5, 45.0], [-90.0, 45.0], [-90.0, 42.5], [-92.5, 42.5]]]}, "properties": {"cell_id": "107_53", "lon": -91.25, "lat": 43.75}}, {"type": "Feature", "geometry": {"type": "Polygon", "coordinates": [[[-92.5, 45.0], [-92.5, 47.5], [-90.0, 47.5], [-90.0, 45.0], [-92.5, 45.0]]]}, "properties": {"cell_id": "107_54", "lon": -91.25, "lat": 46.25}}, {"type": "Feature", "geometry": {"type": "Polygon", "coordinates": [[[-92.5, 47.5], [-92.5, 50.0], [-90.0, 50.0], [-90.0, 47.5], [-92.5, 47.5]]]}, "properties": {"cell_id": "107_55", "lon": -91.25, "lat": 48.75}}, {"type": "Feature", "geometry": {"type": "Polygon", "coordinates": [[[-92.5, 50.0], [-92.5, 52.5], [-90.0, 52.5], [-90.0, 50.0], [-92.5, 50.0]]]}, "properties": {"cell_id": "107_56", "lon": -91.25, "lat": 51.25}}, {"type": "Feature", "geometry": {"type": "Polygon", "coordinates": [[[-92.5, 52.5], [-92.5, 55.0], [-90.0, 55.0], [-90.0, 52.5], [-92.5, 52.5]]]}, "properties": {"cell_id": "107_57", "lon": -91.25, "lat": 53.75}}, {"type": "Feature", "geometry": {"type": "Polygon", "coordinates": [[[-92.5, 55.0], [-92.5, 57.5], [-90.0, 57.5], [-90.0, 55.0], [-92.5, 55.0]]]}, "properties": {"cell_id": "107_58", "lon": -91.25, "lat": 56.25}}, {"type": "Feature", "geometry": {"type": "Polygon", "coordinates": [[[-92.5, 62.5], [-92.5, 65.0], [-90.0, 65.0], [-90.0, 62.5], [-92.5, 62.5]]]}, "properties": {"cell_id": "107_61", "lon": -91.25, "lat": 63.75}}, {"type": "Feature", "geometry": {"type": "Polygon", "coordinates": [[[-92.5, 65.0], [-92.5, 67.5], [-90.0, 67.5], [-90.0, 65.0], [-92.5, 65.0]]]}, "properties": {"cell_id": "107_62", "lon": -91.25, "lat": 66.25}}, {"type": "Feature", "geometry": {"type": "Polygon", "coordinates": [[[-92.5, 67.5], [-92.5, 70.0], [-90.0, 70.0], [-90.0, 67.5], [-92.5, 67.5]]]}, "properties": {"cell_id": "107_63", "lon": -91.25, "lat": 68.75}}, {"type": "Feature", "geometry": {"type": "Polygon", "coordinates": [[[-92.5, 72.5], [-92.5, 75.0], [-90.0, 75.0], [-90.0, 72.5], [-92.5, 72.5]]]}, "properties": {"cell_id": "107_65", "lon": -91.25, "lat": 73.75}}, {"type": "Feature", "geometry": {"type": "Polygon", "coordinates": [[[-92.5, 75.0], [-92.5, 77.5], [-90.0, 77.5], [-90.0, 75.0], [-92.5, 75.0]]]}, "properties": {"cell_id": "107_66", "lon": -91.25, "lat": 76.25}}, {"type": "Feature", "geometry": {"type": "Polygon", "coordinates": [[[-92.5, 77.5], [-92.5, 80.0], [-90.0, 80.0], [-90.0, 77.5], [-92.5, 77.5]]]}, "properties": {"cell_id": "107_67", "lon": -91.25, "lat": 78.75}}, {"type": "Feature", "geometry": {"type": "Polygon", "coordinates": [[[-90.0, 12.5], [-90.0, 15.0], [-87.5, 15.0], [-87.5, 12.5], [-90.0, 12.5]]]}, "properties": {"cell_id": "108_41", "lon": -88.75, "lat": 13.75}}, {"type": "Feature", "geometry": {"type": "Polygon", "coordinates": [[[-90.0, 15.0], [-90.0, 17.5], [-87.5, 17.5], [-87.5, 15.0], [-90.0, 15.0]]]}, "properties": {"cell_id": "108_42", "lon": -88.75, "lat": 16.25}}, {"type": "Feature", "geometry": {"type": "Polygon", "coordinates": [[[-90.0, 17.5], [-90.0, 20.0], [-87.5, 20.0], [-87.5, 17.5], [-90.0, 17.5]]]}, "properties": {"cell_id": "108_43", "lon": -88.75, "lat": 18.75}}, {"type": "Feature", "geometry": {"type": "Polygon", "coordinates": [[[-90.0, 20.0], [-90.0, 22.5], [-87.5, 22.5], [-87.5, 20.0], [-90.0, 20.0]]]}, "properties": {"cell_id": "108_44", "lon": -88.75, "lat": 21.25}}, {"type": "Feature", "geometry": {"type": "Polygon", "coordinates": [[[-90.0, 30.0], [-90.0, 32.5], [-87.5, 32.5], [-87.5, 30.0], [-90.0, 30.0]]]}, "properties": {"cell_id": "108_48", "lon": -88.75, "lat": 31.25}}, {"type": "Feature", "geometry": {"type": "Polygon", "coordinates": [[[-90.0, 32.5], [-90.0, 35.0], [-87.5, 35.0], [-87.5, 32.5], [-90.0, 32.5]]]}, "properties": {"cell_id": "108_49", "lon": -88.75, "lat": 33.75}}, {"type": "Feature", "geometry": {"type": "Polygon", "coordinates": [[[-90.0, 35.0], [-90.0, 37.5], [-87.5, 37.5], [-87.5, 35.0], [-90.0, 35.0]]]}, "properties": {"cell_id": "108_50", "lon": -88.75, "lat": 36.25}}, {"type": "Feature", "geometry": {"type": "Polygon", "coordinates": [[[-90.0, 37.5], [-90.0, 40.0], [-87.5, 40.0], [-87.5, 37.5], [-90.0, 37.5]]]}, "properties": {"cell_id": "108_51", "lon": -88.75, "lat": 38.75}}, {"type": "Feature", "geometry": {"type": "Polygon", "coordinates": [[[-90.0, 40.0], [-90.0, 42.5], [-87.5, 42.5], [-87.5, 40.0], [-90.0, 40.0]]]}, "properties": {"cell_id": "108_52", "lon": -88.75, "lat": 41.25}}, {"type": "Feature", "geometry": {"type": "Polygon", "coordinates": [[[-90.0, 42.5], [-90.0, 45.0], [-87.5, 45.0], [-87.5, 42.5], [-90.0, 42.5]]]}, "properties": {"cell_id": "108_53", "lon": -88.75, "lat": 43.75}}, {"type": "Feature", "geometry": {"type": "Polygon", "coordinates": [[[-90.0, 45.0], [-90.0, 47.5], [-87.5, 47.5], [-87.5, 45.0], [-90.0, 45.0]]]}, "properties": {"cell_id": "108_54", "lon": -88.75, "lat": 46.25}}, {"type": "Feature", "geometry": {"type": "Polygon", "coordinates": [[[-90.0, 47.5], [-90.0, 50.0], [-87.5, 50.0], [-87.5, 47.5], [-90.0, 47.5]]]}, "properties": {"cell_id": "108_55", "lon": -88.75, "lat": 48.75}}, {"type": "Feature", "geometry": {"type": "Polygon", "coordinates": [[[-90.0, 50.0], [-90.0, 52.5], [-87.5, 52.5], [-87.5, 50.0], [-90.0, 50.0]]]}, "properties": {"cell_id": "108_56", "lon": -88.75, "lat": 51.25}}, {"type": "Feature", "geometry": {"type": "Polygon", "coordinates": [[[-90.0, 52.5], [-90.0, 55.0], [-87.5, 55.0], [-87.5, 52.5], [-90.0, 52.5]]]}, "properties": {"cell_id": "108_57", "lon": -88.75, "lat": 53.75}}, {"type": "Feature", "geometry": {"type": "Polygon", "coordinates": [[[-90.0, 55.0], [-90.0, 57.5], [-87.5, 57.5], [-87.5, 55.0], [-90.0, 55.0]]]}, "properties": {"cell_id": "108_58", "lon": -88.75, "lat": 56.25}}, {"type": "Feature", "geometry": {"type": "Polygon", "coordinates": [[[-90.0, 65.0], [-90.0, 67.5], [-87.5, 67.5], [-87.5, 65.0], [-90.0, 65.0]]]}, "properties": {"cell_id": "108_62", "lon": -88.75, "lat": 66.25}}, {"type": "Feature", "geometry": {"type": "Polygon", "coordinates": [[[-90.0, 67.5], [-90.0, 70.0], [-87.5, 70.0], [-87.5, 67.5], [-90.0, 67.5]]]}, "properties": {"cell_id": "108_63", "lon": -88.75, "lat": 68.75}}, {"type": "Feature", "geometry": {"type": "Polygon", "coordinates": [[[-90.0, 70.0], [-90.0, 72.5], [-87.5, 72.5], [-87.5, 70.0], [-90.0, 70.0]]]}, "properties": {"cell_id": "108_64", "lon": -88.75, "lat": 71.25}}, {"type": "Feature", "geometry": {"type": "Polygon", "coordinates": [[[-90.0, 77.5], [-90.0, 80.0], [-87.5, 80.0], [-87.5, 77.5], [-90.0, 77.5]]]}, "properties": {"cell_id": "108_67", "lon": -88.75, "lat": 78.75}}, {"type": "Feature", "geometry": {"type": "Polygon", "coordinates": [[[-90.0, 80.0], [-90.0, 82.5], [-87.5, 82.5], [-87.5, 80.0], [-90.0, 80.0]]]}, "properties": {"cell_id": "108_68", "lon": -88.75, "lat": 81.25}}, {"type": "Feature", "geometry": {"type": "Polygon", "coordinates": [[[-87.5, 12.5], [-87.5, 15.0], [-85.0, 15.0], [-85.0, 12.5], [-87.5, 12.5]]]}, "properties": {"cell_id": "109_41", "lon": -86.25, "lat": 13.75}}, {"type": "Feature", "geometry": {"type": "Polygon", "coordinates": [[[-87.5, 30.0], [-87.5, 32.5], [-85.0, 32.5], [-85.0, 30.0], [-87.5, 30.0]]]}, "properties": {"cell_id": "109_48", "lon": -86.25, "lat": 31.25}}, {"type": "Feature", "geometry": {"type": "Polygon", "coordinates": [[[-87.5, 32.5], [-87.5, 35.0], [-85.0, 35.0], [-85.0, 32.5], [-87.5, 32.5]]]}, "properties": {"cell_id": "109_49", "lon": -86.25, "lat": 33.75}}, {"type": "Feature", "geometry": {"type": "Polygon", "coordinates": [[[-87.5, 35.0], [-87.5, 37.5], [-85.0, 37.5], [-85.0, 35.0], [-87.5, 35.0]]]}, "properties": {"cell_id": "109_50", "lon": -86.25, "lat": 36.25}}, {"type": "Feature", "geometry": {"type": "Polygon", "coordinates": [[[-87.5, 37.5], [-87.5, 40.0], [-85.0, 40.0], [-85.0, 37.5], [-87.5, 37.5]]]}, "properties": {"cell_id": "109_51", "lon": -86.25, "lat": 38.75}}, {"type": "Feature", "geometry": {"type": "Polygon", "coordinates": [[[-87.5, 40.0], [-87.5, 42.5], [-85.0, 42.5], [-85.0, 40.0], [-87.5, 40.0]]]}, "properties": {"cell_id": "109_52", "lon": -86.25, "lat": 41.25}}, {"type": "Feature", "geometry": {"type": "Polygon", "coordinates": [[[-87.5, 42.5], [-87.5, 45.0], [-85.0, 45.0], [-85.0, 42.5], [-87.5, 42.5]]]}, "properties": {"cell_id": "109_53", "lon": -86.25, "lat": 43.75}}, {"type": "Feature", "geometry": {"type": "Polygon", "coordinates": [[[-87.5, 45.0], [-87.5, 47.5], [-85.0, 47.5], [-85.0, 45.0], [-87.5, 45.0]]]}, "properties": {"cell_id": "109_54", "lon": -86.25, "lat": 46.25}}, {"type": "Feature", "geometry": {"type": "Polygon", "coordinates": [[[-87.5, 47.5], [-87.5, 50.0], [-85.0, 50.0], [-85.0, 47.5], [-87.5, 47.5]]]}, "properties": {"cell_id": "109_55", "lon": -86.25, "lat": 48.75}}, {"type": "Feature", "geometry": {"type": "Polygon", "coordinates": [[[-87.5, 50.0], [-87.5, 52.5], [-85.0, 52.5], [-85.0, 50.0], [-87.5, 50.0]]]}, "properties": {"cell_id": "109_56", "lon": -86.25, "lat": 51.25}}, {"type": "Feature", "geometry": {"type": "Polygon", "coordinates": [[[-87.5, 52.5], [-87.5, 55.0], [-85.0, 55.0], [-85.0, 52.5], [-87.5, 52.5]]]}, "properties": {"cell_id": "109_57", "lon": -86.25, "lat": 53.75}}, {"type": "Feature", "geometry": {"type": "Polygon", "coordinates": [[[-87.5, 62.5], [-87.5, 65.0], [-85.0, 65.0], [-85.0, 62.5], [-87.5, 62.5]]]}, "properties": {"cell_id": "109_61", "lon": -86.25, "lat": 63.75}}, {"type": "Feature", "geometry": {"type": "Polygon", "coordinates": [[[-87.5, 65.0], [-87.5, 67.5], [-85.0, 67.5], [-85.0, 65.0], [-87.5, 65.0]]]}, "properties": {"cell_id": "109_62", "lon": -86.25, "lat": 66.25}}, {"type": "Feature", "geometry": {"type": "Polygon", "coordinates": [[[-87.5, 70.0], [-87.5, 72.5], [-85.0, 72.5], [-85.0, 70.0], [-87.5, 70.0]]]}, "properties": {"cell_id": "109_64", "lon": -86.25, "lat": 71.25}}, {"type": "Feature", "geometry": {"type": "Polygon", "coordinates": [[[-87.5, 72.5], [-87.5, 75.0], [-85.0, 75.0], [-85.0, 72.5], [-87.5, 72.5]]]}, "properties": {"cell_id": "109_65", "lon": -86.25, "lat": 73.75}}, {"type": "Feature", "geometry": {"type": "Polygon", "coordinates": [[[-87.5, 77.5], [-87.5, 80.0], [-85.0, 80.0], [-85.0, 77.5], [-87.5, 77.5]]]}, "properties": {"cell_id": "109_67", "lon": -86.25, "lat": 78.75}}, {"type": "Feature", "geometry": {"type": "Polygon", "coordinates": [[[-87.5, 80.0], [-87.5, 82.5], [-85.0, 82.5], [-85.0, 80.0], [-87.5, 80.0]]]}, "properties": {"cell_id": "109_68", "lon": -86.25, "lat": 81.25}}, {"type": "Feature", "geometry": {"type": "Polygon", "coordinates": [[[-85.0, 12.5], [-85.0, 15.0], [-82.5, 15.0], [-82.5, 12.5], [-85.0, 12.5]]]}, "properties": {"cell_id": "110_41", "lon": -83.75, "lat": 13.75}}, {"type": "Feature", "geometry": {"type": "Polygon", "coordinates": [[[-85.0, 30.0], [-85.0, 32.5], [-82.5, 32.5], [-82.5, 30.0], [-85.0, 30.0]]]}, "properties": {"cell_id": "110_48", "lon": -83.75, "lat": 31.25}}, {"type": "Feature", "geometry": {"type": "Polygon", "coordinates": [[[-85.0, 32.5], [-85.0, 35.0], [-82.5, 35.0], [-82.5, 32.5], [-85.0, 32.5]]]}, "properties": {"cell_id": "110_49", "lon": -83.75, "lat": 33.75}}, {"type": "Feature", "geometry": {"type": "Polygon", "coordinates": [[[-85.0, 35.0], [-85.0, 37.5], [-82.5, 37.5], [-82.5, 35.0], [-85.0, 35.0]]]}, "properties": {"cell_id": "110_50", "lon": -83.75, "lat": 36.25}}, {"type": "Feature", "geometry": {"type": "Polygon", "coordinates": [[[-85.0, 37.5], [-85.0, 40.0], [-82.5, 40.0], [-82.5, 37.5], [-85.0, 37.5]]]}, "properties": {"cell_id": "110_51", "lon": -83.75, "lat": 38.75}}, {"type": "Feature", "geometry": {"type": "Polygon", "coordinates": [[[-85.0, 40.0], [-85.0, 42.5], [-82.5, 42.5], [-82.5, 40.0], [-85.0, 40.0]]]}, "properties": {"cell_id": "110_52", "lon": -83.75, "lat": 41.25}}, {"type": "Feature", "geometry": {"type": "Polygon", "coordinates": [[[-85.0, 42.5], [-85.0, 45.0], [-82.5, 45.0], [-82.5, 42.5], [-85.0, 42.5]]]}, "properties": {"cell_id": "110_53", "lon": -83.75, "lat": 43.75}}, {"type": "Feature", "geometry": {"type": "Polygon", "coordinates": [[[-85.0, 45.0], [-85.0, 47.5], [-82.5, 47.5], [-82.5, 45.0], [-85.0, 45.0]]]}, "properties": {"cell_id": "110_54", "lon": -83.75, "lat": 46.25}}, {"type": "Feature", "geometry": {"type": "Polygon", "coordinates": [[[-85.0, 47.5], [-85.0, 50.0], [-82.5, 50.0], [-82.5, 47.5], [-85.0, 47.5]]]}, "properties": {"cell_id": "110_55", "lon": -83.75, "lat": 48.75}}, {"type": "Feature", "geometry": {"type": "Polygon", "coordinates": [[[-85.0, 50.0], [-85.0, 52.5], [-82.5, 52.5], [-82.5, 50.0], [-85.0, 50.0]]]}, "properties": {"cell_id": "110_56", "lon": -83.75, "lat": 51.25}}, {"type": "Feature", "geometry": {"type": "Polygon", "coordinates": [[[-85.0, 52.5], [-85.0, 55.0], [-82.5, 55.0], [-82.5, 52.5], [-85.0, 52.5]]]}, "properties": {"cell_id": "110_57", "lon": -83.75, "lat": 53.75}}, {"type": "Feature", "geometry": {"type": "Polygon", "coordinates": [[[-85.0, 67.5], [-85.0, 70.0], [-82.5, 70.0], [-82.5, 67.5], [-85.0, 67.5]]]}, "properties": {"cell_id": "110_63", "lon": -83.75, "lat": 68.75}}, {"type": "Feature", "geometry": {"type": "Polygon", "coordinates": [[[-85.0, 70.0], [-85.0, 72.5], [-82.5, 72.5], [-82.5, 70.0], [-85.0, 70.0]]]}, "properties": {"cell_id": "110_64", "lon": -83.75, "lat": 71.25}}, {"type": "Feature", "geometry": {"type": "Polygon", "coordinates": [[[-85.0, 77.5], [-85.0, 80.0], [-82.5, 80.0], [-82.5, 77.5], [-85.0, 77.5]]]}, "properties": {"cell_id": "110_67", "lon": -83.75, "lat": 78.75}}, {"type": "Feature", "geometry": {"type": "Polygon", "coordinates": [[[-85.0, 80.0], [-85.0, 82.5], [-82.5, 82.5], [-82.5, 80.0], [-85.0, 80.0]]]}, "properties": {"cell_id": "110_68", "lon": -83.75, "lat": 81.25}}, {"type": "Feature", "geometry": {"type": "Polygon", "coordinates": [[[-82.5, 7.5], [-82.5, 10.0], [-80.0, 10.0], [-80.0, 7.5], [-82.5, 7.5]]]}, "properties": {"cell_id": "111_39", "lon": -81.25, "lat": 8.75}}, {"type": "Feature", "geometry": {"type": "Polygon", "coordinates": [[[-82.5, 25.0], [-82.5, 27.5], [-80.0, 27.5], [-80.0, 25.0], [-82.5, 25.0]]]}, "properties": {"cell_id": "111_46", "lon": -81.25, "lat": 26.25}}, {"type": "Feature", "geometry": {"type": "Polygon", "coordinates": [[[-82.5, 27.5], [-82.5, 30.0], [-80.0, 30.0], [-80.0, 27.5], [-82.5, 27.5]]]}, "properties": {"cell_id": "111_47", "lon": -81.25, "lat": 28.75}}, {"type": "Feature", "geometry": {"type": "Polygon", "coordinates": [[[-82.5, 32.5], [-82.5, 35.0], [-80.0, 35.0], [-80.0, 32.5], [-82.5, 32.5]]]}, "properties": {"cell_id": "111_49", "lon": -81.25, "lat": 33.75}}, {"type": "Feature", "geometry": {"type": "Polygon", "coordinates": [[[-82.5, 35.0], [-82.5, 37.5], [-80.0, 37.5], [-80.0, 35.0], [-82.5, 35.0]]]}, "properties": {"cell_id": "111_50", "lon": -81.25, "lat": 36.25}}, {"type": "Feature", "geometry": {"type": "Polygon", "coordinates": [[[-82.5, 37.5], [-82.5, 40.0], [-80.0, 40.0], [-80.0, 37.5], [-82.5, 37.5]]]}, "properties": {"cell_id": "111_51", "lon": -81.25, "lat": 38.75}}, {"type": "Feature", "geometry": {"type": "Polygon", "coordinates": [[[-82.5, 40.0], [-82.5, 42.5], [-80.0, 42.5], [-80.0, 40.0], [-82.5, 40.0]]]}, "properties": {"cell_id": "111_52", "lon": -81.25, "lat": 41.25}}, {"type": "Feature", "geometry": {"type": "Polygon", "coordinates": [[[-82.5, 42.5], [-82.5, 45.0], [-80.0, 45.0], [-80.0, 42.5], [-82.5, 42.5]]]}, "properties": {"cell_id": "111_53", "lon": -81.25, "lat": 43.75}}, {"type": "Feature", "geometry": {"type": "Polygon", "coordinates": [[[-82.5, 45.0], [-82.5, 47.5], [-80.0, 47.5], [-80.0, 45.0], [-82.5, 45.0]]]}, "properties": {"cell_id": "111_54", "lon": -81.25, "lat": 46.25}}, {"type": "Feature", "geometry": {"type": "Polygon", "coordinates": [[[-82.5, 47.5], [-82.5, 50.0], [-80.0, 50.0], [-80.0, 47.5], [-82.5, 47.5]]]}, "properties": {"cell_id": "111_55", "lon": -81.25, "lat": 48.75}}, {"type": "Feature", "geometry": {"type": "Polygon", "coordinates": [[[-82.5, 50.0], [-82.5, 52.5], [-80.0, 52.5], [-80.0, 50.0], [-82.5, 50.0]]]}, "properties": {"cell_id": "111_56", "lon": -81.25, "lat": 51.25}}, {"type": "Feature", "geometry": {"type": "Polygon", "coordinates": [[[-82.5, 62.5], [-82.5, 65.0], [-80.0, 65.0], [-80.0, 62.5], [-82.5, 62.5]]]}, "properties": {"cell_id": "111_61", "lon": -81.25, "lat": 63.75}}, {"type": "Feature", "geometry": {"type": "Polygon", "coordinates": [[[-82.5, 67.5], [-82.5, 70.0], [-80.0, 70.0], [-80.0, 67.5], [-82.5, 67.5]]]}, "properties": {"cell_id": "111_63", "lon": -81.25, "lat": 68.75}}, {"type": "Feature", "geometry": {"type": "Polygon", "coordinates": [[[-82.5, 70.0], [-82.5, 72.5], [-80.0, 72.5], [-80.0, 70.0], [-82.5, 70.0]]]}, "properties": {"cell_id": "111_64", "lon": -81.25, "lat": 71.25}}, {"type": "Feature", "geometry": {"type": "Polygon", "coordinates": [[[-82.5, 77.5], [-82.5, 80.0], [-80.0, 80.0], [-80.0, 77.5], [-82.5, 77.5]]]}, "properties": {"cell_id": "111_67", "lon": -81.25, "lat": 78.75}}, {"type": "Feature", "geometry": {"type": "Polygon", "coordinates": [[[-82.5, 80.0], [-82.5, 82.5], [-80.0, 82.5], [-80.0, 80.0], [-82.5, 80.0]]]}, "properties": {"cell_id": "111_68", "lon": -81.25, "lat": 81.25}}, {"type": "Feature", "geometry": {"type": "Polygon", "coordinates": [[[-80.0, -10.0], [-80.0, -7.5], [-77.5, -7.5], [-77.5, -10.0], [-80.0, -10.0]]]}, "properties": {"cell_id": "112_32", "lon": -78.75, "lat": -8.75}}, {"type": "Feature", "geometry": {"type": "Polygon", "coordinates": [[[-80.0, -7.5], [-80.0, -5.0], [-77.5, -5.0], [-77.5, -7.5], [-80.0, -7.5]]]}, "properties": {"cell_id": "112_33", "lon": -78.75, "lat": -6.25}}, {"type": "Feature", "geometry": {"type": "Polygon", "coordinates": [[[-80.0, -5.0], [-80.0, -2.5], [-77.5, -2.5], [-77.5, -5.0], [-80.0, -5.0]]]}, "properties": {"cell_id": "112_34", "lon": -78.75, "lat": -3.75}}, {"type": "Feature", "geometry": {"type": "Polygon", "coordinates": [[[-80.0, -2.5], [-80.0, 0.0], [-77.5, 0.0], [-77.5, -2.5], [-80.0, -2.5]]]}, "properties": {"cell_id": "112_35", "lon": -78.75, "lat": -1.25}}, {"type": "Feature", "geometry": {"type": "Polygon", "coordinates": [[[-80.0, 0.0], [-80.0, 2.5], [-77.5, 2.5], [-77.5, 0.0], [-80.0, 0.0]]]}, "properties": {"cell_id": "112_36", "lon": -78.75, "lat": 1.25}}, {"type": "Feature", "geometry": {"type": "Polygon", "coordinates": [[[-80.0, 32.5], [-80.0, 35.0], [-77.5, 35.0], [-77.5, 32.5], [-80.0, 32.5]]]}, "properties": {"cell_id": "112_49", "lon": -78.75, "lat": 33.75}}, {"type": "Feature", "geometry": {"type": "Polygon", "coordinates": [[[-80.0, 35.0], [-80.0, 37.5], [-77.5, 37.5], [-77.5, 35.0], [-80.0, 35.0]]]}, "properties": {"cell_id": "112_50", "lon": -78.75, "lat": 36.25}}, {"type": "Feature", "geometry": {"type": "Polygon", "coordinates": [[[-80.0, 37.5], [-80.0, 40.0], [-77.5, 40.0], [-77.5, 37.5], [-80.0, 37.5]]]}, "properties": {"cell_id": "112_51", "lon": -78.75, "lat": 38.75}}, {"type": "Feature", "geometry": {"type": "Polygon", "coordinates": [[[-80.0, 40.0], [-80.0, 42.5], [-77.5, 42.5], [-77.5, 40.0], [-80.0, 40.0]]]}, "properties": {"cell_id": "112_52", "lon": -78.75, "lat": 41.25}}, {"type": "Feature", "geometry": {"type": "Polygon", "coordinates": [[[-80.0, 42.5], [-80.0, 45.0], [-77.5, 45.0], [-77.5, 42.5], [-80.0, 42.5]]]}, "properties": {"cell_id": "112_53", "lon": -78.75, "lat": 43.75}}, {"type": "Feature", "geometry": {"type": "Polygon", "coordinates": [[[-80.0, 45.0], [-80.0, 47.5], [-77.5, 47.5], [-77.5, 45.0], [-80.0, 45.0]]]}, "properties": {"cell_id": "112_54", "lon": -78.75, "lat": 46.25}}, {"type": "Feature", "geometry": {"type": "Polygon", "coordinates": [[[-80.0, 47.5], [-80.0, 50.0], [-77.5, 50.0], [-77.5, 47.5], [-80.0, 47.5]]]}, "properties": {"cell_id": "112_55", "lon": -78.75, "lat": 48.75}}, {"type": "Feature", "geometry": {"type": "Polygon", "coordinates": [[[-80.0, 50.0], [-80.0, 52.5], [-77.5, 52.5], [-77.5, 50.0], [-80.0, 50.0]]]}, "properties": {"cell_id": "112_56", "lon": -78.75, "lat": 51.25}}, {"type": "Feature", "geometry": {"type": "Polygon", "coordinates": [[[-80.0, 52.5], [-80.0, 55.0], [-77.5, 55.0], [-77.5, 52.5], [-80.0, 52.5]]]}, "properties": {"cell_id": "112_57", "lon": -78.75, "lat": 53.75}}, {"type": "Feature", "geometry": {"type": "Polygon", "coordinates": [[[-80.0, 70.0], [-80.0, 72.5], [-77.5, 72.5], [-77.5, 70.0], [-80.0, 70.0]]]}, "properties": {"cell_id": "112_64", "lon": -78.75, "lat": 71.25}}, {"type": "Feature", "geometry": {"type": "Polygon", "coordinates": [[[-80.0, 77.5], [-80.0, 80.0], [-77.5, 80.0], [-77.5, 77.5], [-80.0, 77.5]]]}, "properties": {"cell_id": "112_67", "lon": -78.75, "lat": 78.75}}, {"type": "Feature", "geometry": {"type": "Polygon", "coordinates": [[[-80.0, 80.0], [-80.0, 82.5], [-77.5, 82.5], [-77.5, 80.0], [-80.0, 80.0]]]}, "properties": {"cell_id": "112_68", "lon": -78.75, "lat": 81.25}}, {"type": "Feature", "geometry": {"type": "Polygon", "coordinates": [[[-77.5, -15.0], [-77.5, -12.5], [-75.0, -12.5], [-75.0, -15.0], [-77.5, -15.0]]]}, "properties": {"cell_id": "113_30", "lon": -76.25, "lat": -13.75}}, {"type": "Feature", "geometry": {"type": "Polygon", "coordinates": [[[-77.5, -12.5], [-77.5, -10.0], [-75.0, -10.0], [-75.0, -12.5], [-77.5, -12.5]]]}, "properties": {"cell_id": "113_31", "lon": -76.25, "lat": -11.25}}, {"type": "Feature", "geometry": {"type": "Polygon", "coordinates": [[[-77.5, -10.0], [-77.5, -7.5], [-75.0, -7.5], [-75.0, -10.0], [-77.5, -10.0]]]}, "properties": {"cell_id": "113_32", "lon": -76.25, "lat": -8.75}}, {"type": "Feature", "geometry": {"type": "Polygon", "coordinates": [[[-77.5, -7.5], [-77.5, -5.0], [-75.0, -5.0], [-75.0, -7.5], [-77.5, -7.5]]]}, "properties": {"cell_id": "113_33", "lon": -76.25, "lat": -6.25}}, {"type": "Feature", "geometry": {"type": "Polygon", "coordinates": [[[-77.5, -5.0], [-77.5, -2.5], [-75.0, -2.5], [-75.0, -5.0], [-77.5, -5.0]]]}, "properties": {"cell_id": "113_34", "lon": -76.25, "lat": -3.75}}, {"type": "Feature", "geometry": {"type": "Polygon", "coordinates": [[[-77.5, -2.5], [-77.5, 0.0], [-75.0, 0.0], [-75.0, -2.5], [-77.5, -2.5]]]}, "properties": {"cell_id": "113_35", "lon": -76.25, "lat": -1.25}}, {"type": "Feature", "geometry": {"type": "Polygon", "coordinates": [[[-77.5, 0.0], [-77.5, 2.5], [-75.0, 2.5], [-75.0, 0.0], [-77.5, 0.0]]]}, "properties": {"cell_id": "113_36", "lon": -76.25, "lat": 1.25}}, {"type": "Feature", "geometry": {"type": "Polygon", "coordinates": [[[-77.5, 2.5], [-77.5, 5.0], [-75.0, 5.0], [-75.0, 2.5], [-77.5, 2.5]]]}, "properties": {"cell_id": "113_37", "lon": -76.25, "lat": 3.75}}, {"type": "Feature", "geometry": {"type": "Polygon", "coordinates": [[[-77.5, 5.0], [-77.5, 7.5], [-75.0, 7.5], [-75.0, 5.0], [-77.5, 5.0]]]}, "properties": {"cell_id": "113_38", "lon": -76.25, "lat": 6.25}}, {"type": "Feature", "geometry": {"type": "Polygon", "coordinates": [[[-77.5, 7.5], [-77.5, 10.0], [-75.0, 10.0], [-75.0, 7.5], [-77.5, 7.5]]]}, "properties": {"cell_id": "113_39", "lon": -76.25, "lat": 8.75}}, {"type": "Feature", "geometry": {"type": "Polygon", "coordinates": [[[-77.5, 35.0], [-77.5, 37.5], [-75.0, 37.5], [-75.0, 35.0], [-77.5, 35.0]]]}, "properties": {"cell_id": "113_50", "lon": -76.25, "lat": 36.25}}, {"type": "Feature", "geometry": {"type": "Polygon", "coordinates": [[[-77.5, 37.5], [-77.5, 40.0], [-75.0, 40.0], [-75.0, 37.5], [-77.5, 37.5]]]}, "properties": {"cell_id": "113_51", "lon": -76.25, "lat": 38.75}}, {"type": "Feature", "geometry": {"type": "Polygon", "coordinates": [[[-77.5, 40.0], [-77.5, 42.5], [-75.0, 42.5], [-75.0, 40.0], [-77.5, 40.0]]]}, "properties": {"cell_id": "113_52", "lon": -76.25, "lat": 41.25}}, {"type": "Feature", "geometry": {"type": "Polygon", "coordinates": [[[-77.5, 42.5], [-77.5, 45.0], [-75.0, 45.0], [-75.0, 42.5], [-77.5, 42.5]]]}, "properties": {"cell_id": "113_53", "lon": -76.25, "lat": 43.75}}, {"type": "Feature", "geometry": {"type": "Polygon", "coordinates": [[[-77.5, 45.0], [-77.5, 47.5], [-75.0, 47.5], [-75.0, 45.0], [-77.5, 45.0]]]}, "properties": {"cell_id": "113_54", "lon": -76.25, "lat": 46.25}}, {"type": "Feature", "geometry": {"type": "Polygon", "coordinates": [[[-77.5, 47.5], [-77.5, 50.0], [-75.0, 50.0], [-75.0, 47.5], [-77.5, 47.5]]]}, "properties": {"cell_id": "113_55", "lon": -76.25, "lat": 48.75}}, {"type": "Feature", "geometry": {"type": "Polygon", "coordinates": [[[-77.5, 50.0], [-77.5, 52.5], [-75.0, 52.5], [-75.0, 50.0], [-77.5, 50.0]]]}, "properties": {"cell_id": "113_56", "lon": -76.25, "lat": 51.25}}, {"type": "Feature", "geometry": {"type": "Polygon", "coordinates": [[[-77.5, 52.5], [-77.5, 55.0], [-75.0, 55.0], [-75.0, 52.5], [-77.5, 52.5]]]}, "properties": {"cell_id": "113_57", "lon": -76.25, "lat": 53.75}}, {"type": "Feature", "geometry": {"type": "Polygon", "coordinates": [[[-77.5, 55.0], [-77.5, 57.5], [-75.0, 57.5], [-75.0, 55.0], [-77.5, 55.0]]]}, "properties": {"cell_id": "113_58", "lon": -76.25, "lat": 56.25}}, {"type": "Feature", "geometry": {"type": "Polygon", "coordinates": [[[-77.5, 57.5], [-77.5, 60.0], [-75.0, 60.0], [-75.0, 57.5], [-77.5, 57.5]]]}, "properties": {"cell_id": "113_59", "lon": -76.25, "lat": 58.75}}, {"type": "Feature", "geometry": {"type": "Polygon", "coordinates": [[[-77.5, 60.0], [-77.5, 62.5], [-75.0, 62.5], [-75.0, 60.0], [-77.5, 60.0]]]}, "properties": {"cell_id": "113_60", "lon": -76.25, "lat": 61.25}}, {"type": "Feature", "geometry": {"type": "Polygon", "coordinates": [[[-77.5, 70.0], [-77.5, 72.5], [-75.0, 72.5], [-75.0, 70.0], [-77.5, 70.0]]]}, "properties": {"cell_id": "113_64", "lon": -76.25, "lat": 71.25}}, {"type": "Feature", "geometry": {"type": "Polygon", "coordinates": [[[-77.5, 77.5], [-77.5, 80.0], [-75.0, 80.0], [-75.0, 77.5], [-77.5, 77.5]]]}, "properties": {"cell_id": "113_67", "lon": -76.25, "lat": 78.75}}, {"type": "Feature", "geometry": {"type": "Polygon", "coordinates": [[[-77.5, 80.0], [-77.5, 82.5], [-75.0, 82.5], [-75.0, 80.0], [-77.5, 80.0]]]}, "properties": {"cell_id": "113_68", "lon": -76.25, "lat": 81.25}}, {"type": "Feature", "geometry": {"type": "Polygon", "coordinates": [[[-75.0, -52.5], [-75.0, -50.0], [-72.5, -50.0], [-72.5, -52.5], [-75.0, -52.5]]]}, "properties": {"cell_id": "114_15", "lon": -73.75, "lat": -51.25}}, {"type": "Feature", "geometry": {"type": "Polygon", "coordinates": [[[-75.0, -50.0], [-75.0, -47.5], [-72.5, -47.5], [-72.5, -50.0], [-75.0, -50.0]]]}, "properties": {"cell_id": "114_16", "lon": -73.75, "lat": -48.75}}, {"type": "Feature", "geometry": {"type": "Polygon", "coordinates": [[[-75.0, -47.5], [-75.0, -45.0], [-72.5, -45.0], [-72.5, -47.5], [-75.0, -47.5]]]}, "properties": {"cell_id": "114_17", "lon": -73.75, "lat": -46.25}}, {"type": "Feature", "geometry": {"type": "Polygon", "coordinates": [[[-75.0, -42.5], [-75.0, -40.0], [-72.5, -40.0], [-72.5, -42.5], [-75.0, -42.5]]]}, "properties": {"cell_id": "114_19", "lon": -73.75, "lat": -41.25}}, {"type": "Feature", "geometry": {"type": "Polygon", "coordinates": [[[-75.0, -15.0], [-75.0, -12.5], [-72.5, -12.5], [-72.5, -15.0], [-75.0, -15.0]]]}, "properties": {"cell_id": "114_30", "lon": -73.75, "lat": -13.75}}, {"type": "Feature", "geometry": {"type": "Polygon", "coordinates": [[[-75.0, -12.5], [-75.0, -10.0], [-72.5, -10.0], [-72.5, -12.5], [-75.0, -12.5]]]}, "properties": {"cell_id": "114_31", "lon": -73.75, "lat": -11.25}}, {"type": "Feature", "geometry": {"type": "Polygon", "coordinates": [[[-75.0, -10.0], [-75.0, -7.5], [-72.5, -7.5], [-72.5, -10.0], [-75.0, -10.0]]]}, "properties": {"cell_id": "114_32", "lon": -73.75, "lat": -8.75}}, {"type": "Feature", "geometry": {"type": "Polygon", "coordinates": [[[-75.0, -7.5], [-75.0, -5.0], [-72.5, -5.0], [-72.5, -7.5], [-75.0, -7.5]]]}, "properties": {"cell_id": "114_33", "lon": -73.75, "lat": -6.25}}, {"type": "Feature", "geometry": {"type": "Polygon", "coordinates": [[[-75.0, -5.0], [-75.0, -2.5], [-72.5, -2.5], [-72.5, -5.0], [-75.0, -5.0]]]}, "properties": {"cell_id": "114_34", "lon": -73.75, "lat": -3.75}}, {"type": "Feature", "geometry": {"type": "Polygon", "coordinates": [[[-75.0, -2.5], [-75.0, 0.0], [-72.5, 0.0], [-72.5, -2.5], [-75.0, -2.5]]]}, "properties": {"cell_id": "114_35", "lon": -73.75, "lat": -1.25}}, {"type": "Feature", "geometry": {"type": "Polygon", "coordinates": [[[-75.0, 0.0], [-75.0, 2.5], [-72.5, 2.5], [-72.5, 0.0], [-75.0, 0.0]]]}, "properties": {"cell_id": "114_36", "lon": -73.75, "lat": 1.25}}, {"type": "Feature", "geometry": {"type": "Polygon", "coordinates": [[[-75.0, 2.5], [-75.0, 5.0], [-72.5, 5.0], [-72.5, 2.5], [-75.0, 2.5]]]}, "properties": {"cell_id": "114_37", "lon": -73.75, "lat": 3.75}}, {"type": "Feature", "geometry": {"type": "Polygon", "coordinates": [[[-75.0, 5.0], [-75.0, 7.5], [-72.5, 7.5], [-72.5, 5.0], [-75.0, 5.0]]]}, "properties": {"cell_id": "114_38", "lon": -73.75, "lat": 6.25}}, {"type": "Feature", "geometry": {"type": "Polygon", "coordinates": [[[-75.0, 7.5], [-75.0, 10.0], [-72.5, 10.0], [-72.5, 7.5], [-75.0, 7.5]]]}, "properties": {"cell_id": "114_39", "lon": -73.75, "lat": 8.75}}, {"type": "Feature", "geometry": {"type": "Polygon", "coordinates": [[[-75.0, 10.0], [-75.0, 12.5], [-72.5, 12.5], [-72.5, 10.0], [-75.0, 10.0]]]}, "properties": {"cell_id": "114_40", "lon": -73.75, "lat": 11.25}}, {"type": "Feature", "geometry": {"type": "Polygon", "coordinates": [[[-75.0, 40.0], [-75.0, 42.5], [-72.5, 42.5], [-72.5, 40.0], [-75.0, 40.0]]]}, "properties": {"cell_id": "114_52", "lon": -73.75, "lat": 41.25}}, {"type": "Feature", "geometry": {"type": "Polygon", "coordinates": [[[-75.0, 42.5], [-75.0, 45.0], [-72.5, 45.0], [-72.5, 42.5], [-75.0, 42.5]]]}, "properties": {"cell_id": "114_53", "lon": -73.75, "lat": 43.75}}, {"type": "Feature", "geometry": {"type": "Polygon", "coordinates": [[[-75.0, 45.0], [-75.0, 47.5], [-72.5, 47.5], [-72.5, 45.0], [-75.0, 45.0]]]}, "properties": {"cell_id": "114_54", "lon": -73.75, "lat": 46.25}}, {"type": "Feature", "geometry": {"type": "Polygon", "coordinates": [[[-75.0, 47.5], [-75.0, 50.0], [-72.5, 50.0], [-72.5, 47.5], [-75.0, 47.5]]]}, "properties": {"cell_id": "114_55", "lon": -73.75, "lat": 48.75}}, {"type": "Feature", "geometry": {"type": "Polygon", "coordinates": [[[-75.0, 50.0], [-75.0, 52.5], [-72.5, 52.5], [-72.5, 50.0], [-75.0, 50.0]]]}, "properties": {"cell_id": "114_56", "lon": -73.75, "lat": 51.25}}, {"type": "Feature", "geometry": {"type": "Polygon", "coordinates": [[[-75.0, 52.5], [-75.0, 55.0], [-72.5, 55.0], [-72.5, 52.5], [-75.0, 52.5]]]}, "properties": {"cell_id": "114_57", "lon": -73.75, "lat": 53.75}}, {"type": "Feature", "geometry": {"type": "Polygon", "coordinates": [[[-75.0, 55.0], [-75.0, 57.5], [-72.5, 57.5], [-72.5, 55.0], [-75.0, 55.0]]]}, "properties": {"cell_id": "114_58", "lon": -73.75, "lat": 56.25}}, {"type": "Feature", "geometry": {"type": "Polygon", "coordinates": [[[-75.0, 57.5], [-75.0, 60.0], [-72.5, 60.0], [-72.5, 57.5], [-75.0, 57.5]]]}, "properties": {"cell_id": "114_59", "lon": -73.75, "lat": 58.75}}, {"type": "Feature", "geometry": {"type": "Polygon", "coordinates": [[[-75.0, 60.0], [-75.0, 62.5], [-72.5, 62.5], [-72.5, 60.0], [-75.0, 60.0]]]}, "properties": {"cell_id": "114_60", "lon": -73.75, "lat": 61.25}}, {"type": "Feature", "geometry": {"type": "Polygon", "coordinates": [[[-75.0, 65.0], [-75.0, 67.5], [-72.5, 67.5], [-72.5, 65.0], [-75.0, 65.0]]]}, "properties": {"cell_id": "114_62", "lon": -73.75, "lat": 66.25}}, {"type": "Feature", "geometry": {"type": "Polygon", "coordinates": [[[-75.0, 67.5], [-75.0, 70.0], [-72.5, 70.0], [-72.5, 67.5], [-75.0, 67.5]]]}, "properties": {"cell_id": "114_63", "lon": -73.75, "lat": 68.75}}, {"type": "Feature", "geometry": {"type": "Polygon", "coordinates": [[[-75.0, 70.0], [-75.0, 72.5], [-72.5, 72.5], [-72.5, 70.0], [-75.0, 70.0]]]}, "properties": {"cell_id": "114_64", "lon": -73.75, "lat": 71.25}}, {"type": "Feature", "geometry": {"type": "Polygon", "coordinates": [[[-75.0, 80.0], [-75.0, 82.5], [-72.5, 82.5], [-72.5, 80.0], [-75.0, 80.0]]]}, "properties": {"cell_id": "114_68", "lon": -73.75, "lat": 81.25}}, {"type": "Feature", "geometry": {"type": "Polygon", "coordinates": [[[-72.5, -55.0], [-72.5, -52.5], [-70.0, -52.5], [-70.0, -55.0], [-72.5, -55.0]]]}, "properties": {"cell_id": "115_14", "lon": -71.25, "lat": -53.75}}, {"type": "Feature", "geometry": {"type": "Polygon", "coordinates": [[[-72.5, -52.5], [-72.5, -50.0], [-70.0, -50.0], [-70.0, -52.5], [-72.5, -52.5]]]}, "properties": {"cell_id": "115_15", "lon": -71.25, "lat": -51.25}}, {"type": "Feature", "geometry": {"type": "Polygon", "coordinates": [[[-72.5, -50.0], [-72.5, -47.5], [-70.0, -47.5], [-70.0, -50.0], [-72.5, -50.0]]]}, "properties": {"cell_id": "115_16", "lon": -71.25, "lat": -48.75}}, {"type": "Feature", "geometry": {"type": "Polygon", "coordinates": [[[-72.5, -47.5], [-72.5, -45.0], [-70.0, -45.0], [-70.0, -47.5], [-72.5, -47.5]]]}, "properties": {"cell_id": "115_17", "lon": -71.25, "lat": -46.25}}, {"type": "Feature", "geometry": {"type": "Polygon", "coordinates": [[[-72.5, -45.0], [-72.5, -42.5], [-70.0, -42.5], [-70.0, -45.0], [-72.5, -45.0]]]}, "properties": {"cell_id": "115_18", "lon": -71.25, "lat": -43.75}}, {"type": "Feature", "geometry": {"type": "Polygon", "coordinates": [[[-72.5, -42.5], [-72.5, -40.0], [-70.0, -40.0], [-70.0, -42.5], [-72.5, -42.5]]]}, "properties": {"cell_id": "115_19", "lon": -71.25, "lat": -41.25}}, {"type": "Feature", "geometry": {"type": "Polygon", "coordinates": [[[-72.5, -40.0], [-72.5, -37.5], [-70.0, -37.5], [-70.0, -40.0], [-72.5, -40.0]]]}, "properties": {"cell_id": "115_20", "lon": -71.25, "lat": -38.75}}, {"type": "Feature", "geometry": {"type": "Polygon", "coordinates": [[[-72.5, -37.5], [-72.5, -35.0], [-70.0, -35.0], [-70.0, -37.5], [-72.5, -37.5]]]}, "properties": {"cell_id": "115_21", "lon": -71.25, "lat": -36.25}}, {"type": "Feature", "geometry": {"type": "Polygon", "coordinates": [[[-72.5, -35.0], [-72.5, -32.5], [-70.0, -32.5], [-70.0, -35.0], [-72.5, -35.0]]]}, "properties": {"cell_id": "115_22", "lon": -71.25, "lat": -33.75}}, {"type": "Feature", "geometry": {"type": "Polygon", "coordinates": [[[-72.5, -32.5], [-72.5, -30.0], [-70.0, -30.0], [-70.0, -32.5], [-72.5, -32.5]]]}, "properties": {"cell_id": "115_23", "lon": -71.25, "lat": -31.25}}, {"type": "Feature", "geometry": {"type": "Polygon", "coordinates": [[[-72.5, -30.0], [-72.5, -27.5], [-70.0, -27.5], [-70.0, -30.0], [-72.5, -30.0]]]}, "properties": {"cell_id": "115_24", "lon": -71.25, "lat": -28.75}}, {"type": "Feature", "geometry": {"type": "Polygon", "coordinates": [[[-72.5, -17.5], [-72.5, -15.0], [-70.0, -15.0], [-70.0, -17.5], [-72.5, -17.5]]]}, "properties": {"cell_id": "115_29", "lon": -71.25, "lat": -16.25}}, {"type": "Feature", "geometry": {"type": "Polygon", "coordinates": [[[-72.5, -15.0], [-72.5, -12.5], [-70.0, -12.5], [-70.0, -15.0], [-72.5, -15.0]]]}, "properties": {"cell_id": "115_30", "lon": -71.25, "lat": -13.75}}, {"type": "Feature", "geometry": {"type": "Polygon", "coordinates": [[[-72.5, -12.5], [-72.5, -10.0], [-70.0, -10.0], [-70.0, -12.5], [-72.5, -12.5]]]}, "properties": {"cell_id": "115_31", "lon": -71.25, "lat": -11.25}}, {"type": "Feature", "geometry": {"type": "Polygon", "coordinates": [[[-72.5, -10.0], [-72.5, -7.5], [-70.0, -7.5], [-70.0, -10.0], [-72.5, -10.0]]]}, "properties": {"cell_id": "115_32", "lon": -71.25, "lat": -8.75}}, {"type": "Feature", "geometry": {"type": "Polygon", "coordinates": [[[-72.5, -7.5], [-72.5, -5.0], [-70.0, -5.0], [-70.0, -7.5], [-72.5, -7.5]]]}, "properties": {"cell_id": "115_33", "lon": -71.25, "lat": -6.25}}, {"type": "Feature", "geometry": {"type": "Polygon", "coordinates": [[[-72.5, -5.0], [-72.5, -2.5], [-70.0, -2.5], [-70.0, -5.0], [-72.5, -5.0]]]}, "properties": {"cell_id": "115_34", "lon": -71.25, "lat": -3.75}}, {"type": "Feature", "geometry": {"type": "Polygon", "coordinates": [[[-72.5, -2.5], [-72.5, 0.0], [-70.0, 0.0], [-70.0, -2.5], [-72.5, -2.5]]]}, "properties": {"cell_id": "115_35", "lon": -71.25, "lat": -1.25}}, {"type": "Feature", "geometry": {"type": "Polygon", "coordinates": [[[-72.5, 0.0], [-72.5, 2.5], [-70.0, 2.5], [-70.0, 0.0], [-72.5, 0.0]]]}, "properties": {"cell_id": "115_36", "lon": -71.25, "lat": 1.25}}, {"type": "Feature", "geometry": {"type": "Polygon", "coordinates": [[[-72.5, 2.5], [-72.5, 5.0], [-70.0, 5.0], [-70.0, 2.5], [-72.5, 2.5]]]}, "properties": {"cell_id": "115_37", "lon": -71.25, "lat": 3.75}}, {"type": "Feature", "geometry": {"type": "Polygon", "coordinates": [[[-72.5, 5.0], [-72.5, 7.5], [-70.0, 7.5], [-70.0, 5.0], [-72.5, 5.0]]]}, "properties": {"cell_id": "115_38", "lon": -71.25, "lat": 6.25}}, {"type": "Feature", "geometry": {"type": "Polygon", "coordinates": [[[-72.5, 7.5], [-72.5, 10.0], [-70.0, 10.0], [-70.0, 7.5], [-72.5, 7.5]]]}, "properties": {"cell_id": "115_39", "lon": -71.25, "lat": 8.75}}, {"type": "Feature", "geometry": {"type": "Polygon", "coordinates": [[[-72.5, 17.5], [-72.5, 20.0], [-70.0, 20.0], [-70.0, 17.5], [-72.5, 17.5]]]}, "properties": {"cell_id": "115_43", "lon": -71.25, "lat": 18.75}}, {"type": "Feature", "geometry": {"type": "Polygon", "coordinates": [[[-72.5, 42.5], [-72.5, 45.0], [-70.0, 45.0], [-70.0, 42.5], [-72.5, 42.5]]]}, "properties": {"cell_id": "115_53", "lon": -71.25, "lat": 43.75}}, {"type": "Feature", "geometry": {"type": "Polygon", "coordinates": [[[-72.5, 45.0], [-72.5, 47.5], [-70.0, 47.5], [-70.0, 45.0], [-72.5, 45.0]]]}, "properties": {"cell_id": "115_54", "lon": -71.25, "lat": 46.25}}, {"type": "Feature", "geometry": {"type": "Polygon", "coordinates": [[[-72.5, 47.5], [-72.5, 50.0], [-70.0, 50.0], [-70.0, 47.5], [-72.5, 47.5]]]}, "properties": {"cell_id": "115_55", "lon": -71.25, "lat": 48.75}}, {"type": "Feature", "geometry": {"type": "Polygon", "coordinates": [[[-72.5, 50.0], [-72.5, 52.5], [-70.0, 52.5], [-70.0, 50.0], [-72.5, 50.0]]]}, "properties": {"cell_id": "115_56", "lon": -71.25, "lat": 51.25}}, {"type": "Feature", "geometry": {"type": "Polygon", "coordinates": [[[-72.5, 52.5], [-72.5, 55.0], [-70.0, 55.0], [-70.0, 52.5], [-72.5, 52.5]]]}, "properties": {"cell_id": "115_57", "lon": -71.25, "lat": 53.75}}, {"type": "Feature", "geometry": {"type": "Polygon", "coordinates": [[[-72.5, 55.0], [-72.5, 57.5], [-70.0, 57.5], [-70.0, 55.0], [-72.5, 55.0]]]}, "properties": {"cell_id": "115_58", "lon": -71.25, "lat": 56.25}}, {"type": "Feature", "geometry": {"type": "Polygon", "coordinates": [[[-72.5, 57.5], [-72.5, 60.0], [-70.0, 60.0], [-70.0, 57.5], [-72.5, 57.5]]]}, "properties": {"cell_id": "115_59", "lon": -71.25, "lat": 58.75}}, {"type": "Feature", "geometry": {"type": "Polygon", "coordinates": [[[-72.5, 62.5], [-72.5, 65.0], [-70.0, 65.0], [-70.0, 62.5], [-72.5, 62.5]]]}, "properties": {"cell_id": "115_61", "lon": -71.25, "lat": 63.75}}, {"type": "Feature", "geometry": {"type": "Polygon", "coordinates": [[[-72.5, 65.0], [-72.5, 67.5], [-70.0, 67.5], [-70.0, 65.0], [-72.5, 65.0]]]}, "properties": {"cell_id": "115_62", "lon": -71.25, "lat": 66.25}}, {"type": "Feature", "geometry": {"type": "Polygon", "coordinates": [[[-72.5, 67.5], [-72.5, 70.0], [-70.0, 70.0], [-70.0, 67.5], [-72.5, 67.5]]]}, "properties": {"cell_id": "115_63", "lon": -71.25, "lat": 68.75}}, {"type": "Feature", "geometry": {"type": "Polygon", "coordinates": [[[-72.5, 80.0], [-72.5, 82.5], [-70.0, 82.5], [-70.0, 80.0], [-72.5, 80.0]]]}, "properties": {"cell_id": "115_68", "lon": -71.25, "lat": 81.25}}, {"type": "Feature", "geometry": {"type": "Polygon", "coordinates": [[[-70.0, -55.0], [-70.0, -52.5], [-67.5, -52.5], [-67.5, -55.0], [-70.0, -55.0]]]}, "properties": {"cell_id": "116_14", "lon": -68.75, "lat": -53.75}}, {"type": "Feature", "geometry": {"type": "Polygon", "coordinates": [[[-70.0, -50.0], [-70.0, -47.5], [-67.5, -47.5], [-67.5, -50.0], [-70.0, -50.0]]]}, "properties": {"cell_id": "116_16", "lon": -68.75, "lat": -48.75}}, {"type": "Feature", "geometry": {"type": "Polygon", "coordinates": [[[-70.0, -47.5], [-70.0, -45.0], [-67.5, -45.0], [-67.5, -47.5], [-70.0, -47.5]]]}, "properties": {"cell_id": "116_17", "lon": -68.75, "lat": -46.25}}, {"type": "Feature", "geometry": {"type": "Polygon", "coordinates": [[[-70.0, -45.0], [-70.0, -42.5], [-67.5, -42.5], [-67.5, -45.0], [-70.0, -45.0]]]}, "properties": {"cell_id": "116_18", "lon": -68.75, "lat": -43.75}}, {"type": "Feature", "geometry": {"type": "Polygon", "coordinates": [[[-70.0, -42.5], [-70.0, -40.0], [-67.5, -40.0], [-67.5, -42.5], [-70.0, -42.5]]]}, "properties": {"cell_id": "116_19", "lon": -68.75, "lat": -41.25}}, {"type": "Feature", "geometry": {"type": "Polygon", "coordinates": [[[-70.0, -40.0], [-70.0, -37.5], [-67.5, -37.5], [-67.5, -40.0], [-70.0, -40.0]]]}, "properties": {"cell_id": "116_20", "lon": -68.75, "lat": -38.75}}, {"type": "Feature", "geometry": {"type": "Polygon", "coordinates": [[[-70.0, -37.5], [-70.0, -35.0], [-67.5, -35.0], [-67.5, -37.5], [-70.0, -37.5]]]}, "properties": {"cell_id": "116_21", "lon": -68.75, "lat": -36.25}}, {"type": "Feature", "geometry": {"type": "Polygon", "coordinates": [[[-70.0, -35.0], [-70.0, -32.5], [-67.5, -32.5], [-67.5, -35.0], [-70.0, -35.0]]]}, "properties": {"cell_id": "116_22", "lon": -68.75, "lat": -33.75}}, {"type": "Feature", "geometry": {"type": "Polygon", "coordinates": [[[-70.0, -32.5], [-70.0, -30.0], [-67.5, -30.0], [-67.5, -32.5], [-70.0, -32.5]]]}, "properties": {"cell_id": "116_23", "lon": -68.75, "lat": -31.25}}, {"type": "Feature", "geometry": {"type": "Polygon", "coordinates": [[[-70.0, -30.0], [-70.0, -27.5], [-67.5, -27.5], [-67.5, -30.0], [-70.0, -30.0]]]}, "properties": {"cell_id": "116_24", "lon": -68.75, "lat": -28.75}}, {"type": "Feature", "geometry": {"type": "Polygon", "coordinates": [[[-70.0, -27.5], [-70.0, -25.0], [-67.5, -25.0], [-67.5, -27.5], [-70.0, -27.5]]]}, "properties": {"cell_id": "116_25", "lon": -68.75, "lat": -26.25}}, {"type": "Feature", "geometry": {"type": "Polygon", "coordinates": [[[-70.0, -25.0], [-70.0, -22.5], [-67.5, -22.5], [-67.5, -25.0], [-70.0, -25.0]]]}, "properties": {"cell_id": "116_26", "lon": -68.75, "lat": -23.75}}, {"type": "Feature", "geometry": {"type": "Polygon", "coordinates": [[[-70.0, -22.5], [-70.0, -20.0], [-67.5, -20.0], [-67.5, -22.5], [-70.0, -22.5]]]}, "properties": {"cell_id": "116_27", "lon": -68.75, "lat": -21.25}}, {"type": "Feature", "geometry": {"type": "Polygon", "coordinates": [[[-70.0, -20.0], [-70.0, -17.5], [-67.5, -17.5], [-67.5, -20.0], [-70.0, -20.0]]]}, "properties": {"cell_id": "116_28", "lon": -68.75, "lat": -18.75}}, {"type": "Feature", "geometry": {"type": "Polygon", "coordinates": [[[-70.0, -17.5], [-70.0, -15.0], [-67.5, -15.0], [-67.5, -17.5], [-70.0, -17.5]]]}, "properties": {"cell_id": "116_29", "lon": -68.75, "lat": -16.25}}, {"type": "Feature", "geometry": {"type": "Polygon", "coordinates": [[[-70.0, -15.0], [-70.0, -12.5], [-67.5, -12.5], [-67.5, -15.0], [-70.0, -15.0]]]}, "properties": {"cell_id": "116_30", "lon": -68.75, "lat": -13.75}}, {"type": "Feature", "geometry": {"type": "Polygon", "coordinates": [[[-70.0, -12.5], [-70.0, -10.0], [-67.5, -10.0], [-67.5, -12.5], [-70.0, -12.5]]]}, "properties": {"cell_id": "116_31", "lon": -68.75, "lat": -11.25}}, {"type": "Feature", "geometry": {"type": "Polygon", "coordinates": [[[-70.0, -10.0], [-70.0, -7.5], [-67.5, -7.5], [-67.5, -10.0], [-70.0, -10.0]]]}, "properties": {"cell_id": "116_32", "lon": -68.75, "lat": -8.75}}, {"type": "Feature", "geometry": {"type": "Polygon", "coordinates": [[[-70.0, -7.5], [-70.0, -5.0], [-67.5, -5.0], [-67.5, -7.5], [-70.0, -7.5]]]}, "properties": {"cell_id": "116_33", "lon": -68.75, "lat": -6.25}}, {"type": "Feature", "geometry": {"type": "Polygon", "coordinates": [[[-70.0, -5.0], [-70.0, -2.5], [-67.5, -2.5], [-67.5, -5.0], [-70.0, -5.0]]]}, "properties": {"cell_id": "116_34", "lon": -68.75, "lat": -3.75}}, {"type": "Feature", "geometry": {"type": "Polygon", "coordinates": [[[-70.0, -2.5], [-70.0, 0.0], [-67.5, 0.0], [-67.5, -2.5], [-70.0, -2.5]]]}, "properties": {"cell_id": "116_35", "lon": -68.75, "lat": -1.25}}, {"type": "Feature", "geometry": {"type": "Polygon", "coordinates": [[[-70.0, 0.0], [-70.0, 2.5], [-67.5, 2.5], [-67.5, 0.0], [-70.0, 0.0]]]}, "properties": {"cell_id": "116_36", "lon": -68.75, "lat": 1.25}}, {"type": "Feature", "geometry": {"type": "Polygon", "coordinates": [[[-70.0, 2.5], [-70.0, 5.0], [-67.5, 5.0], [-67.5, 2.5], [-70.0, 2.5]]]}, "properties": {"cell_id": "116_37", "lon": -68.75, "lat": 3.75}}, {"type": "Feature", "geometry": {"type": "Polygon", "coordinates": [[[-70.0, 5.0], [-70.0, 7.5], [-67.5, 7.5], [-67.5, 5.0], [-70.0, 5.0]]]}, "properties": {"cell_id": "116_38", "lon": -68.75, "lat": 6.25}}, {"type": "Feature", "geometry": {"type": "Polygon", "coordinates": [[[-70.0, 7.5], [-70.0, 10.0], [-67.5, 10.0], [-67.5, 7.5], [-70.0, 7.5]]]}, "properties": {"cell_id": "116_39", "lon": -68.75, "lat": 8.75}}, {"type": "Feature", "geometry": {"type": "Polygon", "coordinates": [[[-70.0, 10.0], [-70.0, 12.5], [-67.5, 12.5], [-67.5, 10.0], [-70.0, 10.0]]]}, "properties": {"cell_id": "116_40", "lon": -68.75, "lat": 11.25}}, {"type": "Feature", "geometry": {"type": "Polygon", "coordinates": [[[-70.0, 17.5], [-70.0, 20.0], [-67.5, 20.0], [-67.5, 17.5], [-70.0, 17.5]]]}, "properties": {"cell_id": "116_43", "lon": -68.75, "lat": 18.75}}, {"type": "Feature", "geometry": {"type": "Polygon", "coordinates": [[[-70.0, 45.0], [-70.0, 47.5], [-67.5, 47.5], [-67.5, 45.0], [-70.0, 45.0]]]}, "properties": {"cell_id": "116_54", "lon": -68.75, "lat": 46.25}}, {"type": "Feature", "geometry": {"type": "Polygon", "coordinates": [[[-70.0, 50.0], [-70.0, 52.5], [-67.5, 52.5], [-67.5, 50.0], [-70.0, 50.0]]]}, "properties": {"cell_id": "116_56", "lon": -68.75, "lat": 51.25}}, {"type": "Feature", "geometry": {"type": "Polygon", "coordinates": [[[-70.0, 52.5], [-70.0, 55.0], [-67.5, 55.0], [-67.5, 52.5], [-70.0, 52.5]]]}, "properties": {"cell_id": "116_57", "lon": -68.75, "lat": 53.75}}, {"type": "Feature", "geometry": {"type": "Polygon", "coordinates": [[[-70.0, 55.0], [-70.0, 57.5], [-67.5, 57.5], [-67.5, 55.0], [-70.0, 55.0]]]}, "properties": {"cell_id": "116_58", "lon": -68.75, "lat": 56.25}}, {"type": "Feature", "geometry": {"type": "Polygon", "coordinates": [[[-70.0, 57.5], [-70.0, 60.0], [-67.5, 60.0], [-67.5, 57.5], [-70.0, 57.5]]]}, "properties": {"cell_id": "116_59", "lon": -68.75, "lat": 58.75}}, {"type": "Feature", "geometry": {"type": "Polygon", "coordinates": [[[-70.0, 62.5], [-70.0, 65.0], [-67.5, 65.0], [-67.5, 62.5], [-70.0, 62.5]]]}, "properties": {"cell_id": "116_61", "lon": -68.75, "lat": 63.75}}, {"type": "Feature", "geometry": {"type": "Polygon", "coordinates": [[[-70.0, 65.0], [-70.0, 67.5], [-67.5, 67.5], [-67.5, 65.0], [-70.0, 65.0]]]}, "properties": {"cell_id": "116_62", "lon": -68.75, "lat": 66.25}}, {"type": "Feature", "geometry": {"type": "Polygon", "coordinates": [[[-70.0, 67.5], [-70.0, 70.0], [-67.5, 70.0], [-67.5, 67.5], [-70.0, 67.5]]]}, "properties": {"cell_id": "116_63", "lon": -68.75, "lat": 68.75}}, {"type": "Feature", "geometry": {"type": "Polygon", "coordinates": [[[-70.0, 75.0], [-70.0, 77.5], [-67.5, 77.5], [-67.5, 75.0], [-70.0, 75.0]]]}, "properties": {"cell_id": "116_66", "lon": -68.75, "lat": 76.25}}, {"type": "Feature", "geometry": {"type": "Polygon", "coordinates": [[[-70.0, 77.5], [-70.0, 80.0], [-67.5, 80.0], [-67.5, 77.5], [-70.0, 77.5]]]}, "properties": {"cell_id": "116_67", "lon": -68.75, "lat": 78.75}}, {"type": "Feature", "geometry": {"type": "Polygon", "coordinates": [[[-70.0, 80.0], [-70.0, 82.5], [-67.5, 82.5], [-67.5, 80.0], [-70.0, 80.0]]]}, "properties": {"cell_id": "116_68", "lon": -68.75, "lat": 81.25}}, {"type": "Feature", "geometry": {"type": "Polygon", "coordinates": [[[-67.5, -45.0], [-67.5, -42.5], [-65.0, -42.5], [-65.0, -45.0], [-67.5, -45.0]]]}, "properties": {"cell_id": "117_18", "lon": -66.25, "lat": -43.75}}, {"type": "Feature", "geometry": {"type": "Polygon", "coordinates": [[[-67.5, -42.5], [-67.5, -40.0], [-65.0, -40.0], [-65.0, -42.5], [-67.5, -42.5]]]}, "properties": {"cell_id": "117_19", "lon": -66.25, "lat": -41.25}}, {"type": "Feature", "geometry": {"type": "Polygon", "coordinates": [[[-67.5, -40.0], [-67.5, -37.5], [-65.0, -37.5], [-65.0, -40.0], [-67.5, -40.0]]]}, "properties": {"cell_id": "117_20", "lon": -66.25, "lat": -38.75}}, {"type": "Feature", "geometry": {"type": "Polygon", "coordinates": [[[-67.5, -37.5], [-67.5, -35.0], [-65.0, -35.0], [-65.0, -37.5], [-67.5, -37.5]]]}, "properties": {"cell_id": "117_21", "lon": -66.25, "lat": -36.25}}, {"type": "Feature", "geometry": {"type": "Polygon", "coordinates": [[[-67.5, -35.0], [-67.5, -32.5], [-65.0, -32.5], [-65.0, -35.0], [-67.5, -35.0]]]}, "properties": {"cell_id": "117_22", "lon": -66.25, "lat": -33.75}}, {"type": "Feature", "geometry": {"type": "Polygon", "coordinates": [[[-67.5, -32.5], [-67.5, -30.0], [-65.0, -30.0], [-65.0, -32.5], [-67.5, -32.5]]]}, "properties": {"cell_id": "117_23", "lon": -66.25, "lat": -31.25}}, {"type": "Feature", "geometry": {"type": "Polygon", "coordinates": [[[-67.5, -30.0], [-67.5, -27.5], [-65.0, -27.5], [-65.0, -30.0], [-67.5, -30.0]]]}, "properties": {"cell_id": "117_24", "lon": -66.25, "lat": -28.75}}, {"type": "Feature", "geometry": {"type": "Polygon", "coordinates": [[[-67.5, -27.5], [-67.5, -25.0], [-65.0, -25.0], [-65.0, -27.5], [-67.5, -27.5]]]}, "properties": {"cell_id": "117_25", "lon": -66.25, "lat": -26.25}}, {"type": "Feature", "geometry": {"type": "Polygon", "coordinates": [[[-67.5, -25.0], [-67.5, -22.5], [-65.0, -22.5], [-65.0, -25.0], [-67.5, -25.0]]]}, "properties": {"cell_id": "117_26", "lon": -66.25, "lat": -23.75}}, {"type": "Feature", "geometry": {"type": "Polygon", "coordinates": [[[-67.5, -22.5], [-67.5, -20.0], [-65.0, -20.0], [-65.0, -22.5], [-67.5, -22.5]]]}, "properties": {"cell_id": "117_27", "lon": -66.25, "lat": -21.25}}, {"type": "Feature", "geometry": {"type": "Polygon", "coordinates": [[[-67.5, -20.0], [-67.5, -17.5], [-65.0, -17.5], [-65.0, -20.0], [-67.5, -20.0]]]}, "properties": {"cell_id": "117_28", "lon": -66.25, "lat": -18.75}}, {"type": "Feature", "geometry": {"type": "Polygon", "coordinates": [[[-67.5, -17.5], [-67.5, -15.0], [-65.0, -15.0], [-65.0, -17.5], [-67.5, -17.5]]]}, "properties": {"cell_id": "117_29", "lon": -66.25, "lat": -16.25}}, {"type": "Feature", "geometry": {"type": "Polygon", "coordinates": [[[-67.5, -15.0], [-67.5, -12.5], [-65.0, -12.5], [-65.0, -15.0], [-67.5, -15.0]]]}, "properties": {"cell_id": "117_30", "lon": -66.25, "lat": -13.75}}, {"type": "Feature", "geometry": {"type": "Polygon", "coordinates": [[[-67.5, -12.5], [-67.5, -10.0], [-65.0, -10.0], [-65.0, -12.5], [-67.5, -12.5]]]}, "properties": {"cell_id": "117_31", "lon": -66.25, "lat": -11.25}}, {"type": "Feature", "geometry": {"type": "Polygon", "coordinates": [[[-67.5, -10.0], [-67.5, -7.5], [-65.0, -7.5], [-65.0, -10.0], [-67.5, -10.0]]]}, "properties": {"cell_id": "117_32", "lon": -66.25, "lat": -8.75}}, {"type": "Feature", "geometry": {"type": "Polygon", "coordinates": [[[-67.5, -7.5], [-67.5, -5.0], [-65.0, -5.0], [-65.0, -7.5], [-67.5, -7.5]]]}, "properties": {"cell_id": "117_33", "lon": -66.25, "lat": -6.25}}, {"type": "Feature", "geometry": {"type": "Polygon", "coordinates": [[[-67.5, -5.0], [-67.5, -2.5], [-65.0, -2.5], [-65.0, -5.0], [-67.5, -5.0]]]}, "properties": {"cell_id": "117_34", "lon": -66.25, "lat": -3.75}}, {"type": "Feature", "geometry": {"type": "Polygon", "coordinates": [[[-67.5, -2.5], [-67.5, 0.0], [-65.0, 0.0], [-65.0, -2.5], [-67.5, -2.5]]]}, "properties": {"cell_id": "117_35", "lon": -66.25, "lat": -1.25}}, {"type": "Feature", "geometry": {"type": "Polygon", "coordinates": [[[-67.5, 0.0], [-67.5, 2.5], [-65.0, 2.5], [-65.0, 0.0], [-67.5, 0.0]]]}, "properties": {"cell_id": "117_36", "lon": -66.25, "lat": 1.25}}, {"type": "Feature", "geometry": {"type": "Polygon", "coordinates": [[[-67.5, 2.5], [-67.5, 5.0], [-65.0, 5.0], [-65.0, 2.5], [-67.5, 2.5]]]}, "properties": {"cell_id": "117_37", "lon": -66.25, "lat": 3.75}}, {"type": "Feature", "geometry": {"type": "Polygon", "coordinates": [[[-67.5, 5.0], [-67.5, 7.5], [-65.0, 7.5], [-65.0, 5.0], [-67.5, 5.0]]]}, "properties": {"cell_id": "117_38", "lon": -66.25, "lat": 6.25}}, {"type": "Feature", "geometry": {"type": "Polygon", "coordinates": [[[-67.5, 7.5], [-67.5, 10.0], [-65.0, 10.0], [-65.0, 7.5], [-67.5, 7.5]]]}, "properties": {"cell_id": "117_39", "lon": -66.25, "lat": 8.75}}, {"type": "Feature", "geometry": {"type": "Polygon", "coordinates": [[[-67.5, 45.0], [-67.5, 47.5], [-65.0, 47.5], [-65.0, 45.0], [-67.5, 45.0]]]}, "properties": {"cell_id": "117_54", "lon": -66.25, "lat": 46.25}}, {"type": "Feature", "geometry": {"type": "Polygon", "coordinates": [[[-67.5, 47.5], [-67.5, 50.0], [-65.0, 50.0], [-65.0, 47.5], [-67.5, 47.5]]]}, "properties": {"cell_id": "117_55", "lon": -66.25, "lat": 48.75}}, {"type": "Feature", "geometry": {"type": "Polygon", "coordinates": [[[-67.5, 50.0], [-67.5, 52.5], [-65.0, 52.5], [-65.0, 50.0], [-67.5, 50.0]]]}, "properties": {"cell_id": "117_56", "lon": -66.25, "lat": 51.25}}, {"type": "Feature", "geometry": {"type": "Polygon", "coordinates": [[[-67.5, 52.5], [-67.5, 55.0], [-65.0, 55.0], [-65.0, 52.5], [-67.5, 52.5]]]}, "properties": {"cell_id": "117_57", "lon": -66.25, "lat": 53.75}}, {"type": "Feature", "geometry": {"type": "Polygon", "coordinates": [[[-67.5, 55.0], [-67.5, 57.5], [-65.0, 57.5], [-65.0, 55.0], [-67.5, 55.0]]]}, "properties": {"cell_id": "117_58", "lon": -66.25, "lat": 56.25}}, {"type": "Feature", "geometry": {"type": "Polygon", "coordinates": [[[-67.5, 62.5], [-67.5, 65.0], [-65.0, 65.0], [-65.0, 62.5], [-67.5, 62.5]]]}, "properties": {"cell_id": "117_61", "lon": -66.25, "lat": 63.75}}, {"type": "Feature", "geometry": {"type": "Polygon", "coordinates": [[[-67.5, 65.0], [-67.5, 67.5], [-65.0, 67.5], [-65.0, 65.0], [-67.5, 65.0]]]}, "properties": {"cell_id": "117_62", "lon": -66.25, "lat": 66.25}}, {"type": "Feature", "geometry": {"type": "Polygon", "coordinates": [[[-67.5, 75.0], [-67.5, 77.5], [-65.0, 77.5], [-65.0, 75.0], [-67.5, 75.0]]]}, "properties": {"cell_id": "117_66", "lon": -66.25, "lat": 76.25}}, {"type": "Feature", "geometry": {"type": "Polygon", "coordinates": [[[-67.5, 77.5], [-67.5, 80.0], [-65.0, 80.0], [-65.0, 77.5], [-67.5, 77.5]]]}, "properties": {"cell_id": "117_67", "lon": -66.25, "lat": 78.75}}, {"type": "Feature", "geometry": {"type": "Polygon", "coordinates": [[[-65.0, -40.0], [-65.0, -37.5], [-62.5, -37.5], [-62.5, -40.0], [-65.0, -40.0]]]}, "properties": {"cell_id": "118_20", "lon": -63.75, "lat": -38.75}}, {"type": "Feature", "geometry": {"type": "Polygon", "coordinates": [[[-65.0, -37.5], [-65.0, -35.0], [-62.5, -35.0], [-62.5, -37.5], [-65.0, -37.5]]]}, "properties": {"cell_id": "118_21", "lon": -63.75, "lat": -36.25}}, {"type": "Feature", "geometry": {"type": "Polygon", "coordinates": [[[-65.0, -35.0], [-65.0, -32.5], [-62.5, -32.5], [-62.5, -35.0], [-65.0, -35.0]]]}, "properties": {"cell_id": "118_22", "lon": -63.75, "lat": -33.75}}, {"type": "Feature", "geometry": {"type": "Polygon", "coordinates": [[[-65.0, -32.5], [-65.0, -30.0], [-62.5, -30.0], [-62.5, -32.5], [-65.0, -32.5]]]}, "properties": {"cell_id": "118_23", "lon": -63.75, "lat": -31.25}}, {"type": "Feature", "geometry": {"type": "Polygon", "coordinates": [[[-65.0, -30.0], [-65.0, -27.5], [-62.5, -27.5], [-62.5, -30.0], [-65.0, -30.0]]]}, "properties": {"cell_id": "118_24", "lon": -63.75, "lat": -28.75}}, {"type": "Feature", "geometry": {"type": "Polygon", "coordinates": [[[-65.0, -27.5], [-65.0, -25.0], [-62.5, -25.0], [-62.5, -27.5], [-65.0, -27.5]]]}, "properties": {"cell_id": "118_25", "lon": -63.75, "lat": -26.25}}, {"type": "Feature", "geometry": {"type": "Polygon", "coordinates": [[[-65.0, -25.0], [-65.0, -22.5], [-62.5, -22.5], [-62.5, -25.0], [-65.0, -25.0]]]}, "properties": {"cell_id": "118_26", "lon": -63.75, "lat": -23.75}}, {"type": "Feature", "geometry": {"type": "Polygon", "coordinates": [[[-65.0, -22.5], [-65.0, -20.0], [-62.5, -20.0], [-62.5, -22.5], [-65.0, -22.5]]]}, "properties": {"cell_id": "118_27", "lon": -63.75, "lat": -21.25}}, {"type": "Feature", "geometry": {"type": "Polygon", "coordinates": [[[-65.0, -20.0], [-65.0, -17.5], [-62.5, -17.5], [-62.5, -20.0], [-65.0, -20.0]]]}, "properties": {"cell_id": "118_28", "lon": -63.75, "lat": -18.75}}, {"type": "Feature", "geometry": {"type": "Polygon", "coordinates": [[[-65.0, -17.5], [-65.0, -15.0], [-62.5, -15.0], [-62.5, -17.5], [-65.0, -17.5]]]}, "properties": {"cell_id": "118_29", "lon": -63.75, "lat": -16.25}}, {"type": "Feature", "geometry": {"type": "Polygon", "coordinates": [[[-65.0, -15.0], [-65.0, -12.5], [-62.5, -12.5], [-62.5, -15.0], [-65.0, -15.0]]]}, "properties": {"cell_id": "118_30", "lon": -63.75, "lat": -13.75}}, {"type": "Feature", "geometry": {"type": "Polygon", "coordinates": [[[-65.0, -12.5], [-65.0, -10.0], [-62.5, -10.0], [-62.5, -12.5], [-65.0, -12.5]]]}, "properties": {"cell_id": "118_31", "lon": -63.75, "lat": -11.25}}, {"type": "Feature", "geometry": {"type": "Polygon", "coordinates": [[[-65.0, -10.0], [-65.0, -7.5], [-62.5, -7.5], [-62.5, -10.0], [-65.0, -10.0]]]}, "properties": {"cell_id": "118_32", "lon": -63.75, "lat": -8.75}}, {"type": "Feature", "geometry": {"type": "Polygon", "coordinates": [[[-65.0, -7.5], [-65.0, -5.0], [-62.5, -5.0], [-62.5, -7.5], [-65.0, -7.5]]]}, "properties": {"cell_id": "118_33", "lon": -63.75, "lat": -6.25}}, {"type": "Feature", "geometry": {"type": "Polygon", "coordinates": [[[-65.0, -5.0], [-65.0, -2.5], [-62.5, -2.5], [-62.5, -5.0], [-65.0, -5.0]]]}, "properties": {"cell_id": "118_34", "lon": -63.75, "lat": -3.75}}, {"type": "Feature", "geometry": {"type": "Polygon", "coordinates": [[[-65.0, -2.5], [-65.0, 0.0], [-62.5, 0.0], [-62.5, -2.5], [-65.0, -2.5]]]}, "properties": {"cell_id": "118_35", "lon": -63.75, "lat": -1.25}}, {"type": "Feature", "geometry": {"type": "Polygon", "coordinates": [[[-65.0, 0.0], [-65.0, 2.5], [-62.5, 2.5], [-62.5, 0.0], [-65.0, 0.0]]]}, "properties": {"cell_id": "118_36", "lon": -63.75, "lat": 1.25}}, {"type": "Feature", "geometry": {"type": "Polygon", "coordinates": [[[-65.0, 2.5], [-65.0, 5.0], [-62.5, 5.0], [-62.5, 2.5], [-65.0, 2.5]]]}, "properties": {"cell_id": "118_37", "lon": -63.75, "lat": 3.75}}, {"type": "Feature", "geometry": {"type": "Polygon", "coordinates": [[[-65.0, 5.0], [-65.0, 7.5], [-62.5, 7.5], [-62.5, 5.0], [-65.0, 5.0]]]}, "properties": {"cell_id": "118_38", "lon": -63.75, "lat": 6.25}}, {"type": "Feature", "geometry": {"type": "Polygon", "coordinates": [[[-65.0, 7.5], [-65.0, 10.0], [-62.5, 10.0], [-62.5, 7.5], [-65.0, 7.5]]]}, "properties": {"cell_id": "118_39", "lon": -63.75, "lat": 8.75}}, {"type": "Feature", "geometry": {"type": "Polygon", "coordinates": [[[-65.0, 50.0], [-65.0, 52.5], [-62.5, 52.5], [-62.5, 50.0], [-65.0, 50.0]]]}, "properties": {"cell_id": "118_56", "lon": -63.75, "lat": 51.25}}, {"type": "Feature", "geometry": {"type": "Polygon", "coordinates": [[[-65.0, 52.5], [-65.0, 55.0], [-62.5, 55.0], [-62.5, 52.5], [-65.0, 52.5]]]}, "properties": {"cell_id": "118_57", "lon": -63.75, "lat": 53.75}}, {"type": "Feature", "geometry": {"type": "Polygon", "coordinates": [[[-65.0, 55.0], [-65.0, 57.5], [-62.5, 57.5], [-62.5, 55.0], [-65.0, 55.0]]]}, "properties": {"cell_id": "118_58", "lon": -63.75, "lat": 56.25}}, {"type": "Feature", "geometry": {"type": "Polygon", "coordinates": [[[-65.0, 57.5], [-65.0, 60.0], [-62.5, 60.0], [-62.5, 57.5], [-65.0, 57.5]]]}, "properties": {"cell_id": "118_59", "lon": -63.75, "lat": 58.75}}, {"type": "Feature", "geometry": {"type": "Polygon", "coordinates": [[[-65.0, 65.0], [-65.0, 67.5], [-62.5, 67.5], [-62.5, 65.0], [-65.0, 65.0]]]}, "properties": {"cell_id": "118_62", "lon": -63.75, "lat": 66.25}}, {"type": "Feature", "geometry": {"type": "Polygon", "coordinates": [[[-65.0, 75.0], [-65.0, 77.5], [-62.5, 77.5], [-62.5, 75.0], [-65.0, 75.0]]]}, "properties": {"cell_id": "118_66", "lon": -63.75, "lat": 76.25}}, {"type": "Feature", "geometry": {"type": "Polygon", "coordinates": [[[-65.0, 77.5], [-65.0, 80.0], [-62.5, 80.0], [-62.5, 77.5], [-65.0, 77.5]]]}, "properties": {"cell_id": "118_67", "lon": -63.75, "lat": 78.75}}, {"type": "Feature", "geometry": {"type": "Polygon", "coordinates": [[[-62.5, -40.0], [-62.5, -37.5], [-60.0, -37.5], [-60.0, -40.0], [-62.5, -40.0]]]}, "properties": {"cell_id": "119_20", "lon": -61.25, "lat": -38.75}}, {"type": "Feature", "geometry": {"type": "Polygon", "coordinates": [[[-62.5, -37.5], [-62.5, -35.0], [-60.0, -35.0], [-60.0, -37.5], [-62.5, -37.5]]]}, "properties": {"cell_id": "119_21", "lon": -61.25, "lat": -36.25}}, {"type": "Feature", "geometry": {"type": "Polygon", "coordinates": [[[-62.5, -35.0], [-62.5, -32.5], [-60.0, -32.5], [-60.0, -35.0], [-62.5, -35.0]]]}, "properties": {"cell_id": "119_22", "lon": -61.25, "lat": -33.75}}, {"type": "Feature", "geometry": {"type": "Polygon", "coordinates": [[[-62.5, -32.5], [-62.5, -30.0], [-60.0, -30.0], [-60.0, -32.5], [-62.5, -32.5]]]}, "properties": {"cell_id": "119_23", "lon": -61.25, "lat": -31.25}}, {"type": "Feature", "geometry": {"type": "Polygon", "coordinates": [[[-62.5, -30.0], [-62.5, -27.5], [-60.0, -27.5], [-60.0, -30.0], [-62.5, -30.0]]]}, "properties": {"cell_id": "119_24", "lon": -61.25, "lat": -28.75}}, {"type": "Feature", "geometry": {"type": "Polygon", "coordinates": [[[-62.5, -27.5], [-62.5, -25.0], [-60.0, -25.0], [-60.0, -27.5], [-62.5, -27.5]]]}, "properties": {"cell_id": "119_25", "lon": -61.25, "lat": -26.25}}, {"type": "Feature", "geometry": {"type": "Polygon", "coordinates": [[[-62.5, -25.0], [-62.5, -22.5], [-60.0, -22.5], [-60.0, -25.0], [-62.5, -25.0]]]}, "properties": {"cell_id": "119_26", "lon": -61.25, "lat": -23.75}}, {"type": "Feature", "geometry": {"type": "Polygon", "coordinates": [[[-62.5, -22.5], [-62.5, -20.0], [-60.0, -20.0], [-60.0, -22.5], [-62.5, -22.5]]]}, "properties": {"cell_id": "119_27", "lon": -61.25, "lat": -21.25}}, {"type": "Feature", "geometry": {"type": "Polygon", "coordinates": [[[-62.5, -20.0], [-62.5, -17.5], [-60.0, -17.5], [-60.0, -20.0], [-62.5, -20.0]]]}, "properties": {"cell_id": "119_28", "lon": -61.25, "lat": -18.75}}, {"type": "Feature", "geometry": {"type": "Polygon", "coordinates": [[[-62.5, -17.5], [-62.5, -15.0], [-60.0, -15.0], [-60.0, -17.5], [-62.5, -17.5]]]}, "properties": {"cell_id": "119_29", "lon": -61.25, "lat": -16.25}}, {"type": "Feature", "geometry": {"type": "Polygon", "coordinates": [[[-62.5, -15.0], [-62.5, -12.5], [-60.0, -12.5], [-60.0, -15.0], [-62.5, -15.0]]]}, "properties": {"cell_id": "119_30", "lon": -61.25, "lat": -13.75}}, {"type": "Feature", "geometry": {"type": "Polygon", "coordinates": [[[-62.5, -12.5], [-62.5, -10.0], [-60.0, -10.0], [-60.0, -12.5], [-62.5, -12.5]]]}, "properties": {"cell_id": "119_31", "lon": -61.25, "lat": -11.25}}, {"type": "Feature", "geometry": {"type": "Polygon", "coordinates": [[[-62.5, -10.0], [-62.5, -7.5], [-60.0, -7.5], [-60.0, -10.0], [-62.5, -10.0]]]}, "properties": {"cell_id": "119_32", "lon": -61.25, "lat": -8.75}}, {"type": "Feature", "geometry": {"type": "Polygon", "coordinates": [[[-62.5, -7.5], [-62.5, -5.0], [-60.0, -5.0], [-60.0, -7.5], [-62.5, -7.5]]]}, "properties": {"cell_id": "119_33", "lon": -61.25, "lat": -6.25}}, {"type": "Feature", "geometry": {"type": "Polygon", "coordinates": [[[-62.5, -5.0], [-62.5, -2.5], [-60.0, -2.5], [-60.0, -5.0], [-62.5, -5.0]]]}, "properties": {"cell_id": "119_34", "lon": -61.25, "lat": -3.75}}, {"type": "Feature", "geometry": {"type": "Polygon", "coordinates": [[[-62.5, -2.5], [-62.5, 0.0], [-60.0, 0.0], [-60.0, -2.5], [-62.5, -2.5]]]}, "properties": {"cell_id": "119_35", "lon": -61.25, "lat": -1.25}}, {"type": "Feature", "geometry": {"type": "Polygon", "coordinates": [[[-62.5, 0.0], [-62.5, 2.5], [-60.0, 2.5], [-60.0, 0.0], [-62.5, 0.0]]]}, "properties": {"cell_id": "119_36", "lon": -61.25, "lat": 1.25}}, {"type": "Feature", "geometry": {"type": "Polygon", "coordinates": [[[-62.5, 2.5], [-62.5, 5.0], [-60.0, 5.0], [-60.0, 2.5], [-62.5, 2.5]]]}, "properties": {"cell_id": "119_37", "lon": -61.25, "lat": 3.75}}, {"type": "Feature", "geometry": {"type": "Polygon", "coordinates": [[[-62.5, 5.0], [-62.5, 7.5], [-60.0, 7.5], [-60.0, 5.0], [-62.5, 5.0]]]}, "properties": {"cell_id": "119_38", "lon": -61.25, "lat": 6.25}}, {"type": "Feature", "geometry": {"type": "Polygon", "coordinates": [[[-62.5, 7.5], [-62.5, 10.0], [-60.0, 10.0], [-60.0, 7.5], [-62.5, 7.5]]]}, "properties": {"cell_id": "119_39", "lon": -61.25, "lat": 8.75}}, {"type": "Feature", "geometry": {"type": "Polygon", "coordinates": [[[-62.5, 50.0], [-62.5, 52.5], [-60.0, 52.5], [-60.0, 50.0], [-62.5, 50.0]]]}, "properties": {"cell_id": "119_56", "lon": -61.25, "lat": 51.25}}, {"type": "Feature", "geometry": {"type": "Polygon", "coordinates": [[[-62.5, 52.5], [-62.5, 55.0], [-60.0, 55.0], [-60.0, 52.5], [-62.5, 52.5]]]}, "properties": {"cell_id": "119_57", "lon": -61.25, "lat": 53.75}}, {"type": "Feature", "geometry": {"type": "Polygon", "coordinates": [[[-62.5, 75.0], [-62.5, 77.5], [-60.0, 77.5], [-60.0, 75.0], [-62.5, 75.0]]]}, "properties": {"cell_id": "119_66", "lon": -61.25, "lat": 76.25}}, {"type": "Feature", "geometry": {"type": "Polygon", "coordinates": [[[-62.5, 77.5], [-62.5, 80.0], [-60.0, 80.0], [-60.0, 77.5], [-62.5, 77.5]]]}, "properties": {"cell_id": "119_67", "lon": -61.25, "lat": 78.75}}, {"type": "Feature", "geometry": {"type": "Polygon", "coordinates": [[[-62.5, 80.0], [-62.5, 82.5], [-60.0, 82.5], [-60.0, 80.0], [-62.5, 80.0]]]}, "properties": {"cell_id": "119_68", "lon": -61.25, "lat": 81.25}}, {"type": "Feature", "geometry": {"type": "Polygon", "coordinates": [[[-60.0, -52.5], [-60.0, -50.0], [-57.5, -50.0], [-57.5, -52.5], [-60.0, -52.5]]]}, "properties": {"cell_id": "120_15", "lon": -58.75, "lat": -51.25}}, {"type": "Feature", "geometry": {"type": "Polygon", "coordinates": [[[-60.0, -37.5], [-60.0, -35.0], [-57.5, -35.0], [-57.5, -37.5], [-60.0, -37.5]]]}, "properties": {"cell_id": "120_21", "lon": -58.75, "lat": -36.25}}, {"type": "Feature", "geometry": {"type": "Polygon", "coordinates": [[[-60.0, -35.0], [-60.0, -32.5], [-57.5, -32.5], [-57.5, -35.0], [-60.0, -35.0]]]}, "properties": {"cell_id": "120_22", "lon": -58.75, "lat": -33.75}}, {"type": "Feature", "geometry": {"type": "Polygon", "coordinates": [[[-60.0, -32.5], [-60.0, -30.0], [-57.5, -30.0], [-57.5, -32.5], [-60.0, -32.5]]]}, "properties": {"cell_id": "120_23", "lon": -58.75, "lat": -31.25}}, {"type": "Feature", "geometry": {"type": "Polygon", "coordinates": [[[-60.0, -30.0], [-60.0, -27.5], [-57.5, -27.5], [-57.5, -30.0], [-60.0, -30.0]]]}, "properties": {"cell_id": "120_24", "lon": -58.75, "lat": -28.75}}, {"type": "Feature", "geometry": {"type": "Polygon", "coordinates": [[[-60.0, -27.5], [-60.0, -25.0], [-57.5, -25.0], [-57.5, -27.5], [-60.0, -27.5]]]}, "properties": {"cell_id": "120_25", "lon": -58.75, "lat": -26.25}}, {"type": "Feature", "geometry": {"type": "Polygon", "coordinates": [[[-60.0, -25.0], [-60.0, -22.5], [-57.5, -22.5], [-57.5, -25.0], [-60.0, -25.0]]]}, "properties": {"cell_id": "120_26", "lon": -58.75, "lat": -23.75}}, {"type": "Feature", "geometry": {"type": "Polygon", "coordinates": [[[-60.0, -22.5], [-60.0, -20.0], [-57.5, -20.0], [-57.5, -22.5], [-60.0, -22.5]]]}, "properties": {"cell_id": "120_27", "lon": -58.75, "lat": -21.25}}, {"type": "Feature", "geometry": {"type": "Polygon", "coordinates": [[[-60.0, -20.0], [-60.0, -17.5], [-57.5, -17.5], [-57.5, -20.0], [-60.0, -20.0]]]}, "properties": {"cell_id": "120_28", "lon": -58.75, "lat": -18.75}}, {"type": "Feature", "geometry": {"type": "Polygon", "coordinates": [[[-60.0, -17.5], [-60.0, -15.0], [-57.5, -15.0], [-57.5, -17.5], [-60.0, -17.5]]]}, "properties": {"cell_id": "120_29", "lon": -58.75, "lat": -16.25}}, {"type": "Feature", "geometry": {"type": "Polygon", "coordinates": [[[-60.0, -15.0], [-60.0, -12.5], [-57.5, -12.5], [-57.5, -15.0], [-60.0, -15.0]]]}, "properties": {"cell_id": "120_30", "lon": -58.75, "lat": -13.75}}, {"type": "Feature", "geometry": {"type": "Polygon", "coordinates": [[[-60.0, -12.5], [-60.0, -10.0], [-57.5, -10.0], [-57.5, -12.5], [-60.0, -12.5]]]}, "properties": {"cell_id": "120_31", "lon": -58.75, "lat": -11.25}}, {"type": "Feature", "geometry": {"type": "Polygon", "coordinates": [[[-60.0, -10.0], [-60.0, -7.5], [-57.5, -7.5], [-57.5, -10.0], [-60.0, -10.0]]]}, "properties": {"cell_id": "120_32", "lon": -58.75, "lat": -8.75}}, {"type": "Feature", "geometry": {"type": "Polygon", "coordinates": [[[-60.0, -7.5], [-60.0, -5.0], [-57.5, -5.0], [-57.5, -7.5], [-60.0, -7.5]]]}, "properties": {"cell_id": "120_33", "lon": -58.75, "lat": -6.25}}, {"type": "Feature", "geometry": {"type": "Polygon", "coordinates": [[[-60.0, -5.0], [-60.0, -2.5], [-57.5, -2.5], [-57.5, -5.0], [-60.0, -5.0]]]}, "properties": {"cell_id": "120_34", "lon": -58.75, "lat": -3.75}}, {"type": "Feature", "geometry": {"type": "Polygon", "coordinates": [[[-60.0, -2.5], [-60.0, 0.0], [-57.5, 0.0], [-57.5, -2.5], [-60.0, -2.5]]]}, "properties": {"cell_id": "120_35", "lon": -58.75, "lat": -1.25}}, {"type": "Feature", "geometry": {"type": "Polygon", "coordinates": [[[-60.0, 0.0], [-60.0, 2.5], [-57.5, 2.5], [-57.5, 0.0], [-60.0, 0.0]]]}, "properties": {"cell_id": "120_36", "lon": -58.75, "lat": 1.25}}, {"type": "Feature", "geometry": {"type": "Polygon", "coordinates": [[[-60.0, 2.5], [-60.0, 5.0], [-57.5, 5.0], [-57.5, 2.5], [-60.0, 2.5]]]}, "properties": {"cell_id": "120_37", "lon": -58.75, "lat": 3.75}}, {"type": "Feature", "geometry": {"type": "Polygon", "coordinates": [[[-60.0, 5.0], [-60.0, 7.5], [-57.5, 7.5], [-57.5, 5.0], [-60.0, 5.0]]]}, "properties": {"cell_id": "120_38", "lon": -58.75, "lat": 6.25}}, {"type": "Feature", "geometry": {"type": "Polygon", "coordinates": [[[-60.0, 47.5], [-60.0, 50.0], [-57.5, 50.0], [-57.5, 47.5], [-60.0, 47.5]]]}, "properties": {"cell_id": "120_55", "lon": -58.75, "lat": 48.75}}, {"type": "Feature", "geometry": {"type": "Polygon", "coordinates": [[[-60.0, 50.0], [-60.0, 52.5], [-57.5, 52.5], [-57.5, 50.0], [-60.0, 50.0]]]}, "properties": {"cell_id": "120_56", "lon": -58.75, "lat": 51.25}}, {"type": "Feature", "geometry": {"type": "Polygon", "coordinates": [[[-60.0, 52.5], [-60.0, 55.0], [-57.5, 55.0], [-57.5, 52.5], [-60.0, 52.5]]]}, "properties": {"cell_id": "120_57", "lon": -58.75, "lat": 53.75}}, {"type": "Feature", "geometry": {"type": "Polygon", "coordinates": [[[-60.0, 75.0], [-60.0, 77.5], [-57.5, 77.5], [-57.5, 75.0], [-60.0, 75.0]]]}, "properties": {"cell_id": "120_66", "lon": -58.75, "lat": 76.25}}, {"type": "Feature", "geometry": {"type": "Polygon", "coordinates": [[[-60.0, 77.5], [-60.0, 80.0], [-57.5, 80.0], [-57.5, 77.5], [-60.0, 77.5]]]}, "properties": {"cell_id": "120_67", "lon": -58.75, "lat": 78.75}}, {"type": "Feature", "geometry": {"type": "Polygon", "coordinates": [[[-60.0, 80.0], [-60.0, 82.5], [-57.5, 82.5], [-57.5, 80.0], [-60.0, 80.0]]]}, "properties": {"cell_id": "120_68", "lon": -58.75, "lat": 81.25}}, {"type": "Feature", "geometry": {"type": "Polygon", "coordinates": [[[-57.5, -35.0], [-57.5, -32.5], [-55.0, -32.5], [-55.0, -35.0], [-57.5, -35.0]]]}, "properties": {"cell_id": "121_22", "lon": -56.25, "lat": -33.75}}, {"type": "Feature", "geometry": {"type": "Polygon", "coordinates": [[[-57.5, -32.5], [-57.5, -30.0], [-55.0, -30.0], [-55.0, -32.5], [-57.5, -32.5]]]}, "properties": {"cell_id": "121_23", "lon": -56.25, "lat": -31.25}}, {"type": "Feature", "geometry": {"type": "Polygon", "coordinates": [[[-57.5, -30.0], [-57.5, -27.5], [-55.0, -27.5], [-55.0, -30.0], [-57.5, -30.0]]]}, "properties": {"cell_id": "121_24", "lon": -56.25, "lat": -28.75}}, {"type": "Feature", "geometry": {"type": "Polygon", "coordinates": [[[-57.5, -27.5], [-57.5, -25.0], [-55.0, -25.0], [-55.0, -27.5], [-57.5, -27.5]]]}, "properties": {"cell_id": "121_25", "lon": -56.25, "lat": -26.25}}, {"type": "Feature", "geometry": {"type": "Polygon", "coordinates": [[[-57.5, -25.0], [-57.5, -22.5], [-55.0, -22.5], [-55.0, -25.0], [-57.5, -25.0]]]}, "properties": {"cell_id": "121_26", "lon": -56.25, "lat": -23.75}}, {"type": "Feature", "geometry": {"type": "Polygon", "coordinates": [[[-57.5, -22.5], [-57.5, -20.0], [-55.0, -20.0], [-55.0, -22.5], [-57.5, -22.5]]]}, "properties": {"cell_id": "121_27", "lon": -56.25, "lat": -21.25}}, {"type": "Feature", "geometry": {"type": "Polygon", "coordinates": [[[-57.5, -20.0], [-57.5, -17.5], [-55.0, -17.5], [-55.0, -20.0], [-57.5, -20.0]]]}, "properties": {"cell_id": "121_28", "lon": -56.25, "lat": -18.75}}, {"type": "Feature", "geometry": {"type": "Polygon", "coordinates": [[[-57.5, -17.5], [-57.5, -15.0], [-55.0, -15.0], [-55.0, -17.5], [-57.5, -17.5]]]}, "properties": {"cell_id": "121_29", "lon": -56.25, "lat": -16.25}}, {"type": "Feature", "geometry": {"type": "Polygon", "coordinates": [[[-57.5, -15.0], [-57.5, -12.5], [-55.0, -12.5], [-55.0, -15.0], [-57.5, -15.0]]]}, "properties": {"cell_id": "121_30", "lon": -56.25, "lat": -13.75}}, {"type": "Feature", "geometry": {"type": "Polygon", "coordinates": [[[-57.5, -12.5], [-57.5, -10.0], [-55.0, -10.0], [-55.0, -12.5], [-57.5, -12.5]]]}, "properties": {"cell_id": "121_31", "lon": -56.25, "lat": -11.25}}, {"type": "Feature", "geometry": {"type": "Polygon", "coordinates": [[[-57.5, -10.0], [-57.5, -7.5], [-55.0, -7.5], [-55.0, -10.0], [-57.5, -10.0]]]}, "properties": {"cell_id": "121_32", "lon": -56.25, "lat": -8.75}}, {"type": "Feature", "geometry": {"type": "Polygon", "coordinates": [[[-57.5, -7.5], [-57.5, -5.0], [-55.0, -5.0], [-55.0, -7.5], [-57.5, -7.5]]]}, "properties": {"cell_id": "121_33", "lon": -56.25, "lat": -6.25}}, {"type": "Feature", "geometry": {"type": "Polygon", "coordinates": [[[-57.5, -5.0], [-57.5, -2.5], [-55.0, -2.5], [-55.0, -5.0], [-57.5, -5.0]]]}, "properties": {"cell_id": "121_34", "lon": -56.25, "lat": -3.75}}, {"type": "Feature", "geometry": {"type": "Polygon", "coordinates": [[[-57.5, -2.5], [-57.5, 0.0], [-55.0, 0.0], [-55.0, -2.5], [-57.5, -2.5]]]}, "properties": {"cell_id": "121_35", "lon": -56.25, "lat": -1.25}}, {"type": "Feature", "geometry": {"type": "Polygon", "coordinates": [[[-57.5, 0.0], [-57.5, 2.5], [-55.0, 2.5], [-55.0, 0.0], [-57.5, 0.0]]]}, "properties": {"cell_id": "121_36", "lon": -56.25, "lat": 1.25}}, {"type": "Feature", "geometry": {"type": "Polygon", "coordinates": [[[-57.5, 2.5], [-57.5, 5.0], [-55.0, 5.0], [-55.0, 2.5], [-57.5, 2.5]]]}, "properties": {"cell_id": "121_37", "lon": -56.25, "lat": 3.75}}, {"type": "Feature", "geometry": {"type": "Polygon", "coordinates": [[[-57.5, 47.5], [-57.5, 50.0], [-55.0, 50.0], [-55.0, 47.5], [-57.5, 47.5]]]}, "properties": {"cell_id": "121_55", "lon": -56.25, "lat": 48.75}}, {"type": "Feature", "geometry": {"type": "Polygon", "coordinates": [[[-57.5, 50.0], [-57.5, 52.5], [-55.0, 52.5], [-55.0, 50.0], [-57.5, 50.0]]]}, "properties": {"cell_id": "121_56", "lon": -56.25, "lat": 51.25}}, {"type": "Feature", "geometry": {"type": "Polygon", "coordinates": [[[-57.5, 75.0], [-57.5, 77.5], [-55.0, 77.5], [-55.0, 75.0], [-57.5, 75.0]]]}, "properties": {"cell_id": "121_66", "lon": -56.25, "lat": 76.25}}, {"type": "Feature", "geometry": {"type": "Polygon", "coordinates": [[[-57.5, 77.5], [-57.5, 80.0], [-55.0, 80.0], [-55.0, 77.5], [-57.5, 77.5]]]}, "properties": {"cell_id": "121_67", "lon": -56.25, "lat": 78.75}}, {"type": "Feature", "geometry": {"type": "Polygon", "coordinates": [[[-57.5, 80.0], [-57.5, 82.5], [-55.0, 82.5], [-55.0, 80.0], [-57.5, 80.0]]]}, "properties": {"cell_id": "121_68", "lon": -56.25, "lat": 81.25}}, {"type": "Feature", "geometry": {"type": "Polygon", "coordinates": [[[-55.0, -35.0], [-55.0, -32.5], [-52.5, -32.5], [-52.5, -35.0], [-55.0, -35.0]]]}, "properties": {"cell_id": "122_22", "lon": -53.75, "lat": -33.75}}, {"type": "Feature", "geometry": {"type": "Polygon", "coordinates": [[[-55.0, -32.5], [-55.0, -30.0], [-52.5, -30.0], [-52.5, -32.5], [-55.0, -32.5]]]}, "properties": {"cell_id": "122_23", "lon": -53.75, "lat": -31.25}}, {"type": "Feature", "geometry": {"type": "Polygon", "coordinates": [[[-55.0, -30.0], [-55.0, -27.5], [-52.5, -27.5], [-52.5, -30.0], [-55.0, -30.0]]]}, "properties": {"cell_id": "122_24", "lon": -53.75, "lat": -28.75}}, {"type": "Feature", "geometry": {"type": "Polygon", "coordinates": [[[-55.0, -27.5], [-55.0, -25.0], [-52.5, -25.0], [-52.5, -27.5], [-55.0, -27.5]]]}, "properties": {"cell_id": "122_25", "lon": -53.75, "lat": -26.25}}, {"type": "Feature", "geometry": {"type": "Polygon", "coordinates": [[[-55.0, -25.0], [-55.0, -22.5], [-52.5, -22.5], [-52.5, -25.0], [-55.0, -25.0]]]}, "properties": {"cell_id": "122_26", "lon": -53.75, "lat": -23.75}}, {"type": "Feature", "geometry": {"type": "Polygon", "coordinates": [[[-55.0, -22.5], [-55.0, -20.0], [-52.5, -20.0], [-52.5, -22.5], [-55.0, -22.5]]]}, "properties": {"cell_id": "122_27", "lon": -53.75, "lat": -21.25}}, {"type": "Feature", "geometry": {"type": "Polygon", "coordinates": [[[-55.0, -20.0], [-55.0, -17.5], [-52.5, -17.5], [-52.5, -20.0], [-55.0, -20.0]]]}, "properties": {"cell_id": "122_28", "lon": -53.75, "lat": -18.75}}, {"type": "Feature", "geometry": {"type": "Polygon", "coordinates": [[[-55.0, -17.5], [-55.0, -15.0], [-52.5, -15.0], [-52.5, -17.5], [-55.0, -17.5]]]}, "properties": {"cell_id": "122_29", "lon": -53.75, "lat": -16.25}}, {"type": "Feature", "geometry": {"type": "Polygon", "coordinates": [[[-55.0, -15.0], [-55.0, -12.5], [-52.5, -12.5], [-52.5, -15.0], [-55.0, -15.0]]]}, "properties": {"cell_id": "122_30", "lon": -53.75, "lat": -13.75}}, {"type": "Feature", "geometry": {"type": "Polygon", "coordinates": [[[-55.0, -12.5], [-55.0, -10.0], [-52.5, -10.0], [-52.5, -12.5], [-55.0, -12.5]]]}, "properties": {"cell_id": "122_31", "lon": -53.75, "lat": -11.25}}, {"type": "Feature", "geometry": {"type": "Polygon", "coordinates": [[[-55.0, -10.0], [-55.0, -7.5], [-52.5, -7.5], [-52.5, -10.0], [-55.0, -10.0]]]}, "properties": {"cell_id": "122_32", "lon": -53.75, "lat": -8.75}}, {"type": "Feature", "geometry": {"type": "Polygon", "coordinates": [[[-55.0, -7.5], [-55.0, -5.0], [-52.5, -5.0], [-52.5, -7.5], [-55.0, -7.5]]]}, "properties": {"cell_id": "122_33", "lon": -53.75, "lat": -6.25}}, {"type": "Feature", "geometry": {"type": "Polygon", "coordinates": [[[-55.0, -5.0], [-55.0, -2.5], [-52.5, -2.5], [-52.5, -5.0], [-55.0, -5.0]]]}, "properties": {"cell_id": "122_34", "lon": -53.75, "lat": -3.75}}, {"type": "Feature", "geometry": {"type": "Polygon", "coordinates": [[[-55.0, -2.5], [-55.0, 0.0], [-52.5, 0.0], [-52.5, -2.5], [-55.0, -2.5]]]}, "properties": {"cell_id": "122_35", "lon": -53.75, "lat": -1.25}}, {"type": "Feature", "geometry": {"type": "Polygon", "coordinates": [[[-55.0, 0.0], [-55.0, 2.5], [-52.5, 2.5], [-52.5, 0.0], [-55.0, 0.0]]]}, "properties": {"cell_id": "122_36", "lon": -53.75, "lat": 1.25}}, {"type": "Feature", "geometry": {"type": "Polygon", "coordinates": [[[-55.0, 2.5], [-55.0, 5.0], [-52.5, 5.0], [-52.5, 2.5], [-55.0, 2.5]]]}, "properties": {"cell_id": "122_37", "lon": -53.75, "lat": 3.75}}, {"type": "Feature", "geometry": {"type": "Polygon", "coordinates": [[[-55.0, 47.5], [-55.0, 50.0], [-52.5, 50.0], [-52.5, 47.5], [-55.0, 47.5]]]}, "properties": {"cell_id": "122_55", "lon": -53.75, "lat": 48.75}}, {"type": "Feature", "geometry": {"type": "Polygon", "coordinates": [[[-55.0, 72.5], [-55.0, 75.0], [-52.5, 75.0], [-52.5, 72.5], [-55.0, 72.5]]]}, "properties": {"cell_id": "122_65", "lon": -53.75, "lat": 73.75}}, {"type": "Feature", "geometry": {"type": "Polygon", "coordinates": [[[-55.0, 75.0], [-55.0, 77.5], [-52.5, 77.5], [-52.5, 75.0], [-55.0, 75.0]]]}, "properties": {"cell_id": "122_66", "lon": -53.75, "lat": 76.25}}, {"type": "Feature", "geometry": {"type": "Polygon", "coordinates": [[[-55.0, 77.5], [-55.0, 80.0], [-52.5, 80.0], [-52.5, 77.5], [-55.0, 77.5]]]}, "properties": {"cell_id": "122_67", "lon": -53.75, "lat": 78.75}}, {"type": "Feature", "geometry": {"type": "Polygon", "coordinates": [[[-55.0, 80.0], [-55.0, 82.5], [-52.5, 82.5], [-52.5, 80.0], [-55.0, 80.0]]]}, "properties": {"cell_id": "122_68", "lon": -53.75, "lat": 81.25}}, {"type": "Feature", "geometry": {"type": "Polygon", "coordinates": [[[-52.5, -32.5], [-52.5, -30.0], [-50.0, -30.0], [-50.0, -32.5], [-52.5, -32.5]]]}, "properties": {"cell_id": "123_23", "lon": -51.25, "lat": -31.25}}, {"type": "Feature", "geometry": {"type": "Polygon", "coordinates": [[[-52.5, -30.0], [-52.5, -27.5], [-50.0, -27.5], [-50.0, -30.0], [-52.5, -30.0]]]}, "properties": {"cell_id": "123_24", "lon": -51.25, "lat": -28.75}}, {"type": "Feature", "geometry": {"type": "Polygon", "coordinates": [[[-52.5, -27.5], [-52.5, -25.0], [-50.0, -25.0], [-50.0, -27.5], [-52.5, -27.5]]]}, "properties": {"cell_id": "123_25", "lon": -51.25, "lat": -26.25}}, {"type": "Feature", "geometry": {"type": "Polygon", "coordinates": [[[-52.5, -25.0], [-52.5, -22.5], [-50.0, -22.5], [-50.0, -25.0], [-52.5, -25.0]]]}, "properties": {"cell_id": "123_26", "lon": -51.25, "lat": -23.75}}, {"type": "Feature", "geometry": {"type": "Polygon", "coordinates": [[[-52.5, -22.5], [-52.5, -20.0], [-50.0, -20.0], [-50.0, -22.5], [-52.5, -22.5]]]}, "properties": {"cell_id": "123_27", "lon": -51.25, "lat": -21.25}}, {"type": "Feature", "geometry": {"type": "Polygon", "coordinates": [[[-52.5, -20.0], [-52.5, -17.5], [-50.0, -17.5], [-50.0, -20.0], [-52.5, -20.0]]]}, "properties": {"cell_id": "123_28", "lon": -51.25, "lat": -18.75}}, {"type": "Feature", "geometry": {"type": "Polygon", "coordinates": [[[-52.5, -17.5], [-52.5, -15.0], [-50.0, -15.0], [-50.0, -17.5], [-52.5, -17.5]]]}, "properties": {"cell_id": "123_29", "lon": -51.25, "lat": -16.25}}, {"type": "Feature", "geometry": {"type": "Polygon", "coordinates": [[[-52.5, -15.0], [-52.5, -12.5], [-50.0, -12.5], [-50.0, -15.0], [-52.5, -15.0]]]}, "properties": {"cell_id": "123_30", "lon": -51.25, "lat": -13.75}}, {"type": "Feature", "geometry": {"type": "Polygon", "coordinates": [[[-52.5, -12.5], [-52.5, -10.0], [-50.0, -10.0], [-50.0, -12.5], [-52.5, -12.5]]]}, "properties": {"cell_id": "123_31", "lon": -51.25, "lat": -11.25}}, {"type": "Feature", "geometry": {"type": "Polygon", "coordinates": [[[-52.5, -10.0], [-52.5, -7.5], [-50.0, -7.5], [-50.0, -10.0], [-52.5, -10.0]]]}, "properties": {"cell_id": "123_32", "lon": -51.25, "lat": -8.75}}, {"type": "Feature", "geometry": {"type": "Polygon", "coordinates": [[[-52.5, -7.5], [-52.5, -5.0], [-50.0, -5.0], [-50.0, -7.5], [-52.5, -7.5]]]}, "properties": {"cell_id": "123_33", "lon": -51.25, "lat": -6.25}}, {"type": "Feature", "geometry": {"type": "Polygon", "coordinates": [[[-52.5, -5.0], [-52.5, -2.5], [-50.0, -2.5], [-50.0, -5.0], [-52.5, -5.0]]]}, "properties": {"cell_id": "123_34", "lon": -51.25, "lat": -3.75}}, {"type": "Feature", "geometry": {"type": "Polygon", "coordinates": [[[-52.5, -2.5], [-52.5, 0.0], [-50.0, 0.0], [-50.0, -2.5], [-52.5, -2.5]]]}, "properties": {"cell_id": "123_35", "lon": -51.25, "lat": -1.25}}, {"type": "Feature", "geometry": {"type": "Polygon", "coordinates": [[[-52.5, 0.0], [-52.5, 2.5], [-50.0, 2.5], [-50.0, 0.0], [-52.5, 0.0]]]}, "properties": {"cell_id": "123_36", "lon": -51.25, "lat": 1.25}}, {"type": "Feature", "geometry": {"type": "Polygon", "coordinates": [[[-52.5, 2.5], [-52.5, 5.0], [-50.0, 5.0], [-50.0, 2.5], [-52.5, 2.5]]]}, "properties": {"cell_id": "123_37", "lon": -51.25, "lat": 3.75}}, {"type": "Feature", "geometry": {"type": "Polygon", "coordinates": [[[-52.5, 62.5], [-52.5, 65.0], [-50.0, 65.0], [-50.0, 62.5], [-52.5, 62.5]]]}, "properties": {"cell_id": "123_61", "lon": -51.25, "lat": 63.75}}, {"type": "Feature", "geometry": {"type": "Polygon", "coordinates": [[[-52.5, 65.0], [-52.5, 67.5], [-50.0, 67.5], [-50.0, 65.0], [-52.5, 65.0]]]}, "properties": {"cell_id": "123_62", "lon": -51.25, "lat": 66.25}}, {"type": "Feature", "geometry": {"type": "Polygon", "coordinates": [[[-52.5, 67.5], [-52.5, 70.0], [-50.0, 70.0], [-50.0, 67.5], [-52.5, 67.5]]]}, "properties": {"cell_id": "123_63", "lon": -51.25, "lat": 68.75}}, {"type": "Feature", "geometry": {"type": "Polygon", "coordinates": [[[-52.5, 70.0], [-52.5, 72.5], [-50.0, 72.5], [-50.0, 70.0], [-52.5, 70.0]]]}, "properties": {"cell_id": "123_64", "lon": -51.25, "lat": 71.25}}, {"type": "Feature", "geometry": {"type": "Polygon", "coordinates": [[[-52.5, 72.5], [-52.5, 75.0], [-50.0, 75.0], [-50.0, 72.5], [-52.5, 72.5]]]}, "properties": {"cell_id": "123_65", "lon": -51.25, "lat": 73.75}}, {"type": "Feature", "geometry": {"type": "Polygon", "coordinates": [[[-52.5, 75.0], [-52.5, 77.5], [-50.0, 77.5], [-50.0, 75.0], [-52.5, 75.0]]]}, "properties": {"cell_id": "123_66", "lon": -51.25, "lat": 76.25}}, {"type": "Feature", "geometry": {"type": "Polygon", "coordinates": [[[-52.5, 77.5], [-52.5, 80.0], [-50.0, 80.0], [-50.0, 77.5], [-52.5, 77.5]]]}, "properties": {"cell_id": "123_67", "lon": -51.25, "lat": 78.75}}, {"type": "Feature", "geometry": {"type": "Polygon", "coordinates": [[[-52.5, 80.0], [-52.5, 82.5], [-50.0, 82.5], [-50.0, 80.0], [-52.5, 80.0]]]}, "properties": {"cell_id": "123_68", "lon": -51.25, "lat": 81.25}}, {"type": "Feature", "geometry": {"type": "Polygon", "coordinates": [[[-50.0, -27.5], [-50.0, -25.0], [-47.5, -25.0], [-47.5, -27.5], [-50.0, -27.5]]]}, "properties": {"cell_id": "124_25", "lon": -48.75, "lat": -26.25}}, {"type": "Feature", "geometry": {"type": "Polygon", "coordinates": [[[-50.0, -25.0], [-50.0, -22.5], [-47.5, -22.5], [-47.5, -25.0], [-50.0, -25.0]]]}, "properties": {"cell_id": "124_26", "lon": -48.75, "lat": -23.75}}, {"type": "Feature", "geometry": {"type": "Polygon", "coordinates": [[[-50.0, -22.5], [-50.0, -20.0], [-47.5, -20.0], [-47.5, -22.5], [-50.0, -22.5]]]}, "properties": {"cell_id": "124_27", "lon": -48.75, "lat": -21.25}}, {"type": "Feature", "geometry": {"type": "Polygon", "coordinates": [[[-50.0, -20.0], [-50.0, -17.5], [-47.5, -17.5], [-47.5, -20.0], [-50.0, -20.0]]]}, "properties": {"cell_id": "124_28", "lon": -48.75, "lat": -18.75}}, {"type": "Feature", "geometry": {"type": "Polygon", "coordinates": [[[-50.0, -17.5], [-50.0, -15.0], [-47.5, -15.0], [-47.5, -17.5], [-50.0, -17.5]]]}, "properties": {"cell_id": "124_29", "lon": -48.75, "lat": -16.25}}, {"type": "Feature", "geometry": {"type": "Polygon", "coordinates": [[[-50.0, -15.0], [-50.0, -12.5], [-47.5, -12.5], [-47.5, -15.0], [-50.0, -15.0]]]}, "properties": {"cell_id": "124_30", "lon": -48.75, "lat": -13.75}}, {"type": "Feature", "geometry": {"type": "Polygon", "coordinates": [[[-50.0, -12.5], [-50.0, -10.0], [-47.5, -10.0], [-47.5, -12.5], [-50.0, -12.5]]]}, "properties": {"cell_id": "124_31", "lon": -48.75, "lat": -11.25}}, {"type": "Feature", "geometry": {"type": "Polygon", "coordinates": [[[-50.0, -10.0], [-50.0, -7.5], [-47.5, -7.5], [-47.5, -10.0], [-50.0, -10.0]]]}, "properties": {"cell_id": "124_32", "lon": -48.75, "lat": -8.75}}, {"type": "Feature", "geometry": {"type": "Polygon", "coordinates": [[[-50.0, -7.5], [-50.0, -5.0], [-47.5, -5.0], [-47.5, -7.5], [-50.0, -7.5]]]}, "properties": {"cell_id": "124_33", "lon": -48.75, "lat": -6.25}}, {"type": "Feature", "geometry": {"type": "Polygon", "coordinates": [[[-50.0, -5.0], [-50.0, -2.5], [-47.5, -2.5], [-47.5, -5.0], [-50.0, -5.0]]]}, "properties": {"cell_id": "124_34", "lon": -48.75, "lat": -3.75}}, {"type": "Feature", "geometry": {"type": "Polygon", "coordinates": [[[-50.0, -2.5], [-50.0, 0.0], [-47.5, 0.0], [-47.5, -2.5], [-50.0, -2.5]]]}, "properties": {"cell_id": "124_35", "lon": -48.75, "lat": -1.25}}, {"type": "Feature", "geometry": {"type": "Polygon", "coordinates": [[[-50.0, 60.0], [-50.0, 62.5], [-47.5, 62.5], [-47.5, 60.0], [-50.0, 60.0]]]}, "properties": {"cell_id": "124_60", "lon": -48.75, "lat": 61.25}}, {"type": "Feature", "geometry": {"type": "Polygon", "coordinates": [[[-50.0, 62.5], [-50.0, 65.0], [-47.5, 65.0], [-47.5, 62.5], [-50.0, 62.5]]]}, "properties": {"cell_id": "124_61", "lon": -48.75, "lat": 63.75}}, {"type": "Feature", "geometry": {"type": "Polygon", "coordinates": [[[-50.0, 65.0], [-50.0, 67.5], [-47.5, 67.5], [-47.5, 65.0], [-50.0, 65.0]]]}, "properties": {"cell_id": "124_62", "lon": -48.75, "lat": 66.25}}, {"type": "Feature", "geometry": {"type": "Polygon", "coordinates": [[[-50.0, 67.5], [-50.0, 70.0], [-47.5, 70.0], [-47.5, 67.5], [-50.0, 67.5]]]}, "properties": {"cell_id": "124_63", "lon": -48.75, "lat": 68.75}}, {"type": "Feature", "geometry": {"type": "Polygon", "coordinates": [[[-50.0, 70.0], [-50.0, 72.5], [-47.5, 72.5], [-47.5, 70.0], [-50.0, 70.0]]]}, "properties": {"cell_id": "124_64", "lon": -48.75, "lat": 71.25}}, {"type": "Feature", "geometry": {"type": "Polygon", "coordinates": [[[-50.0, 72.5], [-50.0, 75.0], [-47.5, 75.0], [-47.5, 72.5], [-50.0, 72.5]]]}, "properties": {"cell_id": "124_65", "lon": -48.75, "lat": 73.75}}, {"type": "Feature", "geometry": {"type": "Polygon", "coordinates": [[[-50.0, 75.0], [-50.0, 77.5], [-47.5, 77.5], [-47.5, 75.0], [-50.0, 75.0]]]}, "properties": {"cell_id": "124_66", "lon": -48.75, "lat": 76.25}}, {"type": "Feature", "geometry": {"type": "Polygon", "coordinates": [[[-50.0, 77.5], [-50.0, 80.0], [-47.5, 80.0], [-47.5, 77.5], [-50.0, 77.5]]]}, "properties": {"cell_id": "124_67", "lon": -48.75, "lat": 78.75}}, {"type": "Feature", "geometry": {"type": "Polygon", "coordinates": [[[-50.0, 80.0], [-50.0, 82.5], [-47.5, 82.5], [-47.5, 80.0], [-50.0, 80.0]]]}, "properties": {"cell_id": "124_68", "lon": -48.75, "lat": 81.25}}, {"type": "Feature", "geometry": {"type": "Polygon", "coordinates": [[[-47.5, -25.0], [-47.5, -22.5], [-45.0, -22.5], [-45.0, -25.0], [-47.5, -25.0]]]}, "properties": {"cell_id": "125_26", "lon": -46.25, "lat": -23.75}}, {"type": "Feature", "geometry": {"type": "Polygon", "coordinates": [[[-47.5, -22.5], [-47.5, -20.0], [-45.0, -20.0], [-45.0, -22.5], [-47.5, -22.5]]]}, "properties": {"cell_id": "125_27", "lon": -46.25, "lat": -21.25}}, {"type": "Feature", "geometry": {"type": "Polygon", "coordinates": [[[-47.5, -20.0], [-47.5, -17.5], [-45.0, -17.5], [-45.0, -20.0], [-47.5, -20.0]]]}, "properties": {"cell_id": "125_28", "lon": -46.25, "lat": -18.75}}, {"type": "Feature", "geometry": {"type": "Polygon", "coordinates": [[[-47.5, -17.5], [-47.5, -15.0], [-45.0, -15.0], [-45.0, -17.5], [-47.5, -17.5]]]}, "properties": {"cell_id": "125_29", "lon": -46.25, "lat": -16.25}}, {"type": "Feature", "geometry": {"type": "Polygon", "coordinates": [[[-47.5, -15.0], [-47.5, -12.5], [-45.0, -12.5], [-45.0, -15.0], [-47.5, -15.0]]]}, "properties": {"cell_id": "125_30", "lon": -46.25, "lat": -13.75}}, {"type": "Feature", "geometry": {"type": "Polygon", "coordinates": [[[-47.5, -12.5], [-47.5, -10.0], [-45.0, -10.0], [-45.0, -12.5], [-47.5, -12.5]]]}, "properties": {"cell_id": "125_31", "lon": -46.25, "lat": -11.25}}, {"type": "Feature", "geometry": {"type": "Polygon", "coordinates": [[[-47.5, -10.0], [-47.5, -7.5], [-45.0, -7.5], [-45.0, -10.0], [-47.5, -10.0]]]}, "properties": {"cell_id": "125_32", "lon": -46.25, "lat": -8.75}}, {"type": "Feature", "geometry": {"type": "Polygon", "coordinates": [[[-47.5, -7.5], [-47.5, -5.0], [-45.0, -5.0], [-45.0, -7.5], [-47.5, -7.5]]]}, "properties": {"cell_id": "125_33", "lon": -46.25, "lat": -6.25}}, {"type": "Feature", "geometry": {"type": "Polygon", "coordinates": [[[-47.5, -5.0], [-47.5, -2.5], [-45.0, -2.5], [-45.0, -5.0], [-47.5, -5.0]]]}, "properties": {"cell_id": "125_34", "lon": -46.25, "lat": -3.75}}, {"type": "Feature", "geometry": {"type": "Polygon", "coordinates": [[[-47.5, -2.5], [-47.5, 0.0], [-45.0, 0.0], [-45.0, -2.5], [-47.5, -2.5]]]}, "properties": {"cell_id": "125_35", "lon": -46.25, "lat": -1.25}}, {"type": "Feature", "geometry": {"type": "Polygon", "coordinates": [[[-47.5, 60.0], [-47.5, 62.5], [-45.0, 62.5], [-45.0, 60.0], [-47.5, 60.0]]]}, "properties": {"cell_id": "125_60", "lon": -46.25, "lat": 61.25}}, {"type": "Feature", "geometry": {"type": "Polygon", "coordinates": [[[-47.5, 62.5], [-47.5, 65.0], [-45.0, 65.0], [-45.0, 62.5], [-47.5, 62.5]]]}, "properties": {"cell_id": "125_61", "lon": -46.25, "lat": 63.75}}, {"type": "Feature", "geometry": {"type": "Polygon", "coordinates": [[[-47.5, 65.0], [-47.5, 67.5], [-45.0, 67.5], [-45.0, 65.0], [-47.5, 65.0]]]}, "properties": {"cell_id": "125_62", "lon": -46.25, "lat": 66.25}}, {"type": "Feature", "geometry": {"type": "Polygon", "coordinates": [[[-47.5, 67.5], [-47.5, 70.0], [-45.0, 70.0], [-45.0, 67.5], [-47.5, 67.5]]]}, "properties": {"cell_id": "125_63", "lon": -46.25, "lat": 68.75}}, {"type": "Feature", "geometry": {"type": "Polygon", "coordinates": [[[-47.5, 70.0], [-47.5, 72.5], [-45.0, 72.5], [-45.0, 70.0], [-47.5, 70.0]]]}, "properties": {"cell_id": "125_64", "lon": -46.25, "lat": 71.25}}, {"type": "Feature", "geometry": {"type": "Polygon", "coordinates": [[[-47.5, 72.5], [-47.5, 75.0], [-45.0, 75.0], [-45.0, 72.5], [-47.5, 72.5]]]}, "properties": {"cell_id": "125_65", "lon": -46.25, "lat": 73.75}}, {"type": "Feature", "geometry": {"type": "Polygon", "coordinates": [[[-47.5, 75.0], [-47.5, 77.5], [-45.0, 77.5], [-45.0, 75.0], [-47.5, 75.0]]]}, "properties": {"cell_id": "125_66", "lon": -46.25, "lat": 76.25}}, {"type": "Feature", "geometry": {"type": "Polygon", "coordinates": [[[-47.5, 77.5], [-47.5, 80.0], [-45.0, 80.0], [-45.0, 77.5], [-47.5, 77.5]]]}, "properties": {"cell_id": "125_67", "lon": -46.25, "lat": 78.75}}, {"type": "Feature", "geometry": {"type": "Polygon", "coordinates": [[[-47.5, 80.0], [-47.5, 82.5], [-45.0, 82.5], [-45.0, 80.0], [-47.5, 80.0]]]}, "properties": {"cell_id": "125_68", "lon": -46.25, "lat": 81.25}}, {"type": "Feature", "geometry": {"type": "Polygon", "coordinates": [[[-45.0, -22.5], [-45.0, -20.0], [-42.5, -20.0], [-42.5, -22.5], [-45.0, -22.5]]]}, "properties": {"cell_id": "126_27", "lon": -43.75, "lat": -21.25}}, {"type": "Feature", "geometry": {"type": "Polygon", "coordinates": [[[-45.0, -20.0], [-45.0, -17.5], [-42.5, -17.5], [-42.5, -20.0], [-45.0, -20.0]]]}, "properties": {"cell_id": "126_28", "lon": -43.75, "lat": -18.75}}, {"type": "Feature", "geometry": {"type": "Polygon", "coordinates": [[[-45.0, -17.5], [-45.0, -15.0], [-42.5, -15.0], [-42.5, -17.5], [-45.0, -17.5]]]}, "properties": {"cell_id": "126_29", "lon": -43.75, "lat": -16.25}}, {"type": "Feature", "geometry": {"type": "Polygon", "coordinates": [[[-45.0, -15.0], [-45.0, -12.5], [-42.5, -12.5], [-42.5, -15.0], [-45.0, -15.0]]]}, "properties": {"cell_id": "126_30", "lon": -43.75, "lat": -13.75}}, {"type": "Feature", "geometry": {"type": "Polygon", "coordinates": [[[-45.0, -12.5], [-45.0, -10.0], [-42.5, -10.0], [-42.5, -12.5], [-45.0, -12.5]]]}, "properties": {"cell_id": "126_31", "lon": -43.75, "lat": -11.25}}, {"type": "Feature", "geometry": {"type": "Polygon", "coordinates": [[[-45.0, -10.0], [-45.0, -7.5], [-42.5, -7.5], [-42.5, -10.0], [-45.0, -10.0]]]}, "properties": {"cell_id": "126_32", "lon": -43.75, "lat": -8.75}}, {"type": "Feature", "geometry": {"type": "Polygon", "coordinates": [[[-45.0, -7.5], [-45.0, -5.0], [-42.5, -5.0], [-42.5, -7.5], [-45.0, -7.5]]]}, "properties": {"cell_id": "126_33", "lon": -43.75, "lat": -6.25}}, {"type": "Feature", "geometry": {"type": "Polygon", "coordinates": [[[-45.0, -5.0], [-45.0, -2.5], [-42.5, -2.5], [-42.5, -5.0], [-45.0, -5.0]]]}, "properties": {"cell_id": "126_34", "lon": -43.75, "lat": -3.75}}, {"type": "Feature", "geometry": {"type": "Polygon", "coordinates": [[[-45.0, 60.0], [-45.0, 62.5], [-42.5, 62.5], [-42.5, 60.0], [-45.0, 60.0]]]}, "properties": {"cell_id": "126_60", "lon": -43.75, "lat": 61.25}}, {"type": "Feature", "geometry": {"type": "Polygon", "coordinates": [[[-45.0, 62.5], [-45.0, 65.0], [-42.5, 65.0], [-42.5, 62.5], [-45.0, 62.5]]]}, "properties": {"cell_id": "126_61", "lon": -43.75, "lat": 63.75}}, {"type": "Feature", "geometry": {"type": "Polygon", "coordinates": [[[-45.0, 65.0], [-45.0, 67.5], [-42.5, 67.5], [-42.5, 65.0], [-45.0, 65.0]]]}, "properties": {"cell_id": "126_62", "lon": -43.75, "lat": 66.25}}, {"type": "Feature", "geometry": {"type": "Polygon", "coordinates": [[[-45.0, 67.5], [-45.0, 70.0], [-42.5, 70.0], [-42.5, 67.5], [-45.0, 67.5]]]}, "properties": {"cell_id": "126_63", "lon": -43.75, "lat": 68.75}}, {"type": "Feature", "geometry": {"type": "Polygon", "coordinates": [[[-45.0, 70.0], [-45.0, 72.5], [-42.5, 72.5], [-42.5, 70.0], [-45.0, 70.0]]]}, "properties": {"cell_id": "126_64", "lon": -43.75, "lat": 71.25}}, {"type": "Feature", "geometry": {"type": "Polygon", "coordinates": [[[-45.0, 72.5], [-45.0, 75.0], [-42.5, 75.0], [-42.5, 72.5], [-45.0, 72.5]]]}, "properties": {"cell_id": "126_65", "lon": -43.75, "lat": 73.75}}, {"type": "Feature", "geometry": {"type": "Polygon", "coordinates": [[[-45.0, 75.0], [-45.0, 77.5], [-42.5, 77.5], [-42.5, 75.0], [-45.0, 75.0]]]}, "properties": {"cell_id": "126_66", "lon": -43.75, "lat": 76.25}}, {"type": "Feature", "geometry": {"type": "Polygon", "coordinates": [[[-45.0, 77.5], [-45.0, 80.0], [-42.5, 80.0], [-42.5, 77.5], [-45.0, 77.5]]]}, "properties": {"cell_id": "126_67", "lon": -43.75, "lat": 78.75}}, {"type": "Feature", "geometry": {"type": "Polygon", "coordinates": [[[-45.0, 80.0], [-45.0, 82.5], [-42.5, 82.5], [-42.5, 80.0], [-45.0, 80.0]]]}, "properties": {"cell_id": "126_68", "lon": -43.75, "lat": 81.25}}, {"type": "Feature", "geometry": {"type": "Polygon", "coordinates": [[[-42.5, -22.5], [-42.5, -20.0], [-40.0, -20.0], [-40.0, -22.5], [-42.5, -22.5]]]}, "properties": {"cell_id": "127_27", "lon": -41.25, "lat": -21.25}}, {"type": "Feature", "geometry": {"type": "Polygon", "coordinates": [[[-42.5, -20.0], [-42.5, -17.5], [-40.0, -17.5], [-40.0, -20.0], [-42.5, -20.0]]]}, "properties": {"cell_id": "127_28", "lon": -41.25, "lat": -18.75}}, {"type": "Feature", "geometry": {"type": "Polygon", "coordinates": [[[-42.5, -17.5], [-42.5, -15.0], [-40.0, -15.0], [-40.0, -17.5], [-42.5, -17.5]]]}, "properties": {"cell_id": "127_29", "lon": -41.25, "lat": -16.25}}, {"type": "Feature", "geometry": {"type": "Polygon", "coordinates": [[[-42.5, -15.0], [-42.5, -12.5], [-40.0, -12.5], [-40.0, -15.0], [-42.5, -15.0]]]}, "properties": {"cell_id": "127_30", "lon": -41.25, "lat": -13.75}}, {"type": "Feature", "geometry": {"type": "Polygon", "coordinates": [[[-42.5, -12.5], [-42.5, -10.0], [-40.0, -10.0], [-40.0, -12.5], [-42.5, -12.5]]]}, "properties": {"cell_id": "127_31", "lon": -41.25, "lat": -11.25}}, {"type": "Feature", "geometry": {"type": "Polygon", "coordinates": [[[-42.5, -10.0], [-42.5, -7.5], [-40.0, -7.5], [-40.0, -10.0], [-42.5, -10.0]]]}, "properties": {"cell_id": "127_32", "lon": -41.25, "lat": -8.75}}, {"type": "Feature", "geometry": {"type": "Polygon", "coordinates": [[[-42.5, -7.5], [-42.5, -5.0], [-40.0, -5.0], [-40.0, -7.5], [-42.5, -7.5]]]}, "properties": {"cell_id": "127_33", "lon": -41.25, "lat": -6.25}}, {"type": "Feature", "geometry": {"type": "Polygon", "coordinates": [[[-42.5, -5.0], [-42.5, -2.5], [-40.0, -2.5], [-40.0, -5.0], [-42.5, -5.0]]]}, "properties": {"cell_id": "127_34", "lon": -41.25, "lat": -3.75}}, {"type": "Feature", "geometry": {"type": "Polygon", "coordinates": [[[-42.5, 62.5], [-42.5, 65.0], [-40.0, 65.0], [-40.0, 62.5], [-42.5, 62.5]]]}, "properties": {"cell_id": "127_61", "lon": -41.25, "lat": 63.75}}, {"type": "Feature", "geometry": {"type": "Polygon", "coordinates": [[[-42.5, 65.0], [-42.5, 67.5], [-40.0, 67.5], [-40.0, 65.0], [-42.5, 65.0]]]}, "properties": {"cell_id": "127_62", "lon": -41.25, "lat": 66.25}}, {"type": "Feature", "geometry": {"type": "Polygon", "coordinates": [[[-42.5, 67.5], [-42.5, 70.0], [-40.0, 70.0], [-40.0, 67.5], [-42.5, 67.5]]]}, "properties": {"cell_id": "127_63", "lon": -41.25, "lat": 68.75}}, {"type": "Feature", "geometry": {"type": "Polygon", "coordinates": [[[-42.5, 70.0], [-42.5, 72.5], [-40.0, 72.5], [-40.0, 70.0], [-42.5, 70.0]]]}, "properties": {"cell_id": "127_64", "lon": -41.25, "lat": 71.25}}, {"type": "Feature", "geometry": {"type": "Polygon", "coordinates": [[[-42.5, 72.5], [-42.5, 75.0], [-40.0, 75.0], [-40.0, 72.5], [-42.5, 72.5]]]}, "properties": {"cell_id": "127_65", "lon": -41.25, "lat": 73.75}}, {"type": "Feature", "geometry": {"type": "Polygon", "coordinates": [[[-42.5, 75.0], [-42.5, 77.5], [-40.0, 77.5], [-40.0, 75.0], [-42.5, 75.0]]]}, "properties": {"cell_id": "127_66", "lon": -41.25, "lat": 76.25}}, {"type": "Feature", "geometry": {"type": "Polygon", "coordinates": [[[-42.5, 77.5], [-42.5, 80.0], [-40.0, 80.0], [-40.0, 77.5], [-42.5, 77.5]]]}, "properties": {"cell_id": "127_67", "lon": -41.25, "lat": 78.75}}, {"type": "Feature", "geometry": {"type": "Polygon", "coordinates": [[[-42.5, 80.0], [-42.5, 82.5], [-40.0, 82.5], [-40.0, 80.0], [-42.5, 80.0]]]}, "properties": {"cell_id": "127_68", "lon": -41.25, "lat": 81.25}}, {"type": "Feature", "geometry": {"type": "Polygon", "coordinates": [[[-40.0, -12.5], [-40.0, -10.0], [-37.5, -10.0], [-37.5, -12.5], [-40.0, -12.5]]]}, "properties": {"cell_id": "128_31", "lon": -38.75, "lat": -11.25}}, {"type": "Feature", "geometry": {"type": "Polygon", "coordinates": [[[-40.0, -10.0], [-40.0, -7.5], [-37.5, -7.5], [-37.5, -10.0], [-40.0, -10.0]]]}, "properties": {"cell_id": "128_32", "lon": -38.75, "lat": -8.75}}, {"type": "Feature", "geometry": {"type": "Polygon", "coordinates": [[[-40.0, -7.5], [-40.0, -5.0], [-37.5, -5.0], [-37.5, -7.5], [-40.0, -7.5]]]}, "properties": {"cell_id": "128_33", "lon": -38.75, "lat": -6.25}}, {"type": "Feature", "geometry": {"type": "Polygon", "coordinates": [[[-40.0, -5.0], [-40.0, -2.5], [-37.5, -2.5], [-37.5, -5.0], [-40.0, -5.0]]]}, "properties": {"cell_id": "128_34", "lon": -38.75, "lat": -3.75}}, {"type": "Feature", "geometry": {"type": "Polygon", "coordinates": [[[-40.0, 65.0], [-40.0, 67.5], [-37.5, 67.5], [-37.5, 65.0], [-40.0, 65.0]]]}, "properties": {"cell_id": "128_62", "lon": -38.75, "lat": 66.25}}, {"type": "Feature", "geometry": {"type": "Polygon", "coordinates": [[[-40.0, 67.5], [-40.0, 70.0], [-37.5, 70.0], [-37.5, 67.5], [-40.0, 67.5]]]}, "properties": {"cell_id": "128_63", "lon": -38.75, "lat": 68.75}}, {"type": "Feature", "geometry": {"type": "Polygon", "coordinates": [[[-40.0, 70.0], [-40.0, 72.5], [-37.5, 72.5], [-37.5, 70.0], [-40.0, 70.0]]]}, "properties": {"cell_id": "128_64", "lon": -38.75, "lat": 71.25}}, {"type": "Feature", "geometry": {"type": "Polygon", "coordinates": [[[-40.0, 72.5], [-40.0, 75.0], [-37.5, 75.0], [-37.5, 72.5], [-40.0, 72.5]]]}, "properties": {"cell_id": "128_65", "lon": -38.75, "lat": 73.75}}, {"type": "Feature", "geometry": {"type": "Polygon", "coordinates": [[[-40.0, 75.0], [-40.0, 77.5], [-37.5, 77.5], [-37.5, 75.0], [-40.0, 75.0]]]}, "properties": {"cell_id": "128_66", "lon": -38.75, "lat": 76.25}}, {"type": "Feature", "geometry": {"type": "Polygon", "coordinates": [[[-40.0, 77.5], [-40.0, 80.0], [-37.5, 80.0], [-37.5, 77.5], [-40.0, 77.5]]]}, "properties": {"cell_id": "128_67", "lon": -38.75, "lat": 78.75}}, {"type": "Feature", "geometry": {"type": "Polygon", "coordinates": [[[-40.0, 80.0], [-40.0, 82.5], [-37.5, 82.5], [-37.5, 80.0], [-40.0, 80.0]]]}, "properties": {"cell_id": "128_68", "lon": -38.75, "lat": 81.25}}, {"type": "Feature", "geometry": {"type": "Polygon", "coordinates": [[[-37.5, -10.0], [-37.5, -7.5], [-35.0, -7.5], [-35.0, -10.0], [-37.5, -10.0]]]}, "properties": {"cell_id": "129_32", "lon": -36.25, "lat": -8.75}}, {"type": "Feature", "geometry": {"type": "Polygon", "coordinates": [[[-37.5, -7.5], [-37.5, -5.0], [-35.0, -5.0], [-35.0, -7.5], [-37.5, -7.5]]]}, "properties": {"cell_id": "129_33", "lon": -36.25, "lat": -6.25}}, {"type": "Feature", "geometry": {"type": "Polygon", "coordinates": [[[-37.5, 65.0], [-37.5, 67.5], [-35.0, 67.5], [-35.0, 65.0], [-37.5, 65.0]]]}, "properties": {"cell_id": "129_62", "lon": -36.25, "lat": 66.25}}, {"type": "Feature", "geometry": {"type": "Polygon", "coordinates": [[[-37.5, 67.5], [-37.5, 70.0], [-35.0, 70.0], [-35.0, 67.5], [-37.5, 67.5]]]}, "properties": {"cell_id": "129_63", "lon": -36.25, "lat": 68.75}}, {"type": "Feature", "geometry": {"type": "Polygon", "coordinates": [[[-37.5, 70.0], [-37.5, 72.5], [-35.0, 72.5], [-35.0, 70.0], [-37.5, 70.0]]]}, "properties": {"cell_id": "129_64", "lon": -36.25, "lat": 71.25}}, {"type": "Feature", "geometry": {"type": "Polygon", "coordinates": [[[-37.5, 72.5], [-37.5, 75.0], [-35.0, 75.0], [-35.0, 72.5], [-37.5, 72.5]]]}, "properties": {"cell_id": "129_65", "lon": -36.25, "lat": 73.75}}, {"type": "Feature", "geometry": {"type": "Polygon", "coordinates": [[[-37.5, 75.0], [-37.5, 77.5], [-35.0, 77.5], [-35.0, 75.0], [-37.5, 75.0]]]}, "properties": {"cell_id": "129_66", "lon": -36.25, "lat": 76.25}}, {"type": "Feature", "geometry": {"type": "Polygon", "coordinates": [[[-37.5, 77.5], [-37.5, 80.0], [-35.0, 80.0], [-35.0, 77.5], [-37.5, 77.5]]]}, "properties": {"cell_id": "129_67", "lon": -36.25, "lat": 78.75}}, {"type": "Feature", "geometry": {"type": "Polygon", "coordinates": [[[-37.5, 80.0], [-37.5, 82.5], [-35.0, 82.5], [-35.0, 80.0], [-37.5, 80.0]]]}, "properties": {"cell_id": "129_68", "lon": -36.25, "lat": 81.25}}, {"type": "Feature", "geometry": {"type": "Polygon", "coordinates": [[[-35.0, 67.5], [-35.0, 70.0], [-32.5, 70.0], [-32.5, 67.5], [-35.0, 67.5]]]}, "properties": {"cell_id": "130_63", "lon": -33.75, "lat": 68.75}}, {"type": "Feature", "geometry": {"type": "Polygon", "coordinates": [[[-35.0, 70.0], [-35.0, 72.5], [-32.5, 72.5], [-32.5, 70.0], [-35.0, 70.0]]]}, "properties": {"cell_id": "130_64", "lon": -33.75, "lat": 71.25}}, {"type": "Feature", "geometry": {"type": "Polygon", "coordinates": [[[-35.0, 72.5], [-35.0, 75.0], [-32.5, 75.0], [-32.5, 72.5], [-35.0, 72.5]]]}, "properties": {"cell_id": "130_65", "lon": -33.75, "lat": 73.75}}, {"type": "Feature", "geometry": {"type": "Polygon", "coordinates": [[[-35.0, 75.0], [-35.0, 77.5], [-32.5, 77.5], [-32.5, 75.0], [-35.0, 75.0]]]}, "properties": {"cell_id": "130_66", "lon": -33.75, "lat": 76.25}}, {"type": "Feature", "geometry": {"type": "Polygon", "coordinates": [[[-35.0, 77.5], [-35.0, 80.0], [-32.5, 80.0], [-32.5, 77.5], [-35.0, 77.5]]]}, "properties": {"cell_id": "130_67", "lon": -33.75, "lat": 78.75}}, {"type": "Feature", "geometry": {"type": "Polygon", "coordinates": [[[-35.0, 80.0], [-35.0, 82.5], [-32.5, 82.5], [-32.5, 80.0], [-35.0, 80.0]]]}, "properties": {"cell_id": "130_68", "lon": -33.75, "lat": 81.25}}, {"type": "Feature", "geometry": {"type": "Polygon", "coordinates": [[[-32.5, 67.5], [-32.5, 70.0], [-30.0, 70.0], [-30.0, 67.5], [-32.5, 67.5]]]}, "properties": {"cell_id": "131_63", "lon": -31.25, "lat": 68.75}}, {"type": "Feature", "geometry": {"type": "Polygon", "coordinates": [[[-32.5, 70.0], [-32.5, 72.5], [-30.0, 72.5], [-30.0, 70.0], [-32.5, 70.0]]]}, "properties": {"cell_id": "131_64", "lon": -31.25, "lat": 71.25}}, {"type": "Feature", "geometry": {"type": "Polygon", "coordinates": [[[-32.5, 72.5], [-32.5, 75.0], [-30.0, 75.0], [-30.0, 72.5], [-32.5, 72.5]]]}, "properties": {"cell_id": "131_65", "lon": -31.25, "lat": 73.75}}, {"type": "Feature", "geometry": {"type": "Polygon", "coordinates": [[[-32.5, 75.0], [-32.5, 77.5], [-30.0, 77.5], [-30.0, 75.0], [-32.5, 75.0]]]}, "properties": {"cell_id": "131_66", "lon": -31.25, "lat": 76.25}}, {"type": "Feature", "geometry": {"type": "Polygon", "coordinates": [[[-32.5, 77.5], [-32.5, 80.0], [-30.0, 80.0], [-30.0, 77.5], [-32.5, 77.5]]]}, "properties": {"cell_id": "131_67", "lon": -31.25, "lat": 78.75}}, {"type": "Feature", "geometry": {"type": "Polygon", "coordinates": [[[-32.5, 80.0], [-32.5, 82.5], [-30.0, 82.5], [-30.0, 80.0], [-32.5, 80.0]]]}, "properties": {"cell_id": "131_68", "lon": -31.25, "lat": 81.25}}, {"type": "Feature", "geometry": {"type": "Polygon", "coordinates": [[[-30.0, 67.5], [-30.0, 70.0], [-27.5, 70.0], [-27.5, 67.5], [-30.0, 67.5]]]}, "properties": {"cell_id": "132_63", "lon": -28.75, "lat": 68.75}}, {"type": "Feature", "geometry": {"type": "Polygon", "coordinates": [[[-30.0, 70.0], [-30.0, 72.5], [-27.5, 72.5], [-27.5, 70.0], [-30.0, 70.0]]]}, "properties": {"cell_id": "132_64", "lon": -28.75, "lat": 71.25}}, {"type": "Feature", "geometry": {"type": "Polygon", "coordinates": [[[-30.0, 72.5], [-30.0, 75.0], [-27.5, 75.0], [-27.5, 72.5], [-30.0, 72.5]]]}, "properties": {"cell_id": "132_65", "lon": -28.75, "lat": 73.75}}, {"type": "Feature", "geometry": {"type": "Polygon", "coordinates": [[[-30.0, 75.0], [-30.0, 77.5], [-27.5, 77.5], [-27.5, 75.0], [-30.0, 75.0]]]}, "properties": {"cell_id": "132_66", "lon": -28.75, "lat": 76.25}}, {"type": "Feature", "geometry": {"type": "Polygon", "coordinates": [[[-30.0, 77.5], [-30.0, 80.0], [-27.5, 80.0], [-27.5, 77.5], [-30.0, 77.5]]]}, "properties": {"cell_id": "132_67", "lon": -28.75, "lat": 78.75}}, {"type": "Feature", "geometry": {"type": "Polygon", "coordinates": [[[-30.0, 80.0], [-30.0, 82.5], [-27.5, 82.5], [-27.5, 80.0], [-30.0, 80.0]]]}, "properties": {"cell_id": "132_68", "lon": -28.75, "lat": 81.25}}, {"type": "Feature", "geometry": {"type": "Polygon", "coordinates": [[[-27.5, 70.0], [-27.5, 72.5], [-25.0, 72.5], [-25.0, 70.0], [-27.5, 70.0]]]}, "properties": {"cell_id": "133_64", "lon": -26.25, "lat": 71.25}}, {"type": "Feature", "geometry": {"type": "Polygon", "coordinates": [[[-27.5, 72.5], [-27.5, 75.0], [-25.0, 75.0], [-25.0, 72.5], [-27.5, 72.5]]]}, "properties": {"cell_id": "133_65", "lon": -26.25, "lat": 73.75}}, {"type": "Feature", "geometry": {"type": "Polygon", "coordinates": [[[-27.5, 75.0], [-27.5, 77.5], [-25.0, 77.5], [-25.0, 75.0], [-27.5, 75.0]]]}, "properties": {"cell_id": "133_66", "lon": -26.25, "lat": 76.25}}, {"type": "Feature", "geometry": {"type": "Polygon", "coordinates": [[[-27.5, 77.5], [-27.5, 80.0], [-25.0, 80.0], [-25.0, 77.5], [-27.5, 77.5]]]}, "properties": {"cell_id": "133_67", "lon": -26.25, "lat": 78.75}}, {"type": "Feature", "geometry": {"type": "Polygon", "coordinates": [[[-27.5, 80.0], [-27.5, 82.5], [-25.0, 82.5], [-25.0, 80.0], [-27.5, 80.0]]]}, "properties": {"cell_id": "133_68", "lon": -26.25, "lat": 81.25}}, {"type": "Feature", "geometry": {"type": "Polygon", "coordinates": [[[-25.0, 70.0], [-25.0, 72.5], [-22.5, 72.5], [-22.5, 70.0], [-25.0, 70.0]]]}, "properties": {"cell_id": "134_64", "lon": -23.75, "lat": 71.25}}, {"type": "Feature", "geometry": {"type": "Polygon", "coordinates": [[[-25.0, 72.5], [-25.0, 75.0], [-22.5, 75.0], [-22.5, 72.5], [-25.0, 72.5]]]}, "properties": {"cell_id": "134_65", "lon": -23.75, "lat": 73.75}}, {"type": "Feature", "geometry": {"type": "Polygon", "coordinates": [[[-25.0, 75.0], [-25.0, 77.5], [-22.5, 77.5], [-22.5, 75.0], [-25.0, 75.0]]]}, "properties": {"cell_id": "134_66", "lon": -23.75, "lat": 76.25}}, {"type": "Feature", "geometry": {"type": "Polygon", "coordinates": [[[-25.0, 77.5], [-25.0, 80.0], [-22.5, 80.0], [-22.5, 77.5], [-25.0, 77.5]]]}, "properties": {"cell_id": "134_67", "lon": -23.75, "lat": 78.75}}, {"type": "Feature", "geometry": {"type": "Polygon", "coordinates": [[[-25.0, 80.0], [-25.0, 82.5], [-22.5, 82.5], [-22.5, 80.0], [-25.0, 80.0]]]}, "properties": {"cell_id": "134_68", "lon": -23.75, "lat": 81.25}}, {"type": "Feature", "geometry": {"type": "Polygon", "coordinates": [[[-22.5, 72.5], [-22.5, 75.0], [-20.0, 75.0], [-20.0, 72.5], [-22.5, 72.5]]]}, "properties": {"cell_id": "135_65", "lon": -21.25, "lat": 73.75}}, {"type": "Feature", "geometry": {"type": "Polygon", "coordinates": [[[-22.5, 75.0], [-22.5, 77.5], [-20.0, 77.5], [-20.0, 75.0], [-22.5, 75.0]]]}, "properties": {"cell_id": "135_66", "lon": -21.25, "lat": 76.25}}, {"type": "Feature", "geometry": {"type": "Polygon", "coordinates": [[[-22.5, 77.5], [-22.5, 80.0], [-20.0, 80.0], [-20.0, 77.5], [-22.5, 77.5]]]}, "properties": {"cell_id": "135_67", "lon": -21.25, "lat": 78.75}}, {"type": "Feature", "geometry": {"type": "Polygon", "coordinates": [[[-22.5, 80.0], [-22.5, 82.5], [-20.0, 82.5], [-20.0, 80.0], [-22.5, 80.0]]]}, "properties": {"cell_id": "135_68", "lon": -21.25, "lat": 81.25}}, {"type": "Feature", "geometry": {"type": "Polygon", "coordinates": [[[-20.0, 62.5], [-20.0, 65.0], [-17.5, 65.0], [-17.5, 62.5], [-20.0, 62.5]]]}, "properties": {"cell_id": "136_61", "lon": -18.75, "lat": 63.75}}, {"type": "Feature", "geometry": {"type": "Polygon", "coordinates": [[[-20.0, 80.0], [-20.0, 82.5], [-17.5, 82.5], [-17.5, 80.0], [-20.0, 80.0]]]}, "properties": {"cell_id": "136_68", "lon": -18.75, "lat": 81.25}}, {"type": "Feature", "geometry": {"type": "Polygon", "coordinates": [[[-17.5, 12.5], [-17.5, 15.0], [-15.0, 15.0], [-15.0, 12.5], [-17.5, 12.5]]]}, "properties": {"cell_id": "137_41", "lon": -16.25, "lat": 13.75}}, {"type": "Feature", "geometry": {"type": "Polygon", "coordinates": [[[-17.5, 15.0], [-17.5, 17.5], [-15.0, 17.5], [-15.0, 15.0], [-17.5, 15.0]]]}, "properties": {"cell_id": "137_42", "lon": -16.25, "lat": 16.25}}, {"type": "Feature", "geometry": {"type": "Polygon", "coordinates": [[[-17.5, 20.0], [-17.5, 22.5], [-15.0, 22.5], [-15.0, 20.0], [-17.5, 20.0]]]}, "properties": {"cell_id": "137_44", "lon": -16.25, "lat": 21.25}}, {"type": "Feature", "geometry": {"type": "Polygon", "coordinates": [[[-17.5, 65.0], [-17.5, 67.5], [-15.0, 67.5], [-15.0, 65.0], [-17.5, 65.0]]]}, "properties": {"cell_id": "137_62", "lon": -16.25, "lat": 66.25}}, {"type": "Feature", "geometry": {"type": "Polygon", "coordinates": [[[-17.5, 80.0], [-17.5, 82.5], [-15.0, 82.5], [-15.0, 80.0], [-17.5, 80.0]]]}, "properties": {"cell_id": "137_68", "lon": -16.25, "lat": 81.25}}, {"type": "Feature", "geometry": {"type": "Polygon", "coordinates": [[[-15.0, 10.0], [-15.0, 12.5], [-12.5, 12.5], [-12.5, 10.0], [-15.0, 10.0]]]}, "properties": {"cell_id": "138_40", "lon": -13.75, "lat": 11.25}}, {"type": "Feature", "geometry": {"type": "Polygon", "coordinates": [[[-15.0, 12.5], [-15.0, 15.0], [-12.5, 15.0], [-12.5, 12.5], [-15.0, 12.5]]]}, "properties": {"cell_id": "138_41", "lon": -13.75, "lat": 13.75}}, {"type": "Feature", "geometry": {"type": "Polygon", "coordinates": [[[-15.0, 15.0], [-15.0, 17.5], [-12.5, 17.5], [-12.5, 15.0], [-15.0, 15.0]]]}, "properties": {"cell_id": "138_42", "lon": -13.75, "lat": 16.25}}, {"type": "Feature", "geometry": {"type": "Polygon", "coordinates": [[[-15.0, 17.5], [-15.0, 20.0], [-12.5, 20.0], [-12.5, 17.5], [-15.0, 17.5]]]}, "properties": {"cell_id": "138_43", "lon": -13.75, "lat": 18.75}}, {"type": "Feature", "geometry": {"type": "Polygon", "coordinates": [[[-15.0, 20.0], [-15.0, 22.5], [-12.5, 22.5], [-12.5, 20.0], [-15.0, 20.0]]]}, "properties": {"cell_id": "138_44", "lon": -13.75, "lat": 21.25}}, {"type": "Feature", "geometry": {"type": "Polygon", "coordinates": [[[-15.0, 22.5], [-15.0, 25.0], [-12.5, 25.0], [-12.5, 22.5], [-15.0, 22.5]]]}, "properties": {"cell_id": "138_45", "lon": -13.75, "lat": 23.75}}, {"type": "Feature", "geometry": {"type": "Polygon", "coordinates": [[[-15.0, 25.0], [-15.0, 27.5], [-12.5, 27.5], [-12.5, 25.0], [-15.0, 25.0]]]}, "properties": {"cell_id": "138_46", "lon": -13.75, "lat": 26.25}}, {"type": "Feature", "geometry": {"type": "Polygon", "coordinates": [[[-15.0, 80.0], [-15.0, 82.5], [-12.5, 82.5], [-12.5, 80.0], [-15.0, 80.0]]]}, "properties": {"cell_id": "138_68", "lon": -13.75, "lat": 81.25}}, {"type": "Feature", "geometry": {"type": "Polygon", "coordinates": [[[-12.5, 7.5], [-12.5, 10.0], [-10.0, 10.0], [-10.0, 7.5], [-12.5, 7.5]]]}, "properties": {"cell_id": "139_39", "lon": -11.25, "lat": 8.75}}, {"type": "Feature", "geometry": {"type": "Polygon", "coordinates": [[[-12.5, 10.0], [-12.5, 12.5], [-10.0, 12.5], [-10.0, 10.0], [-12.5, 10.0]]]}, "properties": {"cell_id": "139_40", "lon": -11.25, "lat": 11.25}}, {"type": "Feature", "geometry": {"type": "Polygon", "coordinates": [[[-12.5, 12.5], [-12.5, 15.0], [-10.0, 15.0], [-10.0, 12.5], [-12.5, 12.5]]]}, "properties": {"cell_id": "139_41", "lon": -11.25, "lat": 13.75}}, {"type": "Feature", "geometry": {"type": "Polygon", "coordinates": [[[-12.5, 15.0], [-12.5, 17.5], [-10.0, 17.5], [-10.0, 15.0], [-12.5, 15.0]]]}, "properties": {"cell_id": "139_42", "lon": -11.25, "lat": 16.25}}, {"type": "Feature", "geometry": {"type": "Polygon", "coordinates": [[[-12.5, 17.5], [-12.5, 20.0], [-10.0, 20.0], [-10.0, 17.5], [-12.5, 17.5]]]}, "properties": {"cell_id": "139_43", "lon": -11.25, "lat": 18.75}}, {"type": "Feature", "geometry": {"type": "Polygon", "coordinates": [[[-12.5, 20.0], [-12.5, 22.5], [-10.0, 22.5], [-10.0, 20.0], [-12.5, 20.0]]]}, "properties": {"cell_id": "139_44", "lon": -11.25, "lat": 21.25}}, {"type": "Feature", "geometry": {"type": "Polygon", "coordinates": [[[-12.5, 22.5], [-12.5, 25.0], [-10.0, 25.0], [-10.0, 22.5], [-12.5, 22.5]]]}, "properties": {"cell_id": "139_45", "lon": -11.25, "lat": 23.75}}, {"type": "Feature", "geometry": {"type": "Polygon", "coordinates": [[[-12.5, 25.0], [-12.5, 27.5], [-10.0, 27.5], [-10.0, 25.0], [-12.5, 25.0]]]}, "properties": {"cell_id": "139_46", "lon": -11.25, "lat": 26.25}}, {"type": "Feature", "geometry": {"type": "Polygon", "coordinates": [[[-10.0, 5.0], [-10.0, 7.5], [-7.5, 7.5], [-7.5, 5.0], [-10.0, 5.0]]]}, "properties": {"cell_id": "140_38", "lon": -8.75, "lat": 6.25}}, {"type": "Feature", "geometry": {"type": "Polygon", "coordinates": [[[-10.0, 7.5], [-10.0, 10.0], [-7.5, 10.0], [-7.5, 7.5], [-10.0, 7.5]]]}, "properties": {"cell_id": "140_39", "lon": -8.75, "lat": 8.75}}, {"type": "Feature", "geometry": {"type": "Polygon", "coordinates": [[[-10.0, 10.0], [-10.0, 12.5], [-7.5, 12.5], [-7.5, 10.0], [-10.0, 10.0]]]}, "properties": {"cell_id": "140_40", "lon": -8.75, "lat": 11.25}}, {"type": "Feature", "geometry": {"type": "Polygon", "coordinates": [[[-10.0, 12.5], [-10.0, 15.0], [-7.5, 15.0], [-7.5, 12.5], [-10.0, 12.5]]]}, "properties": {"cell_id": "140_41", "lon": -8.75, "lat": 13.75}}, {"type": "Feature", "geometry": {"type": "Polygon", "coordinates": [[[-10.0, 15.0], [-10.0, 17.5], [-7.5, 17.5], [-7.5, 15.0], [-10.0, 15.0]]]}, "properties": {"cell_id": "140_42", "lon": -8.75, "lat": 16.25}}, {"type": "Feature", "geometry": {"type": "Polygon", "coordinates": [[[-10.0, 17.5], [-10.0, 20.0], [-7.5, 20.0], [-7.5, 17.5], [-10.0, 17.5]]]}, "properties": {"cell_id": "140_43", "lon": -8.75, "lat": 18.75}}, {"type": "Feature", "geometry": {"type": "Polygon", "coordinates": [[[-10.0, 20.0], [-10.0, 22.5], [-7.5, 22.5], [-7.5, 20.0], [-10.0, 20.0]]]}, "properties": {"cell_id": "140_44", "lon": -8.75, "lat": 21.25}}, {"type": "Feature", "geometry": {"type": "Polygon", "coordinates": [[[-10.0, 22.5], [-10.0, 25.0], [-7.5, 25.0], [-7.5, 22.5], [-10.0, 22.5]]]}, "properties": {"cell_id": "140_45", "lon": -8.75, "lat": 23.75}}, {"type": "Feature", "geometry": {"type": "Polygon", "coordinates": [[[-10.0, 25.0], [-10.0, 27.5], [-7.5, 27.5], [-7.5, 25.0], [-10.0, 25.0]]]}, "properties": {"cell_id": "140_46", "lon": -8.75, "lat": 26.25}}, {"type": "Feature", "geometry": {"type": "Polygon", "coordinates": [[[-10.0, 27.5], [-10.0, 30.0], [-7.5, 30.0], [-7.5, 27.5], [-10.0, 27.5]]]}, "properties": {"cell_id": "140_47", "lon": -8.75, "lat": 28.75}}, {"type": "Feature", "geometry": {"type": "Polygon", "coordinates": [[[-10.0, 30.0], [-10.0, 32.5], [-7.5, 32.5], [-7.5, 30.0], [-10.0, 30.0]]]}, "properties": {"cell_id": "140_48", "lon": -8.75, "lat": 31.25}}, {"type": "Feature", "geometry": {"type": "Polygon", "coordinates": [[[-10.0, 37.5], [-10.0, 40.0], [-7.5, 40.0], [-7.5, 37.5], [-10.0, 37.5]]]}, "properties": {"cell_id": "140_51", "lon": -8.75, "lat": 38.75}}, {"type": "Feature", "geometry": {"type": "Polygon", "coordinates": [[[-10.0, 40.0], [-10.0, 42.5], [-7.5, 42.5], [-7.5, 40.0], [-10.0, 40.0]]]}, "properties": {"cell_id": "140_52", "lon": -8.75, "lat": 41.25}}, {"type": "Feature", "geometry": {"type": "Polygon", "coordinates": [[[-10.0, 52.5], [-10.0, 55.0], [-7.5, 55.0], [-7.5, 52.5], [-10.0, 52.5]]]}, "properties": {"cell_id": "140_57", "lon": -8.75, "lat": 53.75}}, {"type": "Feature", "geometry": {"type": "Polygon", "coordinates": [[[-7.5, 5.0], [-7.5, 7.5], [-5.0, 7.5], [-5.0, 5.0], [-7.5, 5.0]]]}, "properties": {"cell_id": "141_38", "lon": -6.25, "lat": 6.25}}, {"type": "Feature", "geometry": {"type": "Polygon", "coordinates": [[[-7.5, 7.5], [-7.5, 10.0], [-5.0, 10.0], [-5.0, 7.5], [-7.5, 7.5]]]}, "properties": {"cell_id": "141_39", "lon": -6.25, "lat": 8.75}}, {"type": "Feature", "geometry": {"type": "Polygon", "coordinates": [[[-7.5, 10.0], [-7.5, 12.5], [-5.0, 12.5], [-5.0, 10.0], [-7.5, 10.0]]]}, "properties": {"cell_id": "141_40", "lon": -6.25, "lat": 11.25}}, {"type": "Feature", "geometry": {"type": "Polygon", "coordinates": [[[-7.5, 12.5], [-7.5, 15.0], [-5.0, 15.0], [-5.0, 12.5], [-7.5, 12.5]]]}, "properties": {"cell_id": "141_41", "lon": -6.25, "lat": 13.75}}, {"type": "Feature", "geometry": {"type": "Polygon", "coordinates": [[[-7.5, 15.0], [-7.5, 17.5], [-5.0, 17.5], [-5.0, 15.0], [-7.5, 15.0]]]}, "properties": {"cell_id": "141_42", "lon": -6.25, "lat": 16.25}}, {"type": "Feature", "geometry": {"type": "Polygon", "coordinates": [[[-7.5, 17.5], [-7.5, 20.0], [-5.0, 20.0], [-5.0, 17.5], [-7.5, 17.5]]]}, "properties": {"cell_id": "141_43", "lon": -6.25, "lat": 18.75}}, {"type": "Feature", "geometry": {"type": "Polygon", "coordinates": [[[-7.5, 20.0], [-7.5, 22.5], [-5.0, 22.5], [-5.0, 20.0], [-7.5, 20.0]]]}, "properties": {"cell_id": "141_44", "lon": -6.25, "lat": 21.25}}, {"type": "Feature", "geometry": {"type": "Polygon", "coordinates": [[[-7.5, 22.5], [-7.5, 25.0], [-5.0, 25.0], [-5.0, 22.5], [-7.5, 22.5]]]}, "properties": {"cell_id": "141_45", "lon": -6.25, "lat": 23.75}}, {"type": "Feature", "geometry": {"type": "Polygon", "coordinates": [[[-7.5, 25.0], [-7.5, 27.5], [-5.0, 27.5], [-5.0, 25.0], [-7.5, 25.0]]]}, "properties": {"cell_id": "141_46", "lon": -6.25, "lat": 26.25}}, {"type": "Feature", "geometry": {"type": "Polygon", "coordinates": [[[-7.5, 27.5], [-7.5, 30.0], [-5.0, 30.0], [-5.0, 27.5], [-7.5, 27.5]]]}, "properties": {"cell_id": "141_47", "lon": -6.25, "lat": 28.75}}, {"type": "Feature", "geometry": {"type": "Polygon", "coordinates": [[[-7.5, 30.0], [-7.5, 32.5], [-5.0, 32.5], [-5.0, 30.0], [-7.5, 30.0]]]}, "properties": {"cell_id": "141_48", "lon": -6.25, "lat": 31.25}}, {"type": "Feature", "geometry": {"type": "Polygon", "coordinates": [[[-7.5, 32.5], [-7.5, 35.0], [-5.0, 35.0], [-5.0, 32.5], [-7.5, 32.5]]]}, "properties": {"cell_id": "141_49", "lon": -6.25, "lat": 33.75}}, {"type": "Feature", "geometry": {"type": "Polygon", "coordinates": [[[-7.5, 37.5], [-7.5, 40.0], [-5.0, 40.0], [-5.0, 37.5], [-7.5, 37.5]]]}, "properties": {"cell_id": "141_51", "lon": -6.25, "lat": 38.75}}, {"type": "Feature", "geometry": {"type": "Polygon", "coordinates": [[[-7.5, 40.0], [-7.5, 42.5], [-5.0, 42.5], [-5.0, 40.0], [-7.5, 40.0]]]}, "properties": {"cell_id": "141_52", "lon": -6.25, "lat": 41.25}}, {"type": "Feature", "geometry": {"type": "Polygon", "coordinates": [[[-7.5, 52.5], [-7.5, 55.0], [-5.0, 55.0], [-5.0, 52.5], [-7.5, 52.5]]]}, "properties": {"cell_id": "141_57", "lon": -6.25, "lat": 53.75}}, {"type": "Feature", "geometry": {"type": "Polygon", "coordinates": [[[-5.0, 5.0], [-5.0, 7.5], [-2.5, 7.5], [-2.5, 5.0], [-5.0, 5.0]]]}, "properties": {"cell_id": "142_38", "lon": -3.75, "lat": 6.25}}, {"type": "Feature", "geometry": {"type": "Polygon", "coordinates": [[[-5.0, 7.5], [-5.0, 10.0], [-2.5, 10.0], [-2.5, 7.5], [-5.0, 7.5]]]}, "properties": {"cell_id": "142_39", "lon": -3.75, "lat": 8.75}}, {"type": "Feature", "geometry": {"type": "Polygon", "coordinates": [[[-5.0, 10.0], [-5.0, 12.5], [-2.5, 12.5], [-2.5, 10.0], [-5.0, 10.0]]]}, "properties": {"cell_id": "142_40", "lon": -3.75, "lat": 11.25}}, {"type": "Feature", "geometry": {"type": "Polygon", "coordinates": [[[-5.0, 12.5], [-5.0, 15.0], [-2.5, 15.0], [-2.5, 12.5], [-5.0, 12.5]]]}, "properties": {"cell_id": "142_41", "lon": -3.75, "lat": 13.75}}, {"type": "Feature", "geometry": {"type": "Polygon", "coordinates": [[[-5.0, 15.0], [-5.0, 17.5], [-2.5, 17.5], [-2.5, 15.0], [-5.0, 15.0]]]}, "properties": {"cell_id": "142_42", "lon": -3.75, "lat": 16.25}}, {"type": "Feature", "geometry": {"type": "Polygon", "coordinates": [[[-5.0, 17.5], [-5.0, 20.0], [-2.5, 20.0], [-2.5, 17.5], [-5.0, 17.5]]]}, "properties": {"cell_id": "142_43", "lon": -3.75, "lat": 18.75}}, {"type": "Feature", "geometry": {"type": "Polygon", "coordinates": [[[-5.0, 20.0], [-5.0, 22.5], [-2.5, 22.5], [-2.5, 20.0], [-5.0, 20.0]]]}, "properties": {"cell_id": "142_44", "lon": -3.75, "lat": 21.25}}, {"type": "Feature", "geometry": {"type": "Polygon", "coordinates": [[[-5.0, 22.5], [-5.0, 25.0], [-2.5, 25.0], [-2.5, 22.5], [-5.0, 22.5]]]}, "properties": {"cell_id": "142_45", "lon": -3.75, "lat": 23.75}}, {"type": "Feature", "geometry": {"type": "Polygon", "coordinates": [[[-5.0, 25.0], [-5.0, 27.5], [-2.5, 27.5], [-2.5, 25.0], [-5.0, 25.0]]]}, "properties": {"cell_id": "142_46", "lon": -3.75, "lat": 26.25}}, {"type": "Feature", "geometry": {"type": "Polygon", "coordinates": [[[-5.0, 27.5], [-5.0, 30.0], [-2.5, 30.0], [-2.5, 27.5], [-5.0, 27.5]]]}, "properties": {"cell_id": "142_47", "lon": -3.75, "lat": 28.75}}, {"type": "Feature", "geometry": {"type": "Polygon", "coordinates": [[[-5.0, 30.0], [-5.0, 32.5], [-2.5, 32.5], [-2.5, 30.0], [-5.0, 30.0]]]}, "properties": {"cell_id": "142_48", "lon": -3.75, "lat": 31.25}}, {"type": "Feature", "geometry": {"type": "Polygon", "coordinates": [[[-5.0, 32.5], [-5.0, 35.0], [-2.5, 35.0], [-2.5, 32.5], [-5.0, 32.5]]]}, "properties": {"cell_id": "142_49", "lon": -3.75, "lat": 33.75}}, {"type": "Feature", "geometry": {"type": "Polygon", "coordinates": [[[-5.0, 37.5], [-5.0, 40.0], [-2.5, 40.0], [-2.5, 37.5], [-5.0, 37.5]]]}, "properties": {"cell_id": "142_51", "lon": -3.75, "lat": 38.75}}, {"type": "Feature", "geometry": {"type": "Polygon", "coordinates": [[[-5.0, 40.0], [-5.0, 42.5], [-2.5, 42.5], [-2.5, 40.0], [-5.0, 40.0]]]}, "properties": {"cell_id": "142_52", "lon": -3.75, "lat": 41.25}}, {"type": "Feature", "geometry": {"type": "Polygon", "coordinates": [[[-5.0, 47.5], [-5.0, 50.0], [-2.5, 50.0], [-2.5, 47.5], [-5.0, 47.5]]]}, "properties": {"cell_id": "142_55", "lon": -3.75, "lat": 48.75}}, {"type": "Feature", "geometry": {"type": "Polygon", "coordinates": [[[-5.0, 50.0], [-5.0, 52.5], [-2.5, 52.5], [-2.5, 50.0], [-5.0, 50.0]]]}, "properties": {"cell_id": "142_56", "lon": -3.75, "lat": 51.25}}, {"type": "Feature", "geometry": {"type": "Polygon", "coordinates": [[[-5.0, 55.0], [-5.0, 57.5], [-2.5, 57.5], [-2.5, 55.0], [-5.0, 55.0]]]}, "properties": {"cell_id": "142_58", "lon": -3.75, "lat": 56.25}}, {"type": "Feature", "geometry": {"type": "Polygon", "coordinates": [[[-2.5, 5.0], [-2.5, 7.5], [0.0, 7.5], [0.0, 5.0], [-2.5, 5.0]]]}, "properties": {"cell_id": "143_38", "lon": -1.25, "lat": 6.25}}, {"type": "Feature", "geometry": {"type": "Polygon", "coordinates": [[[-2.5, 7.5], [-2.5, 10.0], [0.0, 10.0], [0.0, 7.5], [-2.5, 7.5]]]}, "properties": {"cell_id": "143_39", "lon": -1.25, "lat": 8.75}}, {"type": "Feature", "geometry": {"type": "Polygon", "coordinates": [[[-2.5, 10.0], [-2.5, 12.5], [0.0, 12.5], [0.0, 10.0], [-2.5, 10.0]]]}, "properties": {"cell_id": "143_40", "lon": -1.25, "lat": 11.25}}, {"type": "Feature", "geometry": {"type": "Polygon", "coordinates": [[[-2.5, 12.5], [-2.5, 15.0], [0.0, 15.0], [0.0, 12.5], [-2.5, 12.5]]]}, "properties": {"cell_id": "143_41", "lon": -1.25, "lat": 13.75}}, {"type": "Feature", "geometry": {"type": "Polygon", "coordinates": [[[-2.5, 15.0], [-2.5, 17.5], [0.0, 17.5], [0.0, 15.0], [-2.5, 15.0]]]}, "properties": {"cell_id": "143_42", "lon": -1.25, "lat": 16.25}}, {"type": "Feature", "geometry": {"type": "Polygon", "coordinates": [[[-2.5, 17.5], [-2.5, 20.0], [0.0, 20.0], [0.0, 17.5], [-2.5, 17.5]]]}, "properties": {"cell_id": "143_43", "lon": -1.25, "lat": 18.75}}, {"type": "Feature", "geometry": {"type": "Polygon", "coordinates": [[[-2.5, 20.0], [-2.5, 22.5], [0.0, 22.5], [0.0, 20.0], [-2.5, 20.0]]]}, "properties": {"cell_id": "143_44", "lon": -1.25, "lat": 21.25}}, {"type": "Feature", "geometry": {"type": "Polygon", "coordinates": [[[-2.5, 22.5], [-2.5, 25.0], [0.0, 25.0], [0.0, 22.5], [-2.5, 22.5]]]}, "properties": {"cell_id": "143_45", "lon": -1.25, "lat": 23.75}}, {"type": "Feature", "geometry": {"type": "Polygon", "coordinates": [[[-2.5, 25.0], [-2.5, 27.5], [0.0, 27.5], [0.0, 25.0], [-2.5, 25.0]]]}, "properties": {"cell_id": "143_46", "lon": -1.25, "lat": 26.25}}, {"type": "Feature", "geometry": {"type": "Polygon", "coordinates": [[[-2.5, 27.5], [-2.5, 30.0], [0.0, 30.0], [0.0, 27.5], [-2.5, 27.5]]]}, "properties": {"cell_id": "143_47", "lon": -1.25, "lat": 28.75}}, {"type": "Feature", "geometry": {"type": "Polygon", "coordinates": [[[-2.5, 30.0], [-2.5, 32.5], [0.0, 32.5], [0.0, 30.0], [-2.5, 30.0]]]}, "properties": {"cell_id": "143_48", "lon": -1.25, "lat": 31.25}}, {"type": "Feature", "geometry": {"type": "Polygon", "coordinates": [[[-2.5, 32.5], [-2.5, 35.0], [0.0, 35.0], [0.0, 32.5], [-2.5, 32.5]]]}, "properties": {"cell_id": "143_49", "lon": -1.25, "lat": 33.75}}, {"type": "Feature", "geometry": {"type": "Polygon", "coordinates": [[[-2.5, 37.5], [-2.5, 40.0], [0.0, 40.0], [0.0, 37.5], [-2.5, 37.5]]]}, "properties": {"cell_id": "143_51", "lon": -1.25, "lat": 38.75}}, {"type": "Feature", "geometry": {"type": "Polygon", "coordinates": [[[-2.5, 40.0], [-2.5, 42.5], [0.0, 42.5], [0.0, 40.0], [-2.5, 40.0]]]}, "properties": {"cell_id": "143_52", "lon": -1.25, "lat": 41.25}}, {"type": "Feature", "geometry": {"type": "Polygon", "coordinates": [[[-2.5, 42.5], [-2.5, 45.0], [0.0, 45.0], [0.0, 42.5], [-2.5, 42.5]]]}, "properties": {"cell_id": "143_53", "lon": -1.25, "lat": 43.75}}, {"type": "Feature", "geometry": {"type": "Polygon", "coordinates": [[[-2.5, 45.0], [-2.5, 47.5], [0.0, 47.5], [0.0, 45.0], [-2.5, 45.0]]]}, "properties": {"cell_id": "143_54", "lon": -1.25, "lat": 46.25}}, {"type": "Feature", "geometry": {"type": "Polygon", "coordinates": [[[-2.5, 47.5], [-2.5, 50.0], [0.0, 50.0], [0.0, 47.5], [-2.5, 47.5]]]}, "properties": {"cell_id": "143_55", "lon": -1.25, "lat": 48.75}}, {"type": "Feature", "geometry": {"type": "Polygon", "coordinates": [[[-2.5, 50.0], [-2.5, 52.5], [0.0, 52.5], [0.0, 50.0], [-2.5, 50.0]]]}, "properties": {"cell_id": "143_56", "lon": -1.25, "lat": 51.25}}, {"type": "Feature", "geometry": {"type": "Polygon", "coordinates": [[[-2.5, 52.5], [-2.5, 55.0], [0.0, 55.0], [0.0, 52.5], [-2.5, 52.5]]]}, "properties": {"cell_id": "143_57", "lon": -1.25, "lat": 53.75}}]}